% # columns="iteration, evaluation, sigma, max axis length,  min axis length, all principal axes lengths  (sorted square roots of eigenvalues of C)", seed=486873, Sun Jun 14 18:50:23 2026
1 16 3.550856614051726 1.0000492199612625 1.0 1.0 1.0000007812503051 1.0000015625012206 1.0000023437527465 1.0000031250048829 1.0000039062576294 1.0000046875109863 1.0000054687649538 1.0000062500195313 1.0000070312747193 1.0000078125305176 1.0000085937869263 1.0000093750439456 1.0000101563015749 1.0000109375598147 1.0000117188186648 1.0000125000781253 1.0000132813381961 1.0000140625988774 1.000014843860169 1.0000156251220709 1.0000164063845833 1.000017187647706 1.000017968911439 1.0000187501757822 1.000019531440736 1.0000203127063003 1.0000210939724747 1.0000218752392596 1.0000226565066548 1.0000234377746604 1.0000242190432762 1.0000250003125026 1.0000257815823392 1.0000265628527862 1.0000273441238436 1.0000281253955117 1.0000289066677897 1.0000296879406783 1.000030469214177 1.0000312504882864 1.000032031763006 1.000032813038336 1.0000335943142764 1.000034375590827 1.0000351568679882 1.0000359381457598 1.0000367194241415 1.0000375007031337 1.0000382819827365 1.0000390632629494 1.0000398445437728 1.0000406258252066 1.0000414071072505 1.000042188389905 1.00004296967317 1.0000437509570452 1.0000445322415308 1.000045313526627 1.000046094812333 1.00004687609865 1.0000476573855772 1.0000484386731145 1.0000492199612625
2 32 3.4197031636121467 1.0194734235363545 0.9840381142556621 0.9840381142556621 0.9870159616415466 0.989661792212973 0.9922023487564184 0.9943057417419348 0.9959997496564827 0.9971678946962991 0.999059125891479 1.0000030481283866 1.000003195006666 1.0000048146855807 1.000006432213234 1.0000068519036076 1.000007576412194 1.0000089848196414 1.0000103295049754 1.000010590364003 1.0000112475844203 1.0000117390054404 1.0000137329774228 1.0000142651542367 1.0000151645270945 1.0000162426275743 1.0000173184666066 1.000017581284136 1.0000186281114753 1.0000193346022452 1.0000204755867954 1.0000208814900362 1.0000219408062523 1.0000233188152667 1.0000246511573443 1.0000248053777152 1.000025471810669 1.0000262684979817 1.0000275471867723 1.0000288064306733 1.0000292326375269 1.0000302890020587 1.00003052181866 1.000032521543301 1.0000336706055766 1.000034348631054 1.000035017617413 1.0000362284155848 1.0000366094439426 1.000037884417486 1.000038711164266 1.0000395235430435 1.0000400194342742 1.0000407572730923 1.0000431430180021 1.0000439764670441 1.000045138961149 1.000045648904435 1.0000467688088568 1.0004233038057544 1.0007531271464651 1.0015303926446135 1.0035797168378198 1.0052564246063054 1.0066818061070266 1.0092366422398407 1.0194734235363545
3 48 3.3269844606647863 1.0198979217186936 0.9832268129898328 0.9832268129898328 0.9845804480576422 0.9864646465967579 0.9876607246015957 0.9894945757252979 0.9901038275623788 0.9920088592582068 0.9932119264250983 0.9939222776082545 0.9948602704474294 0.9965660242822084 0.9967460593313635 0.9977629602400633 0.9983095028880348 0.9992608313272504 0.9995802568425212 1.0000063870580456 1.000006727486781 1.0000074235063239 1.000011382331201 1.0000123080311476 1.0000137862665173 1.0000150840476305 1.0000160849348925 1.0000169614431618 1.0000179231388473 1.0000191817022996 1.0000195792863744 1.0000203567490926 1.000022222650957 1.0000228404389102 1.0000236921894854 1.0000246286929335 1.0000256973926784 1.0000277158405053 1.000028660988999 1.000029017279751 1.0000296751792592 1.0000315028980806 1.0000327865190692 1.0000338692319468 1.0000353447472443 1.0000355862159083 1.0000367525259113 1.0000386969533008 1.0000403268064693 1.0000407217077731 1.0000434209273736 1.0002701880476919 1.0002911928809648 1.0005155867702773 1.0007567391588708 1.0012058836850646 1.0018628519484707 1.002569556671306 1.003587925552954 1.0044917675540763 1.005619423015208 1.0063680863494655 1.0080331623542298 1.0094434052210544 1.0105344973723358 1.0191973642718941 1.0198979217186936
4 64 3.245115778658093 1.023246046162601 0.9817646669558121 0.9817646669558121 0.9826060488644943 0.9849018791662394 0.9863979880489984 0.9867649737552694 0.9879935872618522 0.9888338228673769 0.9899657518020608 0.9914805660397336 0.9921596372729856 0.9935379826103395 0.9940327880011192 0.994257978126552 0.9962694384272728 0.9970775990550887 0.9971613897848275 0.9978969528109097 0.9981681261058902 0.9982141863891479 0.9987212247269369 0.9988977626143517 0.9995367374981263 0.9995715457623229 0.9997589308633987 1.0000119597216242 1.0000142319402023 1.00001531385134 1.0000180045374056 1.0000193973564553 1.0000221358237376 1.0000222986801117 1.0000240345347404 1.0000264587791832 1.0000269041104866 1.0000286770087001 1.0000296101032533 1.0000323960600481 1.0000334608825614 1.0000344230204077 1.000036232998695 1.0001171712511783 1.0001762007189368 1.000234247204733 1.0004193825895777 1.000479434019392 1.0005313966721334 1.00082281604898 1.0011984581594109 1.0014249099215535 1.001747632446702 1.0025131617326373 1.002973350334156 1.0035673744821414 1.0038425869726963 1.0044061430129518 1.00530197373325 1.005707633810071 1.0078505608874309 1.0083087733330567 1.0104693948656411 1.0107213889739786 1.0180011106565032 1.0182937273983346 1.023246046162601
5 80 3.174578424346816 1.0296294700896036 0.9799842018508417 0.9799842018508417 0.9815636719398537 0.9827195341442339 0.9844437889995734 0.9846819925715138 0.9854888281380384 0.9870291520794939 0.9893878713955209 0.9901265190115581 0.9904721985848932 0.9909044352902506 0.9917054270751782 0.9923570573304065 0.9938622682114959 0.994952988149913 0.9960089713508475 0.996265844900479 0.9966155335923425 0.9969642120993212 0.9977699721247972 0.9981382276644059 0.998186888134624 0.9985945796646172 0.998760606768055 0.9988748653801641 0.9991570212868442 0.9994098019770343 0.9996684940406263 0.9996769645557387 0.9998532367350573 0.9999169468937111 0.9999876700675833 1.0000243457074518 1.000038439175185 1.0000466083062955 1.0001069052971214 1.0001204606234622 1.0001951099839177 1.0003748671060873 1.0004612673376816 1.0005041639121328 1.0006553695623939 1.0007699203108318 1.0010469814751675 1.00128698256463 1.001562842711016 1.0017073174008109 1.0022005750132361 1.0023305487251792 1.0033194023695688 1.0033767745054603 1.0039919507963873 1.0045735918791503 1.005260193382541 1.0055840820515352 1.0068727855738535 1.0077627444720645 1.0079821707183247 1.0101983971971273 1.0121798731370628 1.0178026867942864 1.0180449139510044 1.0202162772259493 1.0296294700896036
6 96 3.1265493857117748 1.032232856840461 0.9772005623185079 0.9772005623185079 0.9791044471324554 0.9819187608959418 0.9823228219479888 0.9845098491411893 0.9855720330557532 0.9863000075175536 0.9876490175098093 0.9884237999347736 0.9894230963537688 0.9897489747128363 0.990454873153352 0.9912042045280272 0.9917285968608938 0.9928172206906287 0.9940496802132996 0.9947270551442611 0.9948131190456987 0.995233058583021 0.9959463289871566 0.9967979253862037 0.9972855839321249 0.9977646590726618 0.9983655832855732 0.9986490928082558 0.9987015265326734 0.9989524355804104 0.9991380873521227 0.9992253314566162 0.9993895472435639 0.999538907012874 0.9998273308662713 0.9998620464897437 0.9999924565844672 1.0000674399491793 1.0001848411242709 1.000229025332079 1.0002770930605938 1.0003851079430188 1.0004974808072429 1.0009335974337796 1.00124889563209 1.001399821832473 1.0016915890934066 1.0021813632878902 1.0024701073623188 1.0030133617309334 1.003259303479214 1.0034512006301481 1.0036985842092958 1.004022415539244 1.0048459023288827 1.0057868175456806 1.006612744889859 1.0077620587429152 1.008326196211026 1.0088260706449588 1.0100930029304542 1.010362622735062 1.0117011017893838 1.017681249384015 1.0185100707862533 1.0215740249680043 1.032232856840461
7 112 3.1024521293287437 1.035655888502748 0.976261868156337 0.976261868156337 0.9776694010610703 0.9807353695788551 0.9818854034811755 0.9824826549916205 0.9841406967141844 0.9844648601141385 0.9864616531768607 0.9873121839126454 0.9877117939233866 0.988379083379804 0.9894344315015586 0.9903198888784159 0.991191940037522 0.9913559131754848 0.992017191123915 0.9923371466817427 0.9927899823629294 0.994412405502234 0.9952720139544816 0.995397734465564 0.9962938572414711 0.9965527468410106 0.997007197909238 0.9975575616486076 0.9981463699910413 0.9984567643823169 0.9986725834326868 0.999072114142086 0.9991645945816362 0.9992773900074436 0.9993395754953968 0.9995825448604241 0.9997469035035326 0.999894764307389 1.0001293977905452 1.0003052494148301 1.0004289353483011 1.0006695043729754 1.0008760166195247 1.0013866859054177 1.0015269230426953 1.0016061679245956 1.0019370728506152 1.0026182069103267 1.003125293137346 1.0032963194934548 1.0035059650374678 1.0036708654567097 1.004368382351206 1.0054282506624699 1.0059502022158786 1.006449215515674 1.006943316960631 1.0080287510784327 1.008690918186051 1.0099207132517043 1.01073952679024 1.0118882651927825 1.013094435453565 1.0192608612770118 1.0206188575504074 1.0244878171407572 1.035655888502748
8 128 3.08383777383067 1.0415382988027395 0.9743713134404759 0.9743713134404759 0.9759065732301061 0.9773798970718138 0.9780928923721656 0.9816306069245959 0.9821745345218761 0.9843344549326752 0.9855819522575223 0.9857466669805324 0.9867528063797228 0.9872903068454031 0.9879334066725671 0.9891384435729057 0.9903753604116073 0.9909182443804941 0.99140152066728 0.9915283899549666 0.9926337005265947 0.9930825223719341 0.9944543438368711 0.994630527402632 0.9955174870590504 0.995894456399648 0.996587815539227 0.9968633319336901 0.9969798604140943 0.9974676309661502 0.9975670647404272 0.9982376025358634 0.9986975590664267 0.9989036802454593 0.9993160048041156 0.9993493058120332 0.9995577442554455 0.9998216990143717 0.9999456608797709 1.0001226381002162 1.0003427812111712 1.0009038345779138 1.0013760770321471 1.0015047851235923 1.0019857322243777 1.0021617215315795 1.0025276089960364 1.0026351013522583 1.0029681945408069 1.003573668594801 1.003917570061669 1.0045048810150845 1.005080499569049 1.005679466624145 1.0063833654683523 1.007075133428547 1.0090166546055452 1.0090668297106338 1.010199143431856 1.0109099119887142 1.0117410607994297 1.0129064316723952 1.019616809183051 1.0208357374882349 1.0217896642156559 1.0249645108747434 1.0415382988027395
9 144 3.074766743098098 1.0483548887398448 0.9741249300024705 0.9741249300024705 0.9754567898835571 0.9763232894407283 0.9773426094395005 0.9796906208973778 0.9801571815349206 0.9810135667686644 0.9831711153117129 0.9839473829563017 0.9855424119835585 0.9862903912262182 0.9868253916344186 0.9884723187841751 0.9888979596208535 0.9899682386778882 0.990753875018358 0.9910284212877634 0.9922800028442277 0.9930156067908951 0.9932870056430525 0.9938945299350019 0.9941359921209932 0.9955022772460526 0.9958340993101007 0.9959103966734629 0.9966332923396308 0.9967606705099407 0.9973984698943144 0.9976117549413078 0.9981893143718494 0.9986462951999726 0.9990380290340457 0.9992389367255032 0.9995040187593813 0.9996526303082621 0.9999989460625412 1.000156256841571 1.000642292327987 1.000837829359573 1.0013599368402097 1.0014080184341378 1.0018659330647133 1.0023521832966757 1.0024806519169527 1.0029710809894719 1.003299533882515 1.0037809740098047 1.004332599003463 1.0054972428576974 1.0060131621829578 1.0067630378286647 1.007463202252019 1.0077158150386574 1.0095374473601977 1.010351064713747 1.0107059505634663 1.0111523024345825 1.0125395945638185 1.0145459958625802 1.0191183441503113 1.0213782674121323 1.022527879161065 1.0262631010184549 1.0483548887398448
10 160 3.0740745243644443 1.0561819877379304 0.9722108004054342 0.9722108004054342 0.9748585113240472 0.9758449997997651 0.976695575819114 0.9787233421488925 0.9799902202979478 0.980531993318477 0.9818546951856111 0.9839121760436882 0.9842672323034248 0.9854114706182701 0.986183226742968 0.9872947862421984 0.987627765808083 0.9885233919407297 0.9895004069280003 0.9899929916167399 0.9912906017310111 0.9916433192271459 0.992517119901989 0.9931482733431157 0.9939020928408941 0.9944692126889036 0.9952497613977537 0.9958125995313278 0.9963659419708919 0.9965036982290417 0.9971261756420884 0.9974245600497541 0.9979737849048254 0.9982207113279543 0.9984237858501932 0.9988078494561449 0.9990822122060818 0.9992610085335247 0.999697467196823 0.9999155506594283 1.0002572872542088 1.000838994884048 1.0011581812454555 1.0015857956134346 1.0022260874195887 1.0022401692954228 1.0025206464256107 1.0031549844124805 1.003309098984337 1.0038759021202668 1.0044671332958668 1.0049069142736275 1.006440430633031 1.0067467288127754 1.0076240230329765 1.0083724424100506 1.009458359799266 1.0109096386471301 1.011367541148349 1.0123940264077789 1.013420128578342 1.0177033507557038 1.0194546252301873 1.022602997146554 1.025543994229444 1.0284692948315197 1.0561819877379304
11 176 3.067430862133337 1.0650039915781646 0.9718510186960876 0.9718510186960876 0.9738806193297014 0.9745832703862894 0.9746951739470192 0.9754531340863669 0.9781498376059548 0.9786985664654188 0.9812671847553197 0.9819343068889328 0.9828245950186267 0.9851832944290172 0.9856290932473748 0.986107330102021 0.9873824582452574 0.9878475688288969 0.9888527568318314 0.9893100946817518 0.9904159177639562 0.9914304076754321 0.9917131598225052 0.9923953646874967 0.9934215118706871 0.9941725004470158 0.9945253322909049 0.9950711190158871 0.9954509244561714 0.9961659245196508 0.9965864089232059 0.9968684247963232 0.9976751344445484 0.9979128507261786 0.9982083422365725 0.9987715672203644 0.998823109880574 0.9993787206231237 0.9995225043050119 1.0002440001135058 1.0005443062359252 1.000864518411435 1.0011281918326047 1.0014884547313898 1.0023360056635475 1.002582195554041 1.0027439176534052 1.003604434626294 1.003689217612337 1.0045215311865552 1.0050032337955634 1.0064917193545106 1.0066304710498855 1.007530688268051 1.00881795039979 1.009485812724022 1.0101100195763864 1.0112907334737393 1.012400579532617 1.0128133669992139 1.0145821692176036 1.018422573035098 1.0195185341146973 1.022419637320919 1.025180604105806 1.0301155060535603 1.0650039915781646
12 192 3.0516116485404456 1.07277637519712 0.969125493788531 0.969125493788531 0.9717437384495566 0.9739356314935437 0.9743430041181109 0.974614134981502 0.9770897684689415 0.9782211150837723 0.980220761383559 0.9807272323449748 0.9812738123691388 0.983412427016852 0.9844515850543067 0.9852524682217543 0.9863651281878252 0.9879233522293649 0.9886147867702268 0.98885821774509 0.9897975519514249 0.9901592945101824 0.9911106996599239 0.9913814678324104 0.9931021625060017 0.9934856192978924 0.9942125723977667 0.9943146716269681 0.9944851183543078 0.9954885790217505 0.9958886718658949 0.9966092661168873 0.99725198853828 0.9976529734179451 0.9980399606749026 0.9984098460643199 0.9993597944747701 0.9996560308123219 0.9998347802271261 1.0001894107659326 1.000497792597295 1.0009808429497766 1.0013459495833241 1.0016033849983959 1.0020329511711323 1.0021442668007159 1.0032371164581402 1.004398720853312 1.0046113836527777 1.0051186485730537 1.005881175245869 1.0065289054464948 1.007126115728273 1.0084459408478355 1.0090882668551528 1.0099235704534772 1.0110992041638205 1.0120944181216478 1.0128300000171881 1.0134296113610832 1.015167213115426 1.018476172752384 1.0210511353182927 1.0229901431608024 1.0267711875312209 1.0309454347843825 1.07277637519712
13 208 3.05016461391745 1.079727074490093 0.9676372223344569 0.9676372223344569 0.9714226865542208 0.9721549520066343 0.973847599925312 0.9745835449740625 0.9747101265446104 0.9762432661171242 0.9779222297761552 0.9803538582299941 0.9807227763088249 0.9813604049661254 0.9835811833436136 0.984847511713177 0.985131830484693 0.9871456642682487 0.9880851964339448 0.9885717842430073 0.9887828240745398 0.9894336512095367 0.9908778357370704 0.991183596689879 0.9920357683142846 0.9923134387502096 0.9932575694302002 0.9936750316977288 0.9938228941498948 0.9953596049100786 0.9955346032125689 0.9963899805291734 0.996556130280801 0.9977208318712345 0.9977556914449245 0.9978862790528642 0.9987960758292875 0.9992162498379233 0.999547644295858 1.000552159965435 1.0008266157414254 1.001027166195585 1.001473370211923 1.001732027624868 1.0023785578226294 1.0028159230985603 1.0040033081686708 1.0045907236767244 1.005001410996134 1.005506320787202 1.0061459216124569 1.0071546929244533 1.0079925621010852 1.0089054450004864 1.0095924118568054 1.0102990207248712 1.0123445257640922 1.0132202227756892 1.0134821051702723 1.0138691040060361 1.0178828031265679 1.020622069709548 1.0213330855967975 1.0247797325587225 1.0288976780497663 1.0338745912542793 1.079727074490093
14 224 3.0547603215816372 1.087186656611561 0.9679188726929221 0.9679188726929221 0.9693258068737707 0.9712972720511408 0.9728074381160947 0.9731026457530252 0.9749141499417922 0.9759936004512649 0.9774276243094585 0.9789870426205227 0.9805453379241308 0.9809126593538937 0.9814565248106433 0.9833070709507635 0.984764396712134 0.9859236079710629 0.987093400556045 0.9874942358135332 0.9889082029078031 0.9891448409680753 0.9896392705919292 0.9906572593782561 0.9908269445641267 0.9919426038347026 0.9921334362277416 0.9927453268246377 0.9937356948336717 0.9944230502386451 0.995353855682815 0.9959271776389154 0.9969808983859244 0.9973978535656824 0.9977409006107645 0.9978970215955718 0.9984622059899301 0.9987849756246485 0.9995719855711033 1.0006941595486718 1.0009152475757777 1.001169939493832 1.0015054069636646 1.0018703321375328 1.0020933295124304 1.0036570062570223 1.0039306163262316 1.0046659781714358 1.0049890418982026 1.0057677954407922 1.0067010909387142 1.0076378382443532 1.0093062116004647 1.009968104643338 1.0107473857687486 1.0117166163545608 1.0122781204172624 1.0128845705377012 1.0138792218307242 1.016532168718078 1.0176694854208295 1.0206721810343835 1.0227198885282724 1.024791014017828 1.029635453223047 1.0344001622491779 1.087186656611561
15 240 3.0420940467419344 1.0939793086062364 0.9665913256736738 0.9665913256736738 0.9681099632896998 0.9694035663500368 0.9717321111731297 0.9722998734599103 0.9731760254761103 0.9750565269147906 0.9765488118159686 0.9784118496900381 0.9791190237149295 0.9809740549441412 0.9814861362940623 0.9825966837083896 0.9836867092234646 0.9846593831852517 0.9857651164207422 0.9877114530354192 0.9879631087554859 0.98834775295044 0.9891556321624609 0.98995974048984 0.9910460302402709 0.9912361698981573 0.9916412302004988 0.9918628208082376 0.9933357759029025 0.993509017311123 0.99498395915956 0.9960552646523163 0.9961653203097472 0.9966381431914869 0.997275673020735 0.9979198452683218 0.9988632527887417 0.9992207981324717 0.9995856547624434 1.000248973061407 1.0005158810757804 1.0008759323956375 1.0013657304792902 1.0026163865658078 1.0033380618676127 1.0036119511550414 1.0042368219123847 1.0043915189210386 1.0047973224134232 1.006586985816513 1.0072212418341226 1.00925449797802 1.0097995225935057 1.0099738257030002 1.0103380311389107 1.0116761065351019 1.0125430717035995 1.0134862342544644 1.0151679606250075 1.0177940821252165 1.0197817076549338 1.024000248342505 1.0249329569942982 1.0253177681606462 1.029571450037062 1.0332669717372198 1.0939793086062364
16 256 3.066991496243582 1.1015414482785928 0.9643804234601239 0.9643804234601239 0.9671649590534002 0.9687107179183821 0.9709223250029267 0.972350859535722 0.9725630313739291 0.9737040456803868 0.975314260040692 0.9774523526375964 0.9787564093193881 0.9798414863900317 0.9807216521013186 0.9816717367970491 0.9831736461602157 0.9845399448035751 0.9850244383446196 0.9859516857425168 0.9868923751536844 0.9876865818793016 0.988637238883827 0.9888110449663293 0.9898022201896876 0.9905050129887336 0.9909664462425556 0.9913525642562576 0.9927319077223863 0.9937831442939953 0.9951612022305651 0.9957244166223419 0.9959056816456424 0.9962602489295844 0.996682467919506 0.9974560780266692 0.9979977559240092 0.9988830033615279 0.9994552750500303 0.9999981521416225 1.0003607659413125 1.0012119605550516 1.0021667818845381 1.002438308572016 1.0031791914360724 1.0037847779059113 1.0040864986484868 1.005259780843961 1.006396207916441 1.0066132185518624 1.0079113279360468 1.008500274468374 1.0099293740025912 1.010150120803499 1.01082572600426 1.0120064690362325 1.0123959080456688 1.0143455409357798 1.0171110158718575 1.019487911264952 1.020130904623362 1.0247315307547682 1.025835622301014 1.0262569782986544 1.029953919513506 1.0341682444781368 1.1015414482785928
17 272 3.1116469257854336 1.1117758622905531 0.964213157033572 0.964213157033572 0.965731956369916 0.9665591753250168 0.9686049372593831 0.9709659484928079 0.9721574931485855 0.9728774690015075 0.975045953900083 0.9765033061801679 0.9774307722532891 0.9794925819979979 0.9805189072403115 0.981454408457461 0.9824306579054635 0.9825335894159356 0.9846115668420438 0.9849692679836701 0.9867947471016267 0.9871587691499689 0.9877823146210727 0.9881076506297127 0.988954877542615 0.9901440039577862 0.9904087225185174 0.9919186617894358 0.9928168832892277 0.9932445620383642 0.9942457479164223 0.99540167087455 0.9958280676844836 0.9962249775602124 0.9967104097785978 0.9979378654444376 0.9982646277768117 0.998660440910221 0.9995285756714319 1.0001916426838722 1.0006236006293074 1.0016852144828188 1.0019508210124273 1.0027594978362928 1.0034854654102485 1.0036376160805864 1.0040804958346048 1.0049954500126863 1.0062429559810642 1.007229994952833 1.0079061678159542 1.0086736951641186 1.0097447371339756 1.0105908462819273 1.0122971546611472 1.01243604147554 1.0142984110342383 1.0167223823715632 1.0171995058946337 1.0196781032244255 1.0209390122445854 1.0254806382093664 1.0270095127521253 1.0286316228832537 1.0309995425226912 1.0333480243006907 1.1117758622905531
18 288 3.159572213524177 1.1227736468005216 0.9612148583518764 0.9612148583518764 0.9645661465637881 0.965146841087107 0.9681770200032258 0.9700689547383619 0.9722064041208585 0.972659330858539 0.9727403195132615 0.9760592956948394 0.9772359117145983 0.9786622231036594 0.9794088119961174 0.9815331427687618 0.9823834014720617 0.9833201716988648 0.9833845757118006 0.9848036569920909 0.9852211351328165 0.9867218916329508 0.9873388387705424 0.9878104475570829 0.9883895850212033 0.9891641741842265 0.9901537373197558 0.9908390987621792 0.9920296803737513 0.9931916000898587 0.9936654705534506 0.993915824634819 0.9954681508818227 0.9960745139996964 0.9967887064294507 0.9974489903347287 0.9982774588704112 0.9989029488934507 0.9994009965482404 0.9996805999809316 1.0005161492665935 1.0012816651321097 1.0018388407108432 1.0032949100286068 1.0033554704289962 1.0039152491057155 1.0045284733010074 1.0051306533096487 1.0072732950264984 1.0076647346624632 1.0084655707701737 1.0095381792213 1.0100171842409529 1.0120881715638195 1.012765230508542 1.014001861862026 1.0147434934362476 1.0161959638183033 1.0181953876232384 1.0204387025562864 1.0217758886966417 1.0252931122376205 1.0283499181193216 1.0288140041455296 1.0302501080313047 1.036036032334879 1.1227736468005216
19 304 3.2275923464601295 1.1358094075448124 0.9610617726146008 0.9610617726146008 0.9620845298112767 0.9639139702653736 0.9667939781023618 0.967837969015822 0.9705210471868516 0.9719134854154728 0.9719932995972471 0.97531558563297 0.9764797089195548 0.9769824033553405 0.9785304585232657 0.9801303643308077 0.9811544973781618 0.9815229076703228 0.9830581727005774 0.9843467009058204 0.9852128520372154 0.9866199025980618 0.9870360507886256 0.9873320505157773 0.98803189003429 0.9889166672834435 0.9902494435032259 0.9908473390051916 0.9912676731574639 0.9922745792859492 0.9929313018910566 0.9937379847825867 0.994062277679451 0.9950845539673624 0.996615659599708 0.9972066883288102 0.9978262492259488 0.9990481218844316 0.9993398039871241 1.0004174429926038 1.0009133753468542 1.0013430083321193 1.0015546931520989 1.0033866320613165 1.0040706273076334 1.004474718799872 1.0050950621061139 1.0061340871865492 1.0063709372813017 1.0080469507121137 1.0090174612847405 1.0096650433527408 1.01131399971535 1.012935580704771 1.0135726970491974 1.0145567231083215 1.0155136118651484 1.0161638927470173 1.0195747401534794 1.022231876680859 1.0228440469343265 1.0269683610519391 1.0285866092122276 1.0291617224746872 1.0318986082835044 1.0379549250500009 1.1358094075448124
20 320 3.2971067862894246 1.1499716067373824 0.9588477488782208 0.9588477488782208 0.9606138102518794 0.9632601812375227 0.9658316678242304 0.9665378780977354 0.9693692673578935 0.9708017691556996 0.9719789700208117 0.9740053557741983 0.9754068210825223 0.9767416307055676 0.9782891256838179 0.9798895589776727 0.9804966148453785 0.9818441191100088 0.982708027780355 0.9833105825555829 0.9846864007604696 0.9858717740640309 0.9864314564165854 0.9871127116581713 0.9874241077378938 0.9886411779971641 0.989614883464376 0.990118391951736 0.9908318938714881 0.9914304283361608 0.9924739390502321 0.9929832116873573 0.9939656373543372 0.9957971319993104 0.9963041569314892 0.9967711450924672 0.9977738280528098 0.998779796991937 0.9992393583704002 1.0002926854711425 1.0010276366817992 1.0019126276082482 1.0022697518644843 1.0032233087811062 1.003788359957845 1.0041645199435993 1.0054273799526945 1.0057073599075719 1.0073477365995427 1.0087713175705875 1.0094692567696895 1.010571359187617 1.0119195854045113 1.012946793007435 1.0135888421168135 1.0150588934950098 1.0156119393403078 1.0173931544269208 1.0208726406642241 1.0226262871403864 1.023633924024504 1.0276981488058023 1.0281848429718834 1.0301904411521716 1.0334017981059935 1.03978792409551 1.1499716067373824
21 336 3.352725928256492 1.1635882004350697 0.9577117488191317 0.9577117488191317 0.9604315730971396 0.9632510511705178 0.9654860778538957 0.9663410670358671 0.9683921872139868 0.9696473119381066 0.9715228107742527 0.9720795905068728 0.9751447777026698 0.9758093784734786 0.9765787196470159 0.9783698308938044 0.9792926016034542 0.981284661357843 0.9824957140079122 0.9828922657223673 0.9848834586212972 0.985089043584142 0.9860790553597906 0.9865242854728933 0.9872090604380019 0.9879738669426876 0.9888807384971965 0.9892616841311527 0.9908004007504956 0.9915073977626361 0.9919867369589065 0.9930473242469393 0.9933588024681799 0.9952203959906403 0.9961144907278819 0.9963931232103374 0.9969875438099791 0.9975420705638066 0.9984859115948008 0.9996970216375219 1.0010057327457893 1.00153203379161 1.002743272919895 1.0032993518187963 1.0037231999838776 1.0040288257172754 1.0050583931448809 1.0066103073487194 1.0077899912467592 1.0093670331747429 1.0102046001910951 1.0114773655650917 1.0123051335408884 1.013194547371575 1.0140882431092544 1.014573235888142 1.0157431990521781 1.0183955406900502 1.0208205185565922 1.0235219783489606 1.0245140100153456 1.0280363804226071 1.029085750659182 1.0295778782755485 1.0350859926248481 1.0423309006580326 1.1635882004350697
22 352 3.3751948714110904 1.1746314970965983 0.9577304796827083 0.9577304796827083 0.9588347575340421 0.9629451242755044 0.964640423983056 0.9661634848189701 0.9672890844088489 0.9695137940835108 0.9714833185856822 0.971847363994531 0.9739556314738063 0.9748897390808366 0.9765579535224619 0.9769095560684244 0.9791165799073449 0.981587012583192 0.982555748335229 0.9828476797546631 0.9840340271110686 0.9849472361937371 0.9858244805944111 0.9863377548560743 0.9865326824935088 0.9871858845123677 0.9879852147328211 0.9889888904925344 0.9899235744892304 0.9911464455985918 0.9926345586087673 0.9927993510561719 0.994086214219754 0.9951626215084888 0.9953099021046785 0.9957595206670252 0.9966067323269266 0.9977593692502059 0.9989645822076489 1.000099742523338 1.000249697049482 1.0020292905023689 1.0030133389425666 1.0033573326518515 1.003596120478077 1.0043969829035726 1.0054892932056194 1.0062161789133537 1.0074581482119018 1.0095374092163873 1.0110634200025386 1.0112179503391139 1.012567742369321 1.0130345855975953 1.0135233728447608 1.0159927283750692 1.017423095323595 1.0198238450630495 1.0217012882230525 1.0235497378343315 1.0241522145302784 1.0271576598569268 1.029502864937173 1.029657566973739 1.0365920483406632 1.046447733918852 1.1746314970965983
23 368 3.3901271553954895 1.1856203438435724 0.9566976918720277 0.9566976918720277 0.958529951569586 0.9620553656987962 0.9635776078528792 0.9652082728922098 0.9658514968122103 0.9683435514353524 0.9701298507243893 0.9724481119389153 0.9725397109434678 0.9750646989837096 0.9763365418037225 0.9769030961856142 0.9776697690097129 0.9792482607509274 0.9811554301417705 0.9819584672771324 0.9832053896514191 0.9848929348049452 0.9854816295841354 0.9856886089537035 0.9865674939721188 0.9873965107688266 0.9877064616412075 0.9881565716805766 0.9899292589496864 0.9906748011860479 0.9918529095518699 0.9930413985964581 0.9932604557194816 0.9948467954818041 0.9953306344729504 0.9957045303397946 0.9968828919732725 0.9976585709183347 0.9984287565551118 0.9991157028331727 1.000289998446737 1.001358948878652 1.0028122446216847 1.0031031808511754 1.0039912831056734 1.0054284661850839 1.005729619042398 1.0066265745770973 1.0073497223558132 1.009084662919624 1.010296720700832 1.0115713174645335 1.0119282141939867 1.0131002347858065 1.0137484625834252 1.0163672399168222 1.0171472874741263 1.0200997577819895 1.0225411824513095 1.023658663011893 1.0245248320596703 1.0272530399994477 1.0293219161530316 1.0314100107036503 1.0354789394422212 1.04898813077637 1.1856203438435724
24 384 3.40356931151707 1.1953976540163627 0.9556634071073917 0.9556634071073917 0.9576329555148971 0.9618030845258313 0.9620906069735583 0.9639943354972305 0.965233464735916 0.9687524853154649 0.9699086160309781 0.9714441100007335 0.9719209978236634 0.9745475902177624 0.9756244315307877 0.976681556985094 0.9777272604139097 0.9781210320792278 0.9813109480381597 0.9816690087244125 0.9821890506147072 0.9833911531146156 0.9843178246145781 0.9853913117373673 0.9862805126529651 0.9868282381521131 0.9875375433186769 0.9889007868243465 0.9890684690237608 0.9899538488600418 0.9911197854581899 0.9919488815487356 0.9933593320819063 0.9938571316030765 0.9948868758219338 0.9952322667751207 0.9960572511212114 0.9977228628410724 0.9982072600234182 0.9985840382086943 0.9995571456640344 1.0012278052021768 1.0024505509383397 1.003039563280413 1.004112405649415 1.00465371002607 1.0057012089364858 1.0070669701051684 1.0072012806741306 1.0086593163512028 1.0097883901537994 1.0119274985056923 1.0122851718556996 1.0136791204244966 1.0149364680767445 1.0164720544414085 1.0191158228193855 1.0197511203883458 1.022940876070854 1.0233978440839517 1.0247134216187372 1.0269341158771692 1.0287739005059946 1.031569189832211 1.0357908850379582 1.0509823114730503 1.1953976540163627
25 400 3.4396974414184385 1.2043802157503813 0.9550206596243451 0.9550206596243451 0.9573180157389932 0.9611840138248415 0.961833296236185 0.9624245669849834 0.9656153847290576 0.968476085547263 0.9695775037642237 0.9705202472953502 0.9708818162786569 0.9740575614368473 0.9753877831248114 0.9769455157444907 0.9775651011539642 0.9792521138425732 0.9808776740013945 0.9816882499754911 0.982023697056383 0.9832638831608783 0.9833827360906806 0.9847085543002104 0.986073207694372 0.9863784088901115 0.986836959196601 0.9872821995259932 0.9884550695769782 0.9897543743519825 0.9907531436303594 0.9923537862492119 0.9927466550286663 0.9938528642864215 0.994664244008886 0.9950521877917711 0.9963627140310731 0.9970192244809061 0.9981503142310899 0.9995174882555279 0.9998353499867987 1.000924056589849 1.0021313488641808 1.0029800798646906 1.0035543099608457 1.0043722935945907 1.0068914366730457 1.0071284493766828 1.0076424997649067 1.0082435920491404 1.0103227327197826 1.0118829829667628 1.013256703404286 1.0139144290048656 1.0144450258805104 1.016922514055831 1.0187090230622817 1.0207918455183143 1.0210885611495246 1.0244087319246373 1.025311958996619 1.0267327377015998 1.0289302914746086 1.032285654218035 1.0352070896371075 1.0527178510462551 1.2043802157503813
26 416 3.4707123650015683 1.2147275890631428 0.9530912802227381 0.9530912802227381 0.9563163024999898 0.9583048144112817 0.9613596020123353 0.9626620818345795 0.9653038371785694 0.9659290729470177 0.9676843313754561 0.9704643782209637 0.9706101055908131 0.9732987016259227 0.974688643859523 0.9754503405397766 0.977258780061597 0.979265540945308 0.9798124213867669 0.9805659989690446 0.9808768081227239 0.9822295526827836 0.982920449315681 0.9847661176323425 0.9854255357476017 0.9867851000800416 0.9871188157935401 0.9873180558232028 0.9890883683623624 0.989606458701411 0.9912047434245751 0.9922271924167936 0.9934849035582298 0.9938538883063965 0.9940898531374476 0.9947927905045788 0.9966460192765607 0.9972201517725225 0.9982341516916488 0.9992058737433323 1.0002005446601296 1.000672297549537 1.002458955999044 1.0034309695605086 1.0036154699523083 1.0049051369022726 1.005918081211058 1.0067899899305266 1.0080188658740288 1.0088340153544557 1.0100584285688217 1.0103140401492043 1.0136253847555343 1.0136896528838384 1.01608537928778 1.0167255358281981 1.0198716081013608 1.0210763106757579 1.0218721364059618 1.0247329717572584 1.0248226383591685 1.0277565088405003 1.0297586644525973 1.0340362796749658 1.0367110483885007 1.0570065791335492 1.2147275890631428
27 432 3.466445503615788 1.224709227638356 0.9507428925925164 0.9507428925925164 0.9540849451294842 0.95836723748048 0.9598410241368442 0.962063674535412 0.9633076012687197 0.9657440647334713 0.9676516015224323 0.9689445820821211 0.969813660501078 0.9724278076747953 0.9744573061922917 0.9754204665007514 0.9764151849878628 0.9791230613994066 0.9793724607832762 0.9799831045154068 0.9808733199704154 0.9812758988447736 0.9822388333000089 0.9835743433567242 0.9848267241410164 0.9862872576407943 0.9869894732755207 0.9871866189734367 0.9885680358324924 0.9897426276610974 0.9902240869008698 0.9913736133419896 0.993291609708258 0.9936123124946128 0.9938390962100148 0.9944186683269498 0.9960190567212837 0.9969565291987399 0.9981191058954881 0.9990486015356064 1.0008681324785356 1.0012580920067817 1.0018545303466884 1.0030767779523653 1.003277302768436 1.0041708124116284 1.0064442931566584 1.006844722046143 1.0083766013887614 1.0092160998480884 1.0097685368909155 1.011121163890768 1.0137158448424692 1.0142687532762773 1.0152806132580916 1.0163750112365366 1.0195054170414153 1.021634955004513 1.0233677100632956 1.024960259010525 1.027343678011976 1.0279000588171154 1.0305438467541412 1.035095701810892 1.0367120640478247 1.058942279444739 1.224709227638356
28 448 3.471654127164035 1.2318258521836845 0.9492476436180725 0.9492476436180725 0.9520352121371097 0.9580647167599273 0.9593239593442862 0.9622503582752194 0.9633501937035068 0.9648616206468763 0.9667040059462214 0.9679142319864049 0.9696586370237696 0.9725656522520145 0.973683880993578 0.97477746723395 0.9762367442130935 0.9772330273294794 0.9784571869200717 0.9801069026468225 0.9802331755424801 0.9814167834185653 0.9820017857462063 0.984379866942546 0.9848107947997935 0.9849798173927707 0.987075245351129 0.987817936547173 0.9892586130585316 0.9893728125752134 0.9900775402124027 0.9907517687504404 0.9923947311377259 0.9930375310230073 0.9936440049467717 0.9947616977744939 0.9960735784946587 0.997046572668415 0.9986021098699137 0.9991877103839293 1.0000850155017955 1.0011386762788184 1.0016265842649215 1.0031230079751938 1.0042127194581112 1.0050350557299983 1.0060740258515477 1.007913027552992 1.0088723788304121 1.0093715095086928 1.0102901948474239 1.011327463673521 1.0130360919593335 1.0141500394309193 1.0154823784724472 1.0162422806951632 1.019018552293954 1.0209090395470422 1.0234437090400172 1.024755466742645 1.0280389781615193 1.0283109818389966 1.0307604290161587 1.0356578214026884 1.037425289544224 1.0608310407935935 1.2318258521836845
29 464 3.4821719498827597 1.2405884766921023 0.9493247183173 0.9493247183173 0.9517743577247956 0.9574521298857106 0.9597528678700864 0.9614735071869238 0.9627703845497169 0.9646668128943713 0.965577562435752 0.9690166668448882 0.969366270746693 0.9716113499890271 0.9734747045945243 0.9748159755815559 0.976126051518379 0.9765289096752563 0.9775306093038411 0.9791981122640419 0.9802104054100516 0.980933426500195 0.9821102498530601 0.9837464699892713 0.9840374459407205 0.9854053779574475 0.9855646082840663 0.9871582175269483 0.9890457569970716 0.9894378576598999 0.9896114222011811 0.990976029137385 0.9917005344940287 0.992380018468034 0.9941431949125962 0.9949155864375785 0.9961834487125842 0.9962528109533574 0.9981195261000302 0.9995076861159006 1.00038130912349 1.0010108702719664 1.0018613484469838 1.0022711864102865 1.004050546296675 1.0052587528811385 1.0057274777688177 1.007405427769623 1.008499233967796 1.0092395235656297 1.0106634146243305 1.0125527663596996 1.0137151991538558 1.013883103122913 1.016368178341571 1.0177784083799037 1.0210734625985785 1.0230014526615039 1.0238443500377805 1.0265932796237505 1.027859164653337 1.0288240419652601 1.032279810093629 1.0358438895557014 1.0384537902771662 1.0616856904854788 1.2405884766921023
30 480 3.5003215905097296 1.2495691621607101 0.9488309849774276 0.9488309849774276 0.9512264987330379 0.9567007519865189 0.95930553944096 0.9603794634876163 0.9623483958978105 0.9647537054478094 0.965498726470274 0.9682389640035849 0.9706157171723596 0.9714479344113708 0.9721642310788428 0.9736851426297627 0.9752390790906738 0.9765622761142725 0.9772523988049089 0.9782206454640503 0.9788533538133332 0.9806291380635469 0.9817211668474599 0.9835048680714843 0.9837922706127874 0.9845393095746479 0.9859411966152698 0.9871263438641585 0.9885686068757599 0.9885854335008416 0.9890620115026725 0.9906144158613589 0.9913156594668731 0.9924644490843344 0.9943628148123833 0.9948620061614007 0.9952078744552119 0.9969540913533109 0.9981124733090881 0.9993685990284598 1.000348340223034 1.0007187074411588 1.0017560212976124 1.0025535201647353 1.0043010733304523 1.0052018980450332 1.0063198367968713 1.0069994941859792 1.0083827706342072 1.0098025793057934 1.0109318590950946 1.012495661294054 1.0141259551386164 1.0151486466283466 1.016426787235886 1.018456306903707 1.0197689331622382 1.0217572505960275 1.023865455904925 1.0262729199385887 1.0278216252142547 1.0311703234870386 1.0331190785909206 1.0366848964365774 1.040133512108472 1.0619386058391658 1.2495691621607101
31 496 3.507110822588605 1.2588774281362012 0.9485944024499836 0.9485944024499836 0.951058690448748 0.9555610214278664 0.9584132224954405 0.9598002207006016 0.9612968462410056 0.9628409681494067 0.9637961139145441 0.9684846860583197 0.9697839954487942 0.9712988618596309 0.9728428771164239 0.9739508076827711 0.9756599799786569 0.9766156862016067 0.9768452676107877 0.9782470160755176 0.9783415538537648 0.9796092065519982 0.9810496591586666 0.9823486312079401 0.9832048481952462 0.9851541458069322 0.9853055291436189 0.9864145574436599 0.9874042942437101 0.9883795885212164 0.9888838478200108 0.9903385569892201 0.9914880126190997 0.9933464132939206 0.9936866859061466 0.9951103066069301 0.9957853857606682 0.9971722741957709 0.9983515186548435 0.9985151826588051 0.9993436172961505 1.0002397790492958 1.0021331577198929 1.0024331376666555 1.0032407456215031 1.0044669986750854 1.0064431809944248 1.007658093775588 1.0080753950188688 1.0100766564877208 1.0104581089096738 1.0127682200132249 1.0144300972497509 1.015939213145184 1.0166767592155737 1.0186365530843202 1.0201674920460588 1.0219313643547063 1.0244918066812478 1.0264535919988527 1.028438917490096 1.0306628706293712 1.0338361253781054 1.0363626461936326 1.0410528756134567 1.063551871222615 1.2588774281362012
32 512 3.5375020999441285 1.2694054766267349 0.9484166721846633 0.9484166721846633 0.9509311747053646 0.9553334354582105 0.957732138193547 0.9581390682267916 0.9610909708278798 0.9627708295399902 0.9630458119231252 0.9678519571114154 0.9685013116142608 0.9707795475233971 0.9720351159378804 0.9734806852502286 0.9740519617818735 0.9746017273085699 0.9770462003995838 0.9780786921312353 0.978568395606046 0.9791253121599764 0.9801395698909509 0.9822983713820073 0.9832721438903829 0.9840006252138224 0.9860911209103278 0.9865414707422668 0.9878924150819132 0.9883342089020133 0.9895068157904934 0.9899818238837844 0.9911733566247395 0.9924736289100035 0.9933553931649259 0.994239511292826 0.9961567081489534 0.996492791173463 0.9981938005835904 0.9989876306243264 0.9996455280552293 1.0005294496187696 1.0010945768392963 1.0023651506301239 1.0032122795791316 1.0039382249498354 1.0048214833242382 1.0063582278088696 1.008048617026918 1.0099782124610341 1.0107117655178397 1.0124527251380786 1.0145811143325039 1.0158940794748075 1.0167595732227184 1.0191280826385294 1.020188772244096 1.022230537609054 1.0241686188898171 1.0272598006643434 1.028725640391671 1.0297336733839648 1.0343584609982577 1.0364008201846515 1.0420709869889144 1.0640329830132864 1.2694054766267349
33 528 3.561212678781948 1.2784822056554173 0.9473922405634972 0.9473922405634972 0.9507508321688468 0.9532001448940844 0.9573262781699352 0.9580690812484053 0.9611101391502581 0.9613657289808142 0.9627655527454811 0.9666376422688889 0.9677520539321999 0.9700625542902699 0.9712872298419837 0.972729945913567 0.9732316522004539 0.9736154253290109 0.9762246933894256 0.9765575754952458 0.9782311134927535 0.9790200826117861 0.9802397080847504 0.9816399518152655 0.982737778190602 0.9842104370988584 0.9852899659013612 0.9865044492411883 0.9875639559379804 0.9883027761718562 0.9892878942763764 0.9901051766148825 0.9903432963176163 0.9919496980368996 0.993217893445353 0.9945881554341811 0.995568515291072 0.9966761097231156 0.9969343693881156 0.9988543050360373 0.9995490942379051 1.0001954666420352 1.000612521772692 1.0016298398612313 1.0032643957255962 1.0038981920571013 1.0055229122759504 1.0074216644785738 1.0080622953125398 1.0101299546217446 1.0115828485197622 1.013964640890462 1.015054892443615 1.0158325794295775 1.0170917034078557 1.0192636359738034 1.0207021297742747 1.0223425759203673 1.024524555698738 1.0269476710491197 1.0300835234647339 1.031250237874526 1.035213048718393 1.0362554984690944 1.0433705371201416 1.0659899017846068 1.2784822056554173
34 544 3.570736068525305 1.2870813292906453 0.946167144709781 0.946167144709781 0.9502570930547487 0.9516547691207996 0.9541188137094074 0.9579170567348353 0.960038175266032 0.961314766351906 0.9628291440180295 0.9657558986959339 0.9674866893014223 0.9694225690239194 0.9706994410564798 0.9724870468037365 0.9732252453039472 0.9746587419160853 0.9763279314393122 0.9771682059274179 0.9773735766321502 0.9790824335480766 0.9810066761551668 0.981421205328555 0.9835594725091611 0.9841764424812404 0.985065671106061 0.9862798139705691 0.9872343380525327 0.9877329664732695 0.9898369372536571 0.990409124384724 0.9906855241681506 0.9912749985203143 0.9929981511202753 0.9949468514411066 0.9955504682120381 0.996569391913998 0.9971720807223466 0.9978448866070279 0.9989458447715849 0.9992689071606561 1.0003625935538687 1.002353446714493 1.0030841917727156 1.0038914528433696 1.0041760330193785 1.0069062419080796 1.007728394036657 1.0092158200142676 1.0108360048637728 1.0139486503898167 1.0150672279544053 1.0163954208301162 1.0192919578811122 1.0196275940790835 1.0206665986376133 1.021557317352032 1.0242022497540673 1.0275552093182232 1.0303826417959603 1.0312623444243445 1.0353445733775917 1.0374091827600387 1.0441985941344796 1.0682164832072514 1.2870813292906453
35 560 3.5801814166357677 1.2953994756833382 0.9464411202727724 0.9464411202727724 0.9498482648701098 0.9516591918140163 0.9538256309645977 0.9568727017484456 0.9578831972701987 0.9601664049520885 0.9626189065634448 0.9656868376779363 0.968480337228001 0.9686268174575536 0.9704192145727344 0.9715413468764021 0.9721335531258601 0.9737842622891876 0.9748130971471815 0.9753940149421274 0.9778292129273339 0.9795262406354895 0.9796306408503399 0.9803905268645373 0.9823938120350895 0.9828279982458302 0.9844736389820853 0.9861333826496338 0.9869494705086972 0.9879840013299659 0.9890463432537697 0.9894447908092944 0.9898753716160797 0.9910474456947506 0.9929923917760277 0.994490268070399 0.9951865779421828 0.9963587597223529 0.996916418898586 0.9974730448523792 0.9987403646096494 0.9994827572265393 0.9998268961253967 1.0018187294551668 1.002974543932442 1.003500974163487 1.0043058176717599 1.0060320586208082 1.0076688306804766 1.0093421053476026 1.0098961850706518 1.0146581039160607 1.016016886359219 1.0164972164483748 1.0180384917827303 1.0205539422645762 1.021484959046002 1.0230650255108826 1.0248969782116728 1.0275630420421424 1.0302945026407657 1.0331542277298984 1.0360077011232962 1.038842845382588 1.04458046667836 1.0690428858867258 1.2953994756833382
36 576 3.577539870323503 1.30331326548677 0.9461423394118481 0.9461423394118481 0.9500212730535355 0.9509056536256386 0.9535894187179256 0.956118022805408 0.9576115494257278 0.9592225036463926 0.9608900210523827 0.9645061595827403 0.9670460147712896 0.9687621042213381 0.9688746298635363 0.9705418506326956 0.9716394328215109 0.9724994990424797 0.9739931845084924 0.9758741433717777 0.9766777921320344 0.9776418754564864 0.978498226615883 0.9786999225722233 0.9817279802199727 0.9828052882037817 0.9833545002143217 0.9865012789639577 0.9873044659407131 0.9883602649106429 0.9890520550118983 0.9894259849941152 0.9902323307160567 0.9920963324967752 0.992596748513161 0.9935619332327636 0.9951153031313397 0.9959658942033381 0.9968874503536749 0.9975728341896798 0.9983898732334989 0.9996645124747192 1.0006517589124646 1.0021158036957036 1.0024872132338276 1.003820307421254 1.005726917276658 1.0062874486654105 1.007676414706554 1.0101508639535604 1.0108537557857562 1.0145592135826793 1.015345390693738 1.0166730965179833 1.0191425856741807 1.02132892755492 1.022722652357631 1.0234620185124523 1.0250678160884812 1.0274149579421485 1.0292649960975218 1.0354155898488089 1.0359648730149171 1.0405674422015838 1.0458142243887656 1.0712201682758875 1.30331326548677
37 592 3.5733753770795245 1.3119277214525933 0.9461575784949326 0.9461575784949326 0.9485092297066798 0.9499522208598278 0.9529447053697596 0.9565630644550959 0.9566716917857726 0.9592028176888088 0.9601377134364595 0.9625075476168937 0.9649040617722119 0.9664674795937488 0.9686829030068674 0.970238195136885 0.9723691438385401 0.9728017821084788 0.9731730912997115 0.9747308490334452 0.9761234445862025 0.9769204494646112 0.978487623497735 0.9788585914252315 0.9810437021579174 0.9816081935833673 0.9831392633579886 0.9856874628642641 0.9865124701021706 0.9876632293895947 0.9884771637936135 0.98884621401173 0.9900176177697614 0.9923661164318271 0.9925563552940989 0.9934345540218731 0.9939816015902339 0.9954244174828035 0.9957064530154878 0.997712523457164 0.9991611294022366 0.9999838814554058 1.0013881396252646 1.0025749556526362 1.0031325130700035 1.0043354502728634 1.0056749209925888 1.0062185375683366 1.0077985929594147 1.0095370696795236 1.011758281039308 1.0140544023069833 1.015579845348716 1.0175898620566282 1.0189528437294728 1.021116650765908 1.022150024032652 1.0238645152131653 1.0260391974413048 1.0273258735360622 1.0294937422546977 1.0352675433951795 1.036838893429386 1.0423875582808613 1.0452481489648238 1.0723184694590548 1.3119277214525933
38 608 3.5643766530714895 1.32147561248663 0.9460941919546022 0.9460941919546022 0.948133644678536 0.9496505091498654 0.9531911823844826 0.9547734790182881 0.9566041872334131 0.9589062784631425 0.9596457790542555 0.9614649534956431 0.9641053652622735 0.9655168196819393 0.9682743414978392 0.970221942909807 0.9709649527666182 0.9715435142271585 0.9736645279132629 0.9741780073831244 0.9752173323658619 0.9762427214171165 0.9778788923790823 0.9784445404857534 0.9796245372919584 0.9814385665882496 0.9832970664056443 0.9850320005637521 0.9864825793961971 0.9870403202896351 0.9876373328763511 0.9883067289867374 0.9894136104999617 0.9921126290061313 0.9923699438947361 0.9941824076649896 0.9946424334283605 0.9949928021941906 0.9963167166205845 0.9977932099410846 0.9991232218572172 1.0000280895536748 1.0017951016963156 1.002138133992145 1.0025672837258222 1.0048840342548933 1.005493096630847 1.0061670836123502 1.0075901966595648 1.0115384337062554 1.0125989093741998 1.0139737793129622 1.015223111597637 1.0175081632801404 1.0192052394802988 1.0216015732994177 1.0233694153562998 1.0247067926022055 1.025770806624813 1.0271340633084738 1.0298874694850457 1.034616214318647 1.039296480814672 1.0427060193616875 1.0458709895496352 1.0740595117555654 1.32147561248663
39 624 3.5675082809659564 1.3278256995063806 0.9445902079275351 0.9445902079275351 0.9473481789072243 0.9484725676045275 0.9531563407943915 0.9540001280469704 0.9562277059319668 0.957983600272723 0.9594290603751149 0.960864250381133 0.9629146192059571 0.9655451027331521 0.9674298449534684 0.9688922392193874 0.9709239296138678 0.9716845723817307 0.9726289755467091 0.9739135781408809 0.9751904718490767 0.9765154787250104 0.9776018059267526 0.9787748043673036 0.9793039416466054 0.9807065909392653 0.9829013723031371 0.9843229512452719 0.984954801251222 0.9868045594856909 0.9869533543601277 0.9901485286200871 0.9910437493981696 0.9912804913217921 0.9924068207729676 0.9933795728678818 0.9944432255610199 0.9952828124659642 0.9955802445908017 0.9980892844511529 0.9995107026128325 1.0003655211620501 1.0006804603719721 1.0020135771721217 1.0031803081410504 1.0049616563575725 1.0055363019914534 1.0057108460641322 1.0093706210600488 1.0122482980264609 1.0129209952017495 1.0131215812042822 1.0144818166113525 1.0173579522987022 1.0185290860845289 1.021772687667583 1.0235038618273267 1.0246160157251836 1.0253276413019268 1.0269710527882048 1.0306012318231537 1.0345045010024936 1.0405260289699225 1.043973536878351 1.0467762271123207 1.0764555375573321 1.3278256995063806
40 640 3.539209993038863 1.3354961662481004 0.9440478494726537 0.9440478494726537 0.9459950857693706 0.9473441271655492 0.9521608709281241 0.9536356771708895 0.9564556877025332 0.9571751258211275 0.9594764667109866 0.9604887777662913 0.9623641574266288 0.9650850432587569 0.9660097585712292 0.9692151881462446 0.9711770422866028 0.9717458111313861 0.9726473105264338 0.973288415435042 0.974615789741886 0.9763092070423387 0.9777193672180506 0.9782964878453033 0.9791989648781919 0.9799804208322037 0.9818588964875273 0.9829706691521022 0.9845108738680443 0.9852305487728731 0.9862653497163738 0.989422249283076 0.9899411575794996 0.9910222430845583 0.9920300986355719 0.9933127626480573 0.9944467903441566 0.9948458569503249 0.9950618047951324 0.9970534869274134 0.9984108658316984 0.9999549175047591 1.000714578254822 1.002836088957229 1.0036110202177577 1.004799424054204 1.0055505173935428 1.0074640618796893 1.0099446120049629 1.011799366062327 1.01251909404464 1.013215500112135 1.0163968860755357 1.017362786515779 1.0192008120193659 1.0225321292204201 1.0243245669325507 1.02471222861171 1.0254925102963055 1.027493405736195 1.0300863491325265 1.0355161441708112 1.0404523705435382 1.0448046333449603 1.0508838172448034 1.0776316771505814 1.3354961662481004
41 656 3.517010320535022 1.341507657037285 0.9430880423551727 0.9430880423551727 0.9450870536020863 0.9466776509098953 0.9516835171997404 0.9526610923216112 0.9564660249263408 0.9569666236367578 0.9587706381724461 0.9606528934376681 0.96202922849254 0.9633830501567754 0.9659811041065018 0.9686403959223838 0.9706127008838651 0.9714156688751945 0.9718581764628678 0.97289313216707 0.9737140010383187 0.9754374046824209 0.9766314988853422 0.9780774573286162 0.9790308404311965 0.9800003018968775 0.9813090306743227 0.9822934617761124 0.9841525362295469 0.9851564782223089 0.9867026270700356 0.9880907400731895 0.9898950424692706 0.9903844412516407 0.9913274495370458 0.9928080661935378 0.993625952473534 0.9945491511485121 0.9956410744303702 0.9976011374487804 0.9981919079165253 0.9991435256191296 1.0012202506942387 1.0019959130163931 1.0033641917439484 1.004479477103991 1.0053614640575332 1.0086131427621075 1.0101488630827182 1.0113250628422001 1.0125711925856924 1.0137218973738693 1.0152292831776246 1.017320044946494 1.0193715243715145 1.022820412189509 1.0234695856057847 1.0243724877071012 1.0258089746833392 1.028070213359762 1.0302402752649884 1.0359260627564206 1.038546717871551 1.045507571553765 1.0523707906722066 1.0793723361445036 1.341507657037285
42 672 3.4827154312959467 1.343534777494748 0.9430615183690544 0.9430615183690544 0.94467818649862 0.9460129843056507 0.9516263981321057 0.9523869056023256 0.9550657147114611 0.956872988527849 0.9581341565185283 0.9592610836492775 0.9621843541298799 0.962552456785698 0.9645160222916452 0.9680890855964411 0.9703633207702794 0.9708465348464412 0.971175538291231 0.9731233327150711 0.9735511559780098 0.9754690664588384 0.9769724892386532 0.9777196362267587 0.9788799548293096 0.9795717400095064 0.9811374901883106 0.9824617652541596 0.9843377742576819 0.9848013108499634 0.9867255794827785 0.9880846549327913 0.9892310674885044 0.9898614353391576 0.991688350189136 0.991773028348733 0.9922493683801962 0.9942599960698875 0.9957696988012189 0.9971152008748997 0.9981624323082823 1.0000149525219255 1.0007826592809217 1.0025729085232753 1.0033078894223555 1.004990436750849 1.0055608281975488 1.0090665269310035 1.0092099715868252 1.0111350949863442 1.0121574002886289 1.013574226044537 1.0151799207517145 1.01720676243622 1.0181093205518994 1.0223950014070868 1.023126117625391 1.0251899652301397 1.0255264682031273 1.0272402633601714 1.0303385860818943 1.0361271177686084 1.0385113321600983 1.0458935285469197 1.0582103795957467 1.0812545472806998 1.343534777494748
43 688 3.4404274002415374 1.3465372441026748 0.9428770473170517 0.9428770473170517 0.9438432287968801 0.9454747047436833 0.9506122273788915 0.9527612579061754 0.953904849027202 0.9555241406129013 0.9563514734962911 0.958515424410623 0.9600454651810483 0.9625316550828146 0.963817220688397 0.9687804903923952 0.9695056863826095 0.9702405114909487 0.9714316041048118 0.9721894944703255 0.9728806087275651 0.9754547894311669 0.9760638146444837 0.9774477695750772 0.9781208830546066 0.9782307068279913 0.9800685580832705 0.9809469838110101 0.9834331795738953 0.9847362056931712 0.9861271503416356 0.9875889833935463 0.9895464530984615 0.9901788135131225 0.9910721878947958 0.9916128338488753 0.9927807490399009 0.9936106837086963 0.9946527385505839 0.9973775387706038 0.9977530297919222 0.999663758364655 1.000356997671692 1.0027822192331988 1.0035141134377725 1.0050122583262697 1.0062724074725566 1.0090944128918276 1.00996642766459 1.0112296474133027 1.012184656440925 1.0141417604302017 1.0156017017346128 1.0171331007099436 1.0183033856224957 1.0223147422528456 1.0225332067925383 1.0255353782594943 1.027110779190277 1.0280917877170004 1.0303610747614638 1.0366900180472864 1.0399736703710893 1.0459322828671327 1.0607527118739195 1.083156945956425 1.3465372441026748
44 704 3.415364236494407 1.3489742113785317 0.9406310279347043 0.9406310279347043 0.9436909995716887 0.9443997735368664 0.9507831970009878 0.9512689226766209 0.952957999473364 0.9553199225856791 0.9564845075090223 0.9575897454137349 0.9606528045402707 0.9619039076062718 0.9638830574097941 0.9687037877002671 0.9689488961151929 0.9697241312181909 0.9707707099646771 0.9719816503208586 0.9726553791226843 0.9746418526686931 0.9759865011092322 0.9769326370018996 0.9777595419498412 0.978800035931074 0.9802597374151105 0.9815134519601901 0.9836812901494308 0.9842703147966118 0.9859250661254707 0.9871953848024613 0.9895448720837735 0.9899319478300833 0.9908926359420543 0.9920869858722456 0.9928911870542063 0.9939615973479456 0.9952667636180061 0.9964662617988473 0.9971272370899792 0.9994735444487616 1.0004954566666966 1.0027057302127176 1.0035316829677492 1.0039147817106981 1.0052414644255634 1.007652160484161 1.0098691725708144 1.0118325346921326 1.0124172036793715 1.0145618608649338 1.0167860950622951 1.0180894108144765 1.0187711535066177 1.021775920916284 1.024000397446774 1.0262469602707187 1.02766230600771 1.0286230905807585 1.0311944023572106 1.036772985551698 1.0399020514942623 1.0462706322150819 1.0619404472541758 1.0839461079585941 1.3489742113785317
45 720 3.4165943725179155 1.3514758174340376 0.939781672641699 0.939781672641699 0.9432631711640218 0.9442463706082497 0.9501062270670338 0.9506355248279457 0.9538155049350744 0.9556245654839224 0.9559115131521696 0.9577089337254677 0.9608461041366826 0.9619489827246033 0.9635029304546725 0.967120089500058 0.967481289469458 0.9691821155378415 0.970741844548536 0.971099081015615 0.9727114543960586 0.9736610799383253 0.974612144249319 0.9758890427573979 0.9773752549883277 0.9778553245077507 0.9802328580838773 0.9820936323313785 0.9826387102380516 0.9843462846680333 0.9846430311734231 0.9869629294606747 0.9884976256456307 0.9904664193643689 0.9913687606677705 0.9918402882414084 0.9928470920729217 0.9934705968360551 0.9949675916434639 0.9963399801803109 0.9972089678493894 0.9990108551403755 1.0002954920112275 1.0024784011208772 1.0029475337283953 1.0046318736063171 1.0058021197307505 1.007943768505811 1.0101511698386363 1.011435059349113 1.0114537591123456 1.0151430536322228 1.0168690056201248 1.0185656438367732 1.0188787110499742 1.0219784374388827 1.024121884625069 1.0270316763019192 1.0283095275129868 1.029599786559362 1.0308287591061576 1.0365368411481066 1.0412448557066845 1.0500182194325829 1.0636899884852267 1.0854226809329894 1.3514758174340376
46 736 3.4220810783038305 1.3526549547720148 0.9389914062443137 0.9389914062443137 0.9425172098585597 0.9453860532709117 0.9493228739639485 0.9503828755531842 0.9532109377612233 0.9542400035202495 0.9557556146009044 0.9574233850278913 0.9591980901932292 0.961758971090941 0.9637276581562059 0.9664810614391708 0.9670774183883818 0.9685381084845474 0.9699987967198257 0.9701741352264288 0.9717329647304765 0.9722631600015899 0.9733825561198084 0.9749614688333149 0.9761482376120086 0.9775996941213648 0.9795310642490282 0.9815155685168567 0.9825252321669713 0.9836565099125008 0.9846047275115146 0.9860980567720344 0.9885590983830563 0.9906443111254962 0.990818320592594 0.991884159280372 0.9931726801718619 0.9935587950428284 0.9945839338818045 0.9971869199567253 0.9987740497585793 0.9988526963636392 1.0007326043898601 1.0027121211619971 1.0029024036572338 1.0037542185189128 1.0055150235285713 1.00737598280122 1.0112811425124428 1.01175149622185 1.0129506913670892 1.0151130206081207 1.0159363256141873 1.018641603732403 1.0190717349051008 1.0228636751060496 1.0242282592345464 1.0270593423917884 1.0293188433849036 1.0305782251897544 1.0329591808066174 1.036252957197461 1.0416970631050027 1.0511516901027713 1.066136147576244 1.0868039512377956 1.3526549547720148
47 752 3.430131146823552 1.3553947329903093 0.9396259484425946 0.9396259484425946 0.9416878922548358 0.9457760578192799 0.9495305778032364 0.9507122904749752 0.9529263198340134 0.9540862930720134 0.9547031422662527 0.957503134335094 0.95788769094467 0.9606232401164014 0.963014325854196 0.966038013472074 0.9673728755149147 0.96836947734214 0.969258397800823 0.9700157251364951 0.9716065487104912 0.9732449642422927 0.9736305633419885 0.974937000137507 0.9756502579014048 0.978864650362713 0.9790688373003289 0.9811384112215888 0.9819122484049377 0.9837476196416722 0.9847786249702266 0.9856352220936639 0.9878362187564099 0.9891487537910617 0.9902351875110181 0.9916096664624231 0.9925418002233278 0.9934036591558766 0.9950791847041635 0.9970170362222844 0.998571952188099 0.9992069314479146 1.0011744061119667 1.0014009070358816 1.0032439681322431 1.0036000462149157 1.0054901435058867 1.0081883930996904 1.0095971647055961 1.0123470886073478 1.0136450412547284 1.0144962232002912 1.0157457417790408 1.0190837772538015 1.0196373082209662 1.0229924456996096 1.0242113826549741 1.026587008207653 1.0290742611664203 1.031840768383284 1.0327753053170698 1.0368157359209917 1.0426539992000832 1.0501476560116605 1.0686351816884099 1.0882813374698082 1.3553947329903093
48 768 3.453219218155041 1.3598544992616644 0.9389518057055899 0.9389518057055899 0.9408598068722613 0.9461654495520176 0.9487929670092404 0.9501594553910643 0.9519523589937305 0.9529833399697281 0.9544525585053035 0.9567575599118984 0.9577614106733042 0.960847899805792 0.9629300412409555 0.9654345337193705 0.9669492384984695 0.9680934061613817 0.9690594162052333 0.9705714864149244 0.9716702609210638 0.9729384282059712 0.9735471400083988 0.9749127346361779 0.9752059568124591 0.9778217237652846 0.9788020711414233 0.9800248441633983 0.9816268736944327 0.9821648905848323 0.9846412294496281 0.9865986683510664 0.987435873482656 0.9878062191825053 0.990484222658556 0.9917061557128418 0.9918813825447531 0.9936564234129948 0.9953541148809766 0.9966286855654422 0.9982323889781843 0.9992945071881856 1.0001372088411935 1.0007021950147141 1.003619373628737 1.0048592680219202 1.0055478023383257 1.0076331057901977 1.010030601566727 1.0121766533646381 1.0147751705750083 1.015353328015604 1.0165298300020031 1.0185381415833945 1.0196104225111078 1.0236008216008567 1.0244531366683347 1.0255425943049055 1.0286397967419658 1.0317001874915053 1.0340448974858043 1.036629289530537 1.0420466663864714 1.0507541760991979 1.0703976721358195 1.090909576883199 1.3598544992616644
49 784 3.4760640607245485 1.3610313970286216 0.9373711368366974 0.9373711368366974 0.9394653329926629 0.9443960748006893 0.9486066993568039 0.9499931634020172 0.9521044572618289 0.9532271026838238 0.953842697037823 0.9561385868270721 0.9572532352221803 0.9607554987418444 0.9634596918185274 0.9652711252232865 0.9656777821908911 0.9667783184790478 0.9678614666587643 0.9703728690616952 0.971138313182898 0.9728276895907155 0.9741378486753329 0.9748860297074253 0.9752710408757219 0.9769229469103274 0.9774318874134951 0.979604439841172 0.9808049363071979 0.9821345351764696 0.9851088593392657 0.9863864288813164 0.9873353767924383 0.9890870983118056 0.9896298198503592 0.9917993297182706 0.9925755283662631 0.9936705090056359 0.9961318606611606 0.9968536089389678 0.997626763224924 0.9996167868337968 1.0004121787756821 1.0005993291782092 1.0036859221042338 1.0051422432466535 1.0060838181115355 1.0072897344160132 1.0090484591157225 1.0119343396212397 1.0136858266753859 1.0156360191909615 1.0165311765214042 1.018587264034284 1.01967988559466 1.02294315799159 1.0248452413169176 1.025065181697082 1.0298796779852377 1.031789109558145 1.034091945267968 1.039667258026433 1.0429978434508174 1.050977423179287 1.072830941966104 1.0949173562097265 1.3610313970286216
50 800 3.5133995724107696 1.362831721333222 0.9366654441969711 0.9366654441969711 0.938928203314197 0.9425898758387252 0.9475116957201597 0.9489105185821591 0.9520791729582441 0.9528263030490405 0.9536675823553583 0.9548672520272969 0.9578876241968423 0.9601181939448881 0.9609685658786855 0.9648423933010147 0.9654335061604216 0.9660486811788362 0.9677741927162402 0.9703236263028602 0.9706195180830298 0.9715061784608269 0.973559114959179 0.9741920617297286 0.9752741241986952 0.9756069036292478 0.9764842436280188 0.9786714841859927 0.980635159812589 0.9821650718656761 0.983376543934657 0.9863504636582346 0.9875114805338205 0.9883322033186007 0.990108988862559 0.9913641125386701 0.9921410343531277 0.9936788685113842 0.9947132027829214 0.9971153852745014 0.9973734497042298 0.9995108320945993 1.0001269707528058 1.0011840745949319 1.0028984822944547 1.0054221135791315 1.0072374362133933 1.0081085911571646 1.008857225527951 1.012183339394686 1.0145410827371324 1.0165267140636756 1.0171541571228102 1.018831482210696 1.0195781524572014 1.024570631369434 1.0254361056328212 1.0265783788126899 1.0297543186138483 1.0335955385793494 1.035883539898997 1.0408955405314633 1.0443213030546281 1.0510240726630176 1.074271363975893 1.0999933772049435 1.362831721333222
51 816 3.5503242789123712 1.367305711953794 0.9354534211541169 0.9354534211541169 0.9386878931904998 0.9422260161595477 0.9460418814268499 0.9488424706643104 0.9508482230412896 0.9528035283722619 0.9535000028405528 0.955188172518085 0.9574246815568289 0.9590720363378897 0.9607212479428632 0.9636325339119318 0.9642863338999593 0.9648845908495768 0.9672804379094034 0.969092042389021 0.9701867472817409 0.9704181130140271 0.9714438107799035 0.9739442439547923 0.9747082481900502 0.9752115228246092 0.9760140273579196 0.9784378695729726 0.9802465061983672 0.9821328055629692 0.9841188198322369 0.9853970654001647 0.986679010120316 0.9876700229086988 0.989411199826881 0.9904215128437357 0.9917807464292009 0.993189350632206 0.9944990549675528 0.9962483335984295 0.9985028583964212 0.9985750436535661 1.000046868300946 1.001791245665267 1.0039864443702409 1.0047707986112213 1.0067739360306451 1.0081250912648958 1.0088665678039346 1.012099474165469 1.01437062295266 1.016498398507082 1.018028658773595 1.0191982919979996 1.0219195867477835 1.02469888245462 1.0253475299972183 1.027186184292978 1.0316368981106947 1.0345051358425863 1.038836780575028 1.0415264478097446 1.046881207805884 1.0506654122530055 1.0744280652004017 1.1067496101837382 1.367305711953794
52 832 3.5972071954068863 1.3664512251200316 0.9345676418594235 0.9345676418594235 0.9370056645734386 0.9407234105246406 0.9458589039182823 0.948129266802974 0.9507819096470255 0.9526599198780021 0.9532228298147978 0.9549243143597006 0.9563968316349366 0.9588279930677827 0.9603555176497832 0.9630014346452879 0.9639944223460424 0.9659700729919525 0.9677552760569349 0.9693793339028236 0.9700068591244854 0.9705610383185479 0.9708145544667345 0.9726794313169304 0.975058306670838 0.9754843446804704 0.9760811013863564 0.9783109371297669 0.979618661603762 0.9820516851934935 0.9833250253242707 0.9854164231089158 0.9863440444597602 0.9872497510969469 0.9888774316262877 0.9902753731158509 0.9925164648054565 0.9929699019921039 0.995352135621748 0.9966149369589523 0.9982859205942644 0.9986369739276634 0.999585308693156 1.0007351445086352 1.0033711179122016 1.0050878442143165 1.0065747550927786 1.0079117135524938 1.0095815872931786 1.0121540508788227 1.0140097368810128 1.017279469601466 1.01781121593692 1.0196473343503178 1.0226236745640482 1.0240954306640777 1.0253308171694808 1.0270196000175296 1.0302237908593421 1.0339467466976313 1.0387407601335532 1.0403324377262688 1.0483225826107203 1.050805505322071 1.0750782904527019 1.1142526763360636 1.3664512251200316
53 848 3.6259375224401693 1.3676757525472973 0.9329180535813956 0.9329180535813956 0.9351381639885772 0.9400602021580616 0.9461160446983443 0.948093050239516 0.9495002583646643 0.952001504422631 0.9535187646279918 0.9538659044784145 0.9563959867485945 0.9587011229370762 0.9598089988788978 0.9626281928751889 0.9639113110504781 0.9657949905671835 0.9664054882071166 0.9681368481775725 0.9690874056664665 0.97064246790365 0.970934579778486 0.9727638337929708 0.9741801042172392 0.9756461576468743 0.9762825926196282 0.9788942512421639 0.9790343905297321 0.9822922073708904 0.9830494687584127 0.9841887590536276 0.9864527988774496 0.9880468847320045 0.9892103599486869 0.9910318121271504 0.9920412726661272 0.9943216301833955 0.9954485006758184 0.9961740234229126 0.9979365395004224 0.999119976751531 1.0000586350088574 1.000713596119841 1.0034313877669419 1.0051140060639578 1.0058907556868628 1.0077331142437218 1.0097903040732314 1.011746511083008 1.0156314238480049 1.0170282930436747 1.017400229212117 1.0198711404154097 1.0230299884880887 1.0240887214047132 1.026019363727363 1.0276893050178901 1.0316354968427786 1.033559385658235 1.0391340055582903 1.0411356820591602 1.048836038709204 1.0514374671123392 1.0755413089809889 1.124084603661556 1.3676757525472973
54 864 3.676456713618649 1.3671576090948672 0.9328316711750465 0.9328316711750465 0.9350746011554381 0.9397969484532113 0.9458656122395379 0.948006523113311 0.9487318854127289 0.9506087757913028 0.9523949758578525 0.9541706476273224 0.955929205718569 0.9574370788816137 0.958856239596951 0.9617593381216378 0.9629947088507267 0.9658535384879987 0.9662542682309083 0.967238920281763 0.9694378018248736 0.9695465339784174 0.9713392617136941 0.9732302625219871 0.9736900829943623 0.9748758045566204 0.9767974910594535 0.977621548428104 0.9785045969233697 0.9818024572162616 0.9829991325083954 0.9844613237046056 0.9857392435789759 0.9877697093618774 0.9887664976196184 0.990563749627226 0.9915959405698856 0.9940569393894583 0.9955013304233938 0.9964151543334026 0.9983331678586087 0.9990588933765148 1.000808926444591 1.001759260563235 1.0028773876399266 1.005020470829603 1.006274042826845 1.007616127667609 1.009611837999994 1.0134849812799942 1.0147889294239183 1.0174145461483581 1.0185913875730965 1.0198310460000894 1.0230695252719257 1.0250734644404222 1.0258170467471093 1.0310061930104075 1.0326274121511632 1.0331198213454114 1.0393776128493302 1.0421848770740672 1.0493747438231447 1.053428256354364 1.075027440449998 1.1313511108469532 1.3671576090948672
55 880 3.737145921139672 1.368499236810129 0.9309977602292726 0.9309977602292726 0.9343575126375195 0.9399849258949775 0.9437224369024281 0.9476694513535797 0.9482720160045891 0.9497211037256844 0.952975875434998 0.9538089791442381 0.955079259762109 0.9574145364677801 0.9590270766218041 0.9622841395233246 0.9641758891818117 0.9658861946688667 0.9667974186848617 0.9676793808120602 0.9693871830552536 0.9702767401242866 0.9708111810659524 0.9726240377793942 0.9734877135441727 0.9744536336283086 0.9766197666496697 0.9775344364516642 0.9790828530649774 0.9813556810916164 0.9836432409388213 0.9842582748995728 0.9858422497908222 0.9873585228324614 0.9888319304070808 0.9905981952125661 0.991433293503395 0.994165193185106 0.9954190564865804 0.9962555761970409 0.9971729580588475 0.9985123282595293 0.9995184533301041 1.0018662393270956 1.0028273734000361 1.0051254013753947 1.0056274130621847 1.0077987026274626 1.0095943142691726 1.013762947464871 1.014069965429769 1.016479969202625 1.0191132124740403 1.0202211742502567 1.0234602497864735 1.0247810152691224 1.0263858212082384 1.0303090970952005 1.0319975630102418 1.0354553649945553 1.039836523377039 1.0425455711367253 1.0495880599725167 1.0563759425288561 1.0737743692157693 1.1373335739289707 1.368499236810129
56 896 3.7937508426904247 1.3703625626854112 0.9300484545155229 0.9300484545155229 0.9343188757525155 0.9384011422412512 0.9415974233507232 0.9449442487550976 0.9477202888262586 0.9504525838608521 0.9525489973499018 0.9537737871609516 0.9557823935776449 0.9572081474736368 0.959498603772364 0.9617592761887529 0.9640806351719051 0.9652632895418289 0.9671108097519643 0.9673716957632927 0.9688182754656135 0.9698445069811206 0.9706412399694144 0.9730680215111299 0.9736955632172257 0.9749455339662877 0.9763827906512652 0.9771604148050475 0.979152979100221 0.9809675015073465 0.9830131408794192 0.9847484826102425 0.9857648649659235 0.9870424276849286 0.9888883271371854 0.9897779560307091 0.9908372788459194 0.9939915456281938 0.9954455900111678 0.996255147200848 0.9978195594126918 0.998360938423429 0.9996036677804375 1.0014797618479037 1.002648523234844 1.0043585146846001 1.0051991272046872 1.0069974150756273 1.0102594400441085 1.0134986725962305 1.0145649591578767 1.016741407123349 1.018597628198473 1.0200426850353073 1.0236698383278389 1.0254470159098332 1.0267661871856766 1.029979249429267 1.032159109028716 1.035864825950217 1.0398668795466737 1.0445886437228005 1.0493199932668968 1.058603917005696 1.074347157350448 1.1444600306949204 1.3703625626854112
57 912 3.845207645686552 1.3699170657999606 0.9306886512988453 0.9306886512988453 0.9344986816951636 0.9376645479622291 0.9402714418480985 0.9447346692049842 0.9480931721528254 0.9498924923973755 0.951527389457864 0.9540124663272185 0.9554821716109997 0.9565760063474286 0.9586137785188676 0.9616598270651525 0.9637556990065775 0.9645905488139215 0.966985912930829 0.9681873506605441 0.9690708290730238 0.9702590741943494 0.9708536728163139 0.9721208748599571 0.9733655690600679 0.974422704668223 0.9761402883840559 0.9772964880445553 0.9801255826909824 0.9813772336880877 0.982371226246677 0.9841344761353609 0.9859599197959714 0.9873188210786346 0.9890086101386324 0.9897433663620737 0.9909809154266269 0.993927980684243 0.9952972239415576 0.9962495422584386 0.9963979281962937 0.9977518614689053 1.0002343324985046 1.0017604809868987 1.0030440478941178 1.0041528014224035 1.0048862751923737 1.009295928906396 1.0105095864172855 1.011584763698639 1.0147499322748095 1.016407865731919 1.0182692017056914 1.0191465365328711 1.0239161867387956 1.024209126420377 1.026019893258867 1.0293221518930136 1.0308419344962227 1.0366268969251562 1.0417320747514307 1.045203186012527 1.0481242382435167 1.0618271814098272 1.0745320401877487 1.153839310297372 1.3699170657999606
58 928 3.8778592820619653 1.3701597516567343 0.9306084482912329 0.9306084482912329 0.9336922301566032 0.937512808290275 0.9401439069969855 0.9439751568796901 0.9466523400668515 0.9481998667186838 0.9505448073990495 0.9533969226296161 0.9547673127462485 0.9564866540973371 0.9582259999348657 0.9609641291962723 0.9637188895956408 0.9643372492621094 0.9661167905989217 0.9674785613088761 0.968283805839878 0.9698471418817493 0.9713614944847679 0.9718602095710837 0.9734076981602431 0.9743940407057722 0.9766665498675221 0.9775423333157979 0.9802134521903765 0.9804443908815504 0.9822057608585463 0.9847590281127457 0.9857897829376978 0.9881487684376581 0.9888807757711988 0.9904032993085853 0.9906320234886 0.9938342651201656 0.9949749436298012 0.9956165068981777 0.99664269135006 0.9987811308117013 0.9994656314373669 1.0016146136329644 1.0025372676504098 1.0036271535795402 1.0060023397731306 1.00903583163334 1.0102391733846474 1.01177075799538 1.015059427200333 1.0159034321568152 1.0175898837117998 1.019100857235119 1.0244243533840118 1.0246046063055163 1.028250427491283 1.0307651103854645 1.0311268976935017 1.0365966565835836 1.0412699220373467 1.0452527163316352 1.047666815741567 1.0658011348905418 1.0743083024023516 1.1613648750840113 1.3701597516567343
59 944 3.9350435606271885 1.3700004593282544 0.9271625676156163 0.9271625676156163 0.9330557088347071 0.9360415886078616 0.9391938597949504 0.9420530679946281 0.9462011168378498 0.9469239850715815 0.9495050677068454 0.9528014206366 0.9540275764511622 0.9570635986532992 0.9575166825624076 0.9599407801872603 0.962082246539254 0.9634987203518293 0.9654695780515241 0.9662412917128832 0.9678682301578334 0.9692575714846478 0.9708361092719809 0.97191439962561 0.9731210632915457 0.97424753642139 0.9760794460487178 0.9769623362751545 0.9802378960427098 0.9804768504692207 0.982572271823795 0.9851072454052031 0.9858754097246 0.9879248283375179 0.9893868277555554 0.9899872725765839 0.9901738616374658 0.9931570135142456 0.9946988640244344 0.9952746790375949 0.9966027533373872 0.9986886646498866 1.000394788313637 1.0012151664685325 1.0023019155547788 1.0026404344317634 1.0062563064814067 1.0088623563485608 1.0107724874527333 1.012146780001211 1.0155307572379364 1.0161156187593001 1.0172199839518106 1.0190505537417751 1.0237917360974929 1.0247089016133037 1.028406038875201 1.0309810643315647 1.0320366519725575 1.0384314288417495 1.0405200532317795 1.045037786873208 1.0472368763258804 1.0702563011364037 1.075738560400221 1.1688970374138619 1.3700004593282544
60 960 3.9683747464203827 1.3690466228771363 0.9261014771716781 0.9261014771716781 0.9328255620568766 0.9359476418583771 0.938970943209601 0.9407420354717033 0.9449981835518197 0.946513774950159 0.9489126551147756 0.9526609653174504 0.9539478789952553 0.9554007640466385 0.9565500790022128 0.9590050618085163 0.9614288513257611 0.963297061075136 0.9635408589694131 0.9654806614566173 0.9675973582689784 0.9692151925893484 0.9699287447383974 0.9713238846352228 0.972587914786393 0.9743825446272172 0.9763154952765739 0.9771997276388846 0.9793595134357533 0.9803357441512981 0.9831375556929075 0.9849264490916554 0.9858976277710819 0.9879299895846017 0.9885911921655127 0.9893649737897694 0.9902689602940749 0.9927618772628332 0.9936099446689628 0.9954044554583226 0.9971493618887688 0.9992962198482701 1.0001022805191655 1.0008593394699197 1.001728485076226 1.0046833118690535 1.0056774384344673 1.0087563378405653 1.0106044199545905 1.01312792761018 1.0147239170224311 1.0155058113109137 1.0187745371188788 1.0192684724953562 1.0242053952491592 1.0258209394462268 1.0286231763195393 1.0302911396387706 1.0316342576916406 1.0381976081673892 1.0409290603228778 1.0457603823429156 1.0472110169757056 1.073490646373372 1.0765324750755099 1.1799508377556274 1.3690466228771363
61 976 4.032780076767626 1.369237302026862 0.9258950851257731 0.9258950851257731 0.932707401707458 0.9365418133596248 0.9383565768686603 0.9398746464158264 0.9452150753187487 0.9466153205948679 0.9480784613635955 0.9521371247085668 0.9538834552540143 0.9552771239711999 0.957026991317936 0.957362375296991 0.9593756591742177 0.9614267102065808 0.9630690527215279 0.9649765416120469 0.9668644645740051 0.9689751376940455 0.9693330683241306 0.9722638781760986 0.9725566208282309 0.9754846673690051 0.9764895659219252 0.9770972010818342 0.979386740318234 0.9802289945426548 0.9828547390812216 0.9832999731968552 0.9850865613620702 0.987789308503411 0.9881747559895044 0.9889959596747548 0.9896550330902902 0.9925320024256218 0.9932904475730272 0.9951294826722122 0.9964232258186526 0.9992487639862806 0.9999340896950398 1.0005377829593418 1.0019282503101288 1.005154668930539 1.0059808077233374 1.0085502341097368 1.0104183521477796 1.0122262030281903 1.0149988139742785 1.0164956538437155 1.0186171506326305 1.0204146052750716 1.0231916238926608 1.0258396793375582 1.0282300560727657 1.0305093545507595 1.0316163113543309 1.038824688217245 1.04098718799794 1.0466762781430732 1.047838523677684 1.074830753563863 1.0780563611222105 1.188379366234889 1.369237302026862
62 992 4.091802908663045 1.3697929190452651 0.9253523451541614 0.9253523451541614 0.9321477595873092 0.9367196576391749 0.9374131677146942 0.9399730353044243 0.9441444407248926 0.9467136393146484 0.9483411906768331 0.9517294245914 0.9535446284093335 0.9555705903100152 0.9567113255321769 0.9577914437918971 0.9589582420775485 0.9598606346361768 0.9621466703590543 0.9648038555328015 0.9669130221387929 0.9682818259003994 0.9696990857280992 0.9723138032185725 0.9729592663148462 0.9746196061107912 0.9759646859444672 0.9772514268611238 0.9790388704467947 0.9793850281869282 0.9810850196658301 0.983027647015633 0.9854818592427791 0.985967423464439 0.9877243187654824 0.9893564296113246 0.990103309139721 0.992758633767809 0.9935694150923131 0.9952479738925988 0.9960079135396802 0.9994373617871702 1.0002278438009695 1.0003915052323662 1.0022003647571127 1.004560413909943 1.005732676842097 1.0094839752606788 1.009518669543103 1.0117372964593188 1.0152833111463164 1.0158290461030492 1.0186566241392485 1.020523767507986 1.0230971704121439 1.0264776644161944 1.0277395271981338 1.0303924362483299 1.033814499179047 1.0395431008311624 1.0409622245230088 1.0465361171982346 1.0480802337717117 1.075128182615913 1.0778227472726707 1.2049188002392017 1.3697929190452651
63 1008 4.144626491120363 1.3691050487997014 0.9248836258885897 0.9248836258885897 0.932389965086239 0.9365635071111564 0.9379729459040433 0.9399664310480005 0.9438425627791048 0.9453595200497722 0.9475959389266172 0.9501460611154735 0.9533904037043377 0.9550317490069703 0.9561099430821202 0.957123028672206 0.9580942372793402 0.9596684213694966 0.9612604041312818 0.9631596803007373 0.9653562678864833 0.9684678578326712 0.9685631597904213 0.9709091154754756 0.9726324874729291 0.9736410679171699 0.9763640299860384 0.9777354150561917 0.9781516425052748 0.9793173726774824 0.980463188714352 0.98317069695717 0.9850451326309722 0.9860002355740086 0.9877029583426393 0.9889085683675954 0.9898543974215631 0.9928215383771481 0.9932946129749823 0.9943978341829093 0.9961242236099366 0.9993545610911977 1.0002970650782725 1.0010918838363172 1.0030843958770734 1.004008642524919 1.0053204969023335 1.0087117229863982 1.0105342477510975 1.011402047289304 1.015301782193819 1.016325855511451 1.0187229085846639 1.0212289653372175 1.0223505078271493 1.027103869618659 1.0278172466519868 1.0303600058418731 1.0348681848160377 1.0384103115692769 1.0403084069086672 1.0465348227405704 1.0487950803819392 1.0749971920035009 1.0780334809471113 1.2182857780630383 1.3691050487997014
64 1024 4.195557710970661 1.3704175936042902 0.9243786497025556 0.9243786497025556 0.9329560910340818 0.9352204067226766 0.9385897736836928 0.93965309290015 0.9430313156331396 0.9440439324324665 0.948676930604371 0.9496896370834504 0.9533211945048293 0.9540882656646267 0.9556947841007843 0.9564127344722072 0.957771416697335 0.9598967299628904 0.9614386904959522 0.9624632750558475 0.9641392639833705 0.9668722314116298 0.968522945806989 0.9704544879255257 0.9708745570620533 0.9749345624425343 0.9770616954835327 0.9778877253772128 0.9784421829700778 0.9796000735606294 0.9803553525826546 0.9832258151025777 0.9839836926640759 0.9847402286782764 0.9871268412940225 0.9890149273903598 0.9896813862376462 0.9917589495382166 0.9928028492450949 0.9939825262440893 0.9957172861824755 0.9996452264191825 1.000222442379047 1.0019242729701747 1.0024178993695234 1.0038791210191897 1.0060337042992114 1.0082893731780795 1.0100287644236188 1.0112284536497018 1.014966410318256 1.0171532707263333 1.0176346324834646 1.021578020851676 1.0235208265350249 1.026464764627137 1.0280834091768851 1.031208253879541 1.0353964252600407 1.0382180405346129 1.0412942190693366 1.0474309864586557 1.0488250137137727 1.0738408565753172 1.0774559592286377 1.229849258046507 1.3704175936042902
65 1040 4.247274635335784 1.3711357825084878 0.9241918886978379 0.9241918886978379 0.9329034996793214 0.9353277565412921 0.9383817059560258 0.9398209786439076 0.9427609586723674 0.9434318311123832 0.9481055861843575 0.9484135383968837 0.9525889841516877 0.9537236173867168 0.9558188573027663 0.9571610108468976 0.9579700424931324 0.9586248820107439 0.9602215632818148 0.9615925258012176 0.9622969066180824 0.9659386992061942 0.9682340926004159 0.9696626232361921 0.9718348551059872 0.973643924427387 0.9759499281777456 0.9764408737710445 0.9785798509151086 0.9794342772136008 0.9812466514528155 0.9821894362609217 0.9833273501858071 0.985764652194614 0.9869459511473694 0.9892000748876876 0.989830556436712 0.9913861719445419 0.9927845576079776 0.995249596041697 0.9954436697076903 0.9986095236372591 1.0001449679523453 1.0010969507136442 1.0022577941239075 1.0043258121477157 1.0061775880617458 1.007523012586643 1.010107116104765 1.0123719145848575 1.0154934387474717 1.01758109065413 1.0186670930649615 1.0214130036828615 1.0238423694012153 1.0262297658378299 1.028595402088276 1.0320471667996807 1.0372988056541144 1.0375173632167998 1.040396320158813 1.0476430611070413 1.0487851890172883 1.0732964358279087 1.0789383014960205 1.2392485350259923 1.3711357825084878
66 1056 4.259106441877912 1.3724452649990095 0.925605224513561 0.925605224513561 0.9320516695129403 0.9351656176867088 0.9357521865680567 0.9394079274084609 0.942087107681364 0.9432614189430195 0.9478978722762024 0.9482429364706584 0.9507369127345138 0.95241164945748 0.9555833315432988 0.9571727347007977 0.957813960110939 0.959956617190917 0.9601075402115329 0.9612077076362989 0.9620587302111784 0.9657730845644612 0.9682787478036432 0.9701850520592111 0.9714162187486904 0.9720233265430206 0.9739064340735255 0.9767956309343357 0.9785123402789746 0.9792234837899073 0.9808179838323184 0.9819162826541918 0.9825313287887074 0.9861212376194248 0.9873950106337656 0.9882444876782946 0.9893891234343544 0.9912866226049614 0.9930263738174965 0.995211150337626 0.9964559260225031 0.999003940678062 0.9995563561672515 1.001425527440852 1.001678211501602 1.0049524475861278 1.0060984008003762 1.0080616231344308 1.0092736877230923 1.0136138124977616 1.015135709065032 1.0181581075815582 1.0194228267348608 1.0203029743998835 1.0232309083603452 1.026648117502592 1.0294362913360966 1.035009762451531 1.0367859251355318 1.037924106044712 1.040639023263226 1.0477624990036813 1.0494904982680069 1.07255544408499 1.078732890529685 1.2500966528545474 1.3724452649990095
67 1072 4.250702593408961 1.3758710545074035 0.9251336548102502 0.9251336548102502 0.9320828606207845 0.9335507609493517 0.9354293232125397 0.9387853198476984 0.9400539800232133 0.9421146984496678 0.9474917045302824 0.9483448038395159 0.9493034062310742 0.9519820245824144 0.9556225848440388 0.9565086495466968 0.957871740328392 0.9587692426671418 0.9596592267770637 0.9602936457736475 0.9614462816520185 0.9647166061129708 0.9680739579410078 0.9698079490166829 0.9707561650222086 0.9718508649666253 0.9746625965712138 0.9764956310914547 0.9775214420830646 0.9791896812596291 0.9810061968310835 0.9817907739441138 0.9833285086539381 0.9863402908255446 0.9872390566263898 0.9881682477530431 0.9895059046612804 0.9906053540552716 0.9929070967377093 0.9956530855075222 0.997565818690057 0.9988897351378757 0.9996089003204756 1.0014035019844134 1.0019917419321582 1.0039631656046568 1.0064064965893018 1.007243577696413 1.010414555344562 1.0137575222562274 1.0148082961492446 1.0170423775442232 1.0202666827636206 1.0218282110377959 1.0234876070060923 1.0259511489365656 1.0289101664442666 1.03538625130683 1.0372973782618213 1.039448248102542 1.040418073393255 1.04789077527502 1.0505568880308611 1.0722039162105623 1.0787389359202129 1.257085247944384 1.3758710545074035
68 1088 4.2291219508134095 1.3768130737242188 0.9249197848917704 0.9249197848917704 0.9307069124685896 0.9322843141840528 0.9345106875893523 0.9385491002478319 0.9398528241439076 0.940602664386745 0.9470833768958029 0.9486792299566337 0.9492440461833891 0.9536739213514933 0.9546063187725624 0.954987635969118 0.9574126939913269 0.9579742384120399 0.9584921702518974 0.9599448394747517 0.9612378652267659 0.9641715833720235 0.96719302989738 0.9687114146644811 0.969850384406921 0.9726529906797335 0.9734400367689242 0.9755345132318124 0.9775429095356039 0.9793957985458738 0.9809565406634856 0.9812779238680825 0.9841008857982826 0.9862005637738157 0.9877762103107409 0.9885977357363666 0.9888906149283009 0.9908650835049205 0.9922473205678597 0.9959743917045562 0.9964684663041681 0.9983859330249308 1.0000295767384806 1.000420294973831 1.0026185499375178 1.005105515532571 1.0058966806186709 1.007295268872797 1.0106441660618672 1.0140291765831073 1.016201167206605 1.0174248577032607 1.0208506656248073 1.0224513596619642 1.023763193529465 1.0256836270636431 1.0298614696558266 1.0353901047356584 1.0377043046270764 1.039267461838321 1.0411346007392699 1.0480730429385663 1.0511086206415763 1.0721585057743037 1.0805439531600667 1.264223092339687 1.3768130737242188
69 1104 4.179488342863283 1.378414617929353 0.9244942387319044 0.9244942387319044 0.9300561502223322 0.9326947258671533 0.9341669054252516 0.9366558792302004 0.9399471402538037 0.9408329783351017 0.9466715122876599 0.9487312308609476 0.9493997767974474 0.9525993708113947 0.9535624381170883 0.9539261479673146 0.9564685501592376 0.9569657655074049 0.9586067413378911 0.95928480141535 0.9602862846485843 0.963769409983898 0.9665318040132632 0.9682172705304567 0.9691477754220159 0.9729865362245339 0.9743569615738721 0.9758470978106886 0.9780754164097771 0.979260706158947 0.9796779041788097 0.9814893995454513 0.9837282441581503 0.9872013993473022 0.9876396205857986 0.9890744276070031 0.9901773002564747 0.9907615584906097 0.9926338215834233 0.9952564619702675 0.9953090794900994 0.9991341642886588 0.9994944988901415 1.0006741255036724 1.0026768786588178 1.005417033024566 1.0065084306392307 1.0085288091638687 1.0115144440855983 1.0135642095084685 1.0157938916424019 1.0180745945969998 1.0200816318249257 1.0222987150114549 1.024059951787803 1.0265997841533274 1.0296229226613587 1.0352450309467143 1.0375651792341498 1.0391112949642571 1.0420782394750034 1.0477705620079034 1.0505192393196714 1.0721905683250685 1.0804579081719277 1.2702354009236136 1.378414617929353
70 1120 4.107077523025278 1.377575243024347 0.9237432475918727 0.9237432475918727 0.9292818030662852 0.9321324486190005 0.9347342694736288 0.9360654464188154 0.9402658737584881 0.9411303481892255 0.9464753957063868 0.9471754967234598 0.9499681262540919 0.9522184669295154 0.9533178873033006 0.9540333446435149 0.9560452469296139 0.9567593945592456 0.9583402079757096 0.959166053494782 0.9598399433833661 0.9638248294642294 0.9661180327855833 0.9676957106827494 0.9686987888032433 0.9729103128605311 0.9731969049396872 0.9747603454106669 0.9772531996570933 0.9788726234057527 0.9795628358720542 0.9822710697856761 0.983463461608143 0.9864476594692488 0.9871241204248828 0.9887620660079909 0.9894166070902634 0.9908172886052419 0.9915780871453941 0.9948124149848253 0.9951451900575278 0.9979627028643033 1.0001586456186031 1.0011795818063858 1.001986405357115 1.0051467501335403 1.007906613988463 1.009857102153646 1.011116403901308 1.0137985558326759 1.0156563542609187 1.016377360886349 1.0207894483633178 1.0228162736525885 1.0241755604816412 1.0258878214977347 1.0282163133381435 1.0351795115200002 1.035567424825189 1.0402466906071879 1.0428391772725902 1.0481507064800812 1.0518348739025174 1.0721941124242085 1.0806094435693319 1.2744800135823047 1.377575243024347
71 1136 4.055235175600836 1.3768343871724302 0.9225408521985969 0.9225408521985969 0.9290296954535712 0.9318072857751517 0.934680356137408 0.9353946495833387 0.939212687499507 0.9409200940585548 0.9457882429525029 0.9472530838741334 0.9477136628687701 0.9518726925481845 0.9523985335532807 0.9534878118574592 0.9554640214323048 0.9565368713065634 0.958104056566947 0.9593786672189298 0.9598471649185774 0.9631825450365837 0.9660022284319832 0.9674965498192488 0.9679108164108055 0.9693084870308649 0.9742530094369177 0.9758858103648875 0.9771197944256995 0.9778268420746996 0.9798744697853661 0.9812068329752216 0.9830766380611039 0.9855683184245997 0.9868930150612839 0.9873148554411819 0.9894072752791597 0.9907457667124279 0.9923908397624738 0.994623519520928 0.9961037570280813 0.9968918573795693 0.9999018551785847 1.0020986332608741 1.0038571102454483 1.0053839143648253 1.0075077531292491 1.009273037030497 1.0110983489101804 1.014086842244115 1.0148812786798358 1.016699515040664 1.0210811920740055 1.0221949901317942 1.0249022638763212 1.0257599461309619 1.0283293277862835 1.0332476420835606 1.035857351270935 1.0393655545544496 1.0433073879333263 1.0489882224264966 1.0528704584332786 1.0739982980588623 1.0801817926958177 1.2783423179467523 1.3768343871724302
72 1152 3.974577000510703 1.3771308225117622 0.9215500283775667 0.9215500283775667 0.9286317820169463 0.9315525455508629 0.933501804173694 0.9346253072364687 0.9391368681612665 0.9406569167969183 0.9452576471887623 0.9468412930759001 0.9479279543497701 0.9502889329651197 0.9511005696584495 0.9529066630882583 0.9543727647822355 0.9556443422745752 0.9578211420275031 0.9581273219189452 0.9601011063399937 0.9630975281790054 0.965182755903673 0.9665848722789152 0.9674214526529685 0.9689808727054582 0.9747767682637732 0.9762972985362065 0.9776274419115748 0.978639106489067 0.9794659244821551 0.9813033851078707 0.9819287484750959 0.9840312115158604 0.9875468567489966 0.9884704049798722 0.989681715904807 0.9903234606766951 0.9921406625488911 0.994241788248695 0.9948500131902631 0.9968235883869655 1.0004711599108937 1.0023572150281297 1.004626461452025 1.0065994244681296 1.0079820749394428 1.01001188174027 1.011459548169056 1.0144384712298766 1.0152108906465915 1.0172663636685226 1.021571528974186 1.022630224346549 1.025001539521453 1.0272260072979067 1.0291688646077626 1.032799449985815 1.0355028327339955 1.0391454030585219 1.0426103153354476 1.049705301549725 1.0533809160208816 1.0739739281530227 1.0801454776380852 1.2818259878506186 1.3771308225117622
73 1168 3.8825579406967217 1.376638443965234 0.92059722185311 0.92059722185311 0.9279602221317177 0.9313968942030293 0.9334117650197251 0.9343096229706556 0.9389684044394787 0.9409583798011449 0.9455838396443421 0.9467173114981013 0.9474330882256929 0.9498961057686842 0.9509043336940083 0.9522527996582764 0.954091973642827 0.9547586912408983 0.9584170845367338 0.9592021829578312 0.9599069839964306 0.9627713505858178 0.9656116382894073 0.9663849245559819 0.9673734415058464 0.9687557468944278 0.9737686602898227 0.9758161730450858 0.9770851035005614 0.9785111805381139 0.979294700002306 0.9812526024371172 0.9821632886176422 0.9838489397820759 0.9870892722336451 0.9880301063787108 0.9894133432809327 0.9901331843453636 0.9925346701641142 0.9934144803213271 0.9949819165014302 0.9975495695374269 0.9984953088014625 1.0024441118450451 1.0045606086197745 1.0060851227441423 1.0081597948873546 1.0098106175020192 1.0112709070679247 1.013794113912619 1.0148741487978423 1.017072956866182 1.0209836728195296 1.022220313063854 1.025578493014434 1.0277398942608889 1.030255300292176 1.0330482638793697 1.0372216353251926 1.0398875946924635 1.0437911798559298 1.051457059031549 1.053982006444311 1.0737394319586673 1.079322413850442 1.283342392070398 1.376638443965234
74 1184 3.774935826021735 1.3762348614608688 0.9198268022999151 0.9198268022999151 0.9275534232557634 0.9306950002070321 0.9334009520601352 0.9350081985574485 0.9386992567947661 0.940863606755062 0.9440741343309408 0.9456253748073465 0.947921115002282 0.9491583439350351 0.9500010374034326 0.9519321403457671 0.95380462532977 0.9551649107286307 0.9573750593132363 0.959081117870339 0.9600180772717508 0.9621567009929047 0.9653431002507624 0.9656077956891624 0.9681243858337786 0.9690749202497029 0.9740538812287397 0.97542249020014 0.9764301865031326 0.9785955692472972 0.9793393107780881 0.9799001385987055 0.9811048727162921 0.9833677340014785 0.9857875029292784 0.9873896541303161 0.9890741656117444 0.9899096681644449 0.9928248816116305 0.9929102256759905 0.9944976136861242 0.9981513268982847 0.9989227867236677 1.0020970614130318 1.0043951997425267 1.0053509143436712 1.0082293385877794 1.0089029273690924 1.0114631885458645 1.0134432138405327 1.0169476594957445 1.018240036806874 1.020354470833056 1.0225212907851013 1.026133694096597 1.0279655689529248 1.0296100461795954 1.0329581435264894 1.036200711035366 1.0402750571958548 1.0443536634937665 1.052245000725869 1.0556837654498232 1.0745286419076405 1.0800299126670547 1.285226029570227 1.3762348614608688
75 1200 3.6884545397171387 1.3765394740034762 0.9199027268938393 0.9199027268938393 0.9281459645937031 0.9304048247714262 0.9328486313636755 0.9351668089940333 0.9386503553990334 0.9395444241250345 0.9434994159177287 0.9450323484494262 0.9464488795156273 0.949162726545678 0.9500787087902066 0.9510688607090223 0.9537210525634783 0.9547541198774335 0.956998733725277 0.9586875140733129 0.9597697148028447 0.9621847698929356 0.9645283722949928 0.965841502464231 0.9672980998190133 0.9694966272968777 0.974329648555713 0.9745658607163694 0.9763012264062462 0.9776472027815679 0.9788142371214181 0.9796287083698423 0.9811766405594496 0.9836266447038174 0.9849777124075917 0.9878013485924486 0.9889184920093907 0.9898653677419084 0.9929267736757788 0.9937892077727337 0.9958786403076965 0.997304559354199 0.999207151913432 1.0016510508574186 1.0038607628131975 1.0047238800685887 1.0075896133931679 1.0084687528552612 1.0113566042164144 1.0134375268876195 1.0171834458850169 1.0178804221889406 1.0203347968285144 1.0242665857050672 1.0268155079509245 1.0283769671873564 1.0295572110288373 1.0338133382858001 1.035815372143777 1.0400622769559547 1.044902549904927 1.0521550586208754 1.0569798490065179 1.0743685825255502 1.0808506432535772 1.2856709783326814 1.3765394740034762
76 1216 3.620143492139499 1.376467258584705 0.9190349207356606 0.9190349207356606 0.9278951245644885 0.9302974553199067 0.9320134244749027 0.9352195842188933 0.9355810248424977 0.9397518659965259 0.9428013778437349 0.9440242973633128 0.9458505329274146 0.949556963700206 0.9502336055444082 0.9510638226306701 0.9532222686141778 0.9546409763221255 0.9564468074666713 0.9588151315666918 0.9595136510196958 0.961309912003129 0.9639496733080155 0.9653886318600817 0.9662186567294627 0.9689409070184003 0.9735032502172075 0.9744149487075967 0.9766495534984547 0.9773775499877327 0.9784984544114808 0.9793451681770146 0.9801227581063955 0.9839539756833126 0.9851871424175729 0.9877024556986674 0.9893181251556964 0.989675637971386 0.991124879214824 0.9940861845085857 0.9952041305107977 0.9973333585589421 0.9999486049972285 1.0011453938338808 1.0032296102107958 1.0056777238314967 1.0074837837774173 1.0089957474723594 1.0101440512973636 1.014276570176833 1.016568677592418 1.0174739136976392 1.0209328479535487 1.0248735928809558 1.0266275970899736 1.0282976865184736 1.0299207173229552 1.0326788867132284 1.0360557408557527 1.0394146235163118 1.04435412610606 1.0514860159358719 1.0615125274042359 1.0749091330533829 1.081152449608663 1.289157088529622 1.376467258584705
77 1232 3.5886946929315013 1.3763746069640017 0.9186935965484373 0.9186935965484373 0.9277547248152076 0.9302681412396805 0.9314483932775098 0.9350198429651732 0.9356375069212229 0.9395942307068229 0.9415986283923516 0.9437439936467765 0.9461801352394856 0.9490718543103827 0.9504310552927254 0.951620532951738 0.9528012620219364 0.9541410331760584 0.9563730252672178 0.9590136816554965 0.9601336750500487 0.9607728397360968 0.9630525139510031 0.9650375939351629 0.9659424920805872 0.9691248751621617 0.9722840520691746 0.9737885713401019 0.9755002027964947 0.9774464944069023 0.9779550388337657 0.9786778891906291 0.9799137955503285 0.9834067260124155 0.9856322065479267 0.988515330669583 0.98873062636999 0.9889836556829918 0.9929100864640203 0.9940759368464851 0.9970912454646437 0.9977007633608923 0.9990966048301577 1.0011418966600398 1.0030348650662706 1.004849270091569 1.0080688217775675 1.0083013992136478 1.0096316328543935 1.0149274697295851 1.016751902467254 1.017915399592403 1.0199058416802609 1.0237696895285757 1.025518013099926 1.027880740837353 1.0302480194637749 1.0320352536413444 1.0358160872425755 1.0400828290385986 1.0448151590713701 1.0509502804977555 1.0639462064021206 1.0755598161105546 1.0817407426200583 1.290441772715558 1.3763746069640017
78 1248 3.561799886437915 1.3768587673481725 0.9185636666641163 0.9185636666641163 0.9265477758940981 0.9298283835770611 0.9306160464631782 0.9329870786021431 0.9360055379537209 0.9397048433917231 0.9413897471015004 0.9425582745840012 0.9453366810866797 0.9498774011886325 0.9502706635154489 0.9513953609050353 0.95276572624196 0.9536627354129757 0.9560423871251451 0.9586847063731239 0.9592574161920976 0.9608155621434381 0.9628621501870128 0.9652246720964585 0.9655313373126738 0.9672951212786437 0.9719034024220312 0.9736937043010441 0.9747551605639169 0.9775402877085221 0.977927002160187 0.9784146621601606 0.9797323300369863 0.9824553711810508 0.9847050327153742 0.9876731144819378 0.9889551519694753 0.9894699854630216 0.9927455191522871 0.994961161662187 0.9958534570128503 0.9978322494571227 0.9985157105685436 1.0015075984432051 1.0034723483392003 1.004369025891637 1.0078003075526942 1.0087844765640268 1.0101883851347362 1.0148835239634517 1.0161950768180315 1.0165353366831642 1.0210248502884318 1.0243007486339668 1.0254150909792143 1.0285631236027395 1.0298072787946746 1.0310821556774614 1.0357177304912355 1.0401675326425885 1.0456584736035803 1.0515136952554454 1.067980917899979 1.0761370590809738 1.082358025861983 1.2938330260402189 1.3768587673481725
79 1264 3.583690212738685 1.3763994349582713 0.9190850102608877 0.9190850102608877 0.9259073611185832 0.9289164549572303 0.9299840587188091 0.933313700010907 0.936012658169488 0.9397132561999553 0.940477604926462 0.9435510389437306 0.9448268815602615 0.9497382417055502 0.9504772464636301 0.9509643072361739 0.9521387147515536 0.953696965443759 0.9560057857002587 0.9581941358036958 0.9587079882193026 0.9617627853899429 0.9634395438581911 0.9648122393687154 0.9667538173631123 0.9678189365426888 0.9713053192632398 0.9721350431830538 0.9745735343385787 0.9763355996939009 0.9773799266153673 0.9776295927775193 0.9800198731680573 0.981894321440784 0.9847966238196012 0.9865319671027851 0.988361704635509 0.9891721234758496 0.9934442662209323 0.9956822414360952 0.9959989831481249 0.9981976205286098 0.9993414611144391 1.0008887281264798 1.0038962969627003 1.005569878747353 1.0066193624591424 1.009197724021961 1.010230264506314 1.0145912960708057 1.0159897674325038 1.0173896641031368 1.0206781846127824 1.024049624662846 1.025131940637339 1.0280555190522387 1.0298423588479826 1.0310210843038046 1.035590150550886 1.0399311518141612 1.0449793788467894 1.0506999859544914 1.0714465296652258 1.0750282962454336 1.082337268134247 1.2967536694240533 1.3763994349582713
80 1280 3.613272443271551 1.3768007256391266 0.915843149773643 0.915843149773643 0.9243499810008062 0.9274840833582817 0.9304334135299889 0.9331900530746315 0.9354095800701804 0.9396197756870409 0.9416058775031179 0.9437133903610662 0.9445947537005285 0.9474294581387727 0.950232006908089 0.9512352327934762 0.9523785652902044 0.953497624938706 0.9562635227789499 0.957442473564617 0.9586088471826711 0.9619924026727071 0.963271335686211 0.9653227117332264 0.9666362015545932 0.9681635342838475 0.9712896190010216 0.971799822125685 0.9741818758701755 0.9753855752202111 0.9767699514789767 0.9772738926839584 0.9803406748294167 0.9833601373086659 0.9839870961539774 0.9864292124555278 0.9877150391741507 0.9892246266592549 0.9945877171040388 0.9948556336365917 0.9958036482050181 0.9989879032993244 0.9997353177606043 1.0012143015091912 1.0029329407407355 1.005384873487435 1.0064556585741071 1.0078946851854562 1.0116083442844512 1.0144788656242383 1.015544067225734 1.0173398474745725 1.0207194147597671 1.0241787804153801 1.0258353930859505 1.0275243793368203 1.0304725094416138 1.0323941690711207 1.0364471433837166 1.04105327005155 1.0463072756043508 1.0504594042241793 1.073351274574458 1.0761660437114355 1.0852462677009342 1.300341007175732 1.3768007256391266
81 1296 3.623509946138689 1.3791814729563616 0.915178194277705 0.915178194277705 0.9247295958137348 0.9260011135619198 0.9310071842242268 0.9314858936364299 0.9356543119169224 0.9390257925500121 0.9413618614065261 0.9417545817286753 0.9446140309910511 0.9469413026651159 0.9499334255287959 0.9511742291806036 0.9518903318227215 0.9539914260423803 0.9557912507901982 0.9572100829357575 0.9590015253724553 0.9615539123663487 0.9632150703919261 0.9652490616449514 0.9669966890621445 0.9683302244154935 0.9702965472180619 0.9717962591302434 0.9742350566774647 0.975055563981553 0.9770422004278098 0.978698749306277 0.9805194024682015 0.983171757304765 0.9841931736789014 0.9859857876128543 0.9882120186773793 0.991317066038602 0.9924217149742853 0.9947971004589474 0.9970430253051965 0.9983846460265501 0.999425474218892 1.0012717537779992 1.0028920583419443 1.005353142530414 1.006824040186724 1.0075533840709465 1.0117047707800375 1.0132389673172282 1.016181598140488 1.0177244907243852 1.0199787539747696 1.0241640360852058 1.0250753591519015 1.0283232075624151 1.0304792709965467 1.032663984215382 1.036033899478972 1.0415601900376081 1.0455721622056637 1.0493247299487065 1.0747633462534953 1.0788767206706376 1.0883094115815923 1.302953904483683 1.3791814729563616
82 1312 3.630021650518392 1.3798903021836662 0.9139316321308328 0.9139316321308328 0.9241997700459976 0.9246145440704007 0.9291938715852367 0.9313316604037921 0.9346770341150938 0.9389275647451562 0.9407804816846527 0.9422590443798058 0.9434663817261555 0.9451391914114787 0.9497508829617289 0.9507689821808529 0.9521098106319965 0.9537566111029058 0.9557732743881059 0.9572910469148272 0.9587769629050648 0.9609678894038037 0.961737697811354 0.9651938126549058 0.9669149792021283 0.968694369619535 0.9704998436658382 0.9715921059846578 0.9735365754737216 0.9758285391807006 0.9767691541469647 0.9789492293924171 0.980134715984884 0.9829259528537592 0.9838958002474497 0.9857743238239415 0.9883521810445431 0.9909753474955558 0.9917917248925869 0.9939236464514594 0.9968333602912376 0.9983030665987429 0.999393391763409 1.0014624706109623 1.0039757056190994 1.0049712309150658 1.0065635258884669 1.007109828088521 1.01146309895555 1.0124541914989662 1.0168050962459587 1.0177321572948252 1.0202998691930618 1.024336044421795 1.0256007612504265 1.027686219034297 1.0316899436268017 1.032797415303025 1.0391860846280772 1.040989033700669 1.0456652939659918 1.049603365540116 1.0744442294285121 1.080677181802049 1.091844554286035 1.3062221383025463 1.3798903021836662
83 1328 3.625959304513503 1.380993804632643 0.9133124864243674 0.9133124864243674 0.9226371670579562 0.924364590352264 0.928764192164727 0.9305257223315292 0.9337078925296027 0.9389697925356895 0.9407627663495627 0.9422575894014568 0.9426301162242888 0.9458239515268753 0.9493246428533958 0.950443531186948 0.9520661627018255 0.9526869023709789 0.9556069012445821 0.955968653595978 0.9596224070626882 0.960186970195046 0.9616918502002251 0.9640053088758448 0.9661206626712743 0.9681217859631505 0.970718215901356 0.9729203591791562 0.9741199359468828 0.9750325110356391 0.9765235489075252 0.9787481247056522 0.9799762508635976 0.9829074852603678 0.983682091544429 0.98588372565946 0.9883954699728751 0.9904156560246438 0.9916295055091863 0.9937500243314529 0.9962643134594235 0.997918210367207 1.0001228090030345 1.001230217554006 1.002349175659928 1.0039754730536616 1.0063298404088543 1.007337929953368 1.0118347388140487 1.0139814001462761 1.0169757039437708 1.0181208506140145 1.0205267877237336 1.0243225004406875 1.0257461270722361 1.0272819568526126 1.0311872902016932 1.032557937744754 1.040262985877612 1.0419917899469855 1.0440149357193507 1.0498161409849398 1.0756335056373585 1.08176332995372 1.0964112313130951 1.3079705486346764 1.380993804632643
84 1344 3.612420552180805 1.380510743695528 0.9132938573369439 0.9132938573369439 0.9211501686798668 0.9247868477724845 0.9277993752015338 0.9299235445733062 0.9336631242391386 0.9380113456697908 0.9400636850161903 0.942249267193524 0.9432384201105486 0.9459954227521656 0.9484863472359942 0.9498666157781444 0.9517743888853388 0.9532918365254444 0.9548581064608213 0.9554070270049264 0.9593498235997877 0.9605862127341269 0.9619519585302231 0.9632566998372032 0.9659345119262398 0.9682501420624972 0.9714949308370635 0.9725256397963402 0.9731044809016891 0.9742030445490089 0.9765330447091208 0.9781949090875062 0.9798297835150901 0.9823725222663625 0.9836383130121527 0.9864342700968226 0.9878761450643447 0.9898989411722382 0.9915624390383692 0.9936982586110594 0.9951042232427434 0.9974192962474344 0.9988209837364035 1.0003755609946685 1.002377237927408 1.0034532605611342 1.006098083406107 1.0073405949788627 1.0118695653761018 1.013857897008496 1.017397235475064 1.0178971339814067 1.0203880594673662 1.0242128249289253 1.0260126731119812 1.0273506205303633 1.0301375847853986 1.0333068434777333 1.0407130235573667 1.0419314627083154 1.0435840867308739 1.0499036391514207 1.075576180659439 1.0818150126189792 1.1008364344341353 1.3101636106943044 1.380510743695528
85 1360 3.6023976941590337 1.3803494486502137 0.9133396318495919 0.9133396318495919 0.9204165687745127 0.9234643048529093 0.9275498007334819 0.9299927381288721 0.9340855038020704 0.9373770711456928 0.9395219588747313 0.9419843314632348 0.9432501195507853 0.9458852733213867 0.9474082761190106 0.9496622608178767 0.9516044969825329 0.9535510981266067 0.9543631967116909 0.9562622959318635 0.9586382617614112 0.9604368557994474 0.9615438744340667 0.9629685653235556 0.965670561240925 0.9684416378219054 0.9700503528863264 0.9713740077326671 0.9731604272039547 0.9743514771622421 0.9762045046960867 0.9777876104143727 0.9786365343134158 0.9814623845337946 0.9837557084187075 0.985159695724079 0.9881968629962988 0.9894419348113029 0.9906556927865847 0.9938030972447154 0.9954452110373054 0.9965685297748563 0.9986341153899237 1.0002782235300445 1.0021101621486956 1.002726853735454 1.0048908605153006 1.007504491580744 1.0116176200497864 1.014749320058153 1.0175450885703181 1.0176692481219844 1.0206146756025347 1.0249598556823278 1.0262117601891454 1.0273297800889982 1.0295101125879182 1.0331600977128124 1.0399234924948215 1.0424029940868837 1.043107784085043 1.0512499626225804 1.0744509553285553 1.0818670459947977 1.1051391561730497 1.309931649907182 1.3803494486502137
86 1376 3.5875538614502682 1.3807066969267379 0.9121562948897942 0.9121562948897942 0.9189381402260439 0.9245095053239201 0.9260862667187243 0.9300427598954977 0.932651677850216 0.9369473574578703 0.9395075314761467 0.9419857912475083 0.9426399013641438 0.9445680656676957 0.9475005029596466 0.9487770418081579 0.9517860020744647 0.952776512528752 0.9543448450912764 0.9554375956168127 0.957197474494982 0.960106908692588 0.9614780087667321 0.963197475403474 0.9655853525038917 0.9678985349271633 0.9695857783107588 0.9709817593533822 0.9727167019134348 0.9737782238789454 0.9757078569151795 0.9771687969365278 0.9782342279398681 0.981611364681124 0.9841100873986282 0.9846386626743499 0.9868871704907181 0.988549303199622 0.9900461413628415 0.9938544816300602 0.9953287688387522 0.9966098029448517 0.998398636534657 1.0000748597203961 1.0021562851470769 1.002574463539677 1.0052676769253026 1.0100306079659538 1.0115476416112164 1.0151581223921622 1.0165502118773033 1.0179771923574128 1.0196691753015936 1.024142878415546 1.0263763965188901 1.0271301500927474 1.0295935545830002 1.033259440997837 1.0405836938423787 1.043304889171949 1.0439213570709671 1.0534508802739628 1.0744118847371955 1.081395883732917 1.11036977812393 1.3107737189132338 1.3807066969267379
87 1392 3.549585074593318 1.3805514862213848 0.9108071750941684 0.9108071750941684 0.9193373908469598 0.9248203897271321 0.9262495846170583 0.9284496699546106 0.9327731367411143 0.9366764471878035 0.9383766861064586 0.9407364897302287 0.9427185231057922 0.9447411699442233 0.9470703136198284 0.948206858692053 0.9511875632412993 0.9523709891911253 0.9543184029053552 0.9554545531060167 0.956240480471643 0.9601772727913506 0.9612831310491577 0.9630544183509097 0.96397899545165 0.968387435350008 0.9690334395825752 0.971637508166196 0.9732123531256263 0.9735266138017864 0.9757015016370023 0.9759972332428879 0.9794279758782505 0.9812720843326527 0.9826697688188438 0.9849887848589975 0.9856636585466803 0.988719981066505 0.9897733183025993 0.9936122356684667 0.9944477519284268 0.9965084444314094 0.9997887199603358 1.0000342612864568 1.001427032381797 1.0033901620539263 1.0046407406072309 1.0109365301509938 1.0112748538720373 1.0147868533156597 1.0169726501000953 1.018222911319514 1.0223112105330188 1.0245566825271444 1.0262273918587996 1.0266831160953196 1.030258500254866 1.0345858544758453 1.0407441903576133 1.0425739551715199 1.0440992207478612 1.0546839963213448 1.0753432509756786 1.0807514988963443 1.1164197696142044 1.3123140302049079 1.3805514862213848
88 1408 3.538374871901994 1.3805162628602436 0.9112441258451737 0.9112441258451737 0.9189737611730763 0.9245651195729008 0.9258779606368635 0.927993582117292 0.9322558792844391 0.9361773600723761 0.9373029974891798 0.9398246649052076 0.9416482167698568 0.944722580215994 0.9464242914745364 0.9474585322936991 0.9516639000921989 0.952056312967866 0.954086984786044 0.9549875144990798 0.9559072768543639 0.9594038255345763 0.9600270243862626 0.9613189228899707 0.9648005808666122 0.9678454171138275 0.9689215626897848 0.9707403433186564 0.9728807357489412 0.9741827717737946 0.974915502884326 0.97610177160643 0.9801390328473457 0.9814022287280881 0.9823560797796396 0.9854455345752985 0.9858313353942368 0.9880276182595791 0.9892095736359781 0.9937033738113529 0.9943722494561643 0.9959375327332434 0.99891005170502 0.9998154966014027 1.000868169096808 1.0036206564687287 1.0047582769337486 1.009808784830739 1.012092941321425 1.0153551057807164 1.0178605431141883 1.019699941498083 1.0227101937690142 1.0239471234820132 1.0248149817392669 1.0266630141889417 1.029560835221531 1.0340690712829257 1.0409491866742264 1.0439573616534987 1.0451563974315767 1.0565089802458854 1.0764272586569412 1.0813803166315799 1.121266500469341 1.3136599291838624 1.3805162628602436
89 1424 3.510220169708752 1.382031660155061 0.9110469671993927 0.9110469671993927 0.9189213089428366 0.9249667453313616 0.9256958002440554 0.9274266438133514 0.9325638092632338 0.9336596936684477 0.9367822818454672 0.9401032489345359 0.9407907625779268 0.944435321212024 0.9453918014742428 0.9480195533214635 0.9505582497643091 0.9513226071019929 0.9538947839044313 0.9543424805010808 0.9557541083923546 0.9583768647357522 0.9595838867033757 0.9615762352462628 0.9652068051631267 0.9660325065713563 0.9688130999840794 0.9697681526443661 0.9714504808461466 0.9743177617095179 0.97524177312984 0.976457471834632 0.9800607676057114 0.9814181447135792 0.9830318357835196 0.9851951054996847 0.9868614373805145 0.9885512629128187 0.990111240539577 0.9924998957234252 0.9948701005428193 0.9961041631067451 0.9981698115911682 1.0003770770320521 1.001248142224796 1.0028699979069782 1.0036117145515853 1.0089640002758309 1.0125333882769534 1.0147170591351795 1.017641237966855 1.0193148461583612 1.02244273534745 1.024367856605549 1.0245947952570569 1.0278980947145155 1.0304136295240016 1.0336098057760146 1.0412962746658456 1.0438086780431528 1.0442356213706938 1.0583842997111652 1.0757857225941985 1.0814202734438496 1.126352123156408 1.3150018281628388 1.382031660155061
90 1440 3.4982483592410536 1.3818753029113007 0.9097973477585448 0.9097973477585448 0.9190681469866364 0.924861929816323 0.925747991058521 0.9277335842255306 0.9323108364795093 0.9337436480793219 0.9355711263611417 0.9394708509570534 0.9404901620309177 0.9420260788185237 0.944937957119156 0.9462373562863757 0.9502310023373159 0.9512972601467219 0.953525319945051 0.9546177095943843 0.9554614702520037 0.9583526182619283 0.959725341772582 0.960886482876141 0.9656341498018454 0.9662265309997797 0.9683301449075002 0.9700912325202072 0.9710827326718904 0.9737930799940547 0.9753262198624314 0.9770446830839954 0.9793993683765309 0.9813414271632777 0.9830416665803946 0.9839369415737816 0.9870455912952653 0.9895025583071078 0.9899129572262862 0.9931221974303464 0.9947867795475959 0.9967405418803954 0.9981392296308181 1.0008796883226856 1.001171736800012 1.0029422132622567 1.0043583919068997 1.008548365671276 1.0119326845713523 1.0167198276945735 1.0179274585476559 1.019308043233127 1.022268368584091 1.0248552922965433 1.0253082941612226 1.0282969229121333 1.0294691554773934 1.0333234137821985 1.0412790271603038 1.0435249923146572 1.0457704614892374 1.0587653346836094 1.0750576702401762 1.0807505190529418 1.130082577914164 1.3163654700175327 1.3818753029113007
91 1456 3.47307079812031 1.382713975582332 0.9089871719141217 0.9089871719141217 0.9177293989086924 0.9241720495271037 0.9255268453122789 0.9266004201803391 0.9308088411589126 0.9339957081414222 0.9360043907941646 0.9376440945357604 0.9398228059127726 0.9421925985704069 0.9442744397956585 0.9457634897585311 0.9497326248348988 0.9508653108753363 0.952492188368224 0.9538587849470912 0.9553040148437839 0.9582798473355622 0.9601361632493397 0.9615236223458499 0.9651642969411076 0.9659913840259724 0.968376915099672 0.9703143261663632 0.9712310240309899 0.973188835716862 0.9758312863381654 0.9767255704661983 0.9795079374986253 0.9797985129300048 0.9823260765244035 0.9833611187384763 0.9865539877010319 0.9894334646101022 0.9916256891855938 0.9935741933799012 0.9950912409976845 0.9963203648292565 0.9976898108507628 1.0006068437758655 1.0017338271486602 1.0037848997042569 1.0046640569829255 1.0085301356379262 1.0123517598716345 1.0156360379067126 1.0168015371816042 1.0200926709985765 1.0227821593416517 1.025031638601538 1.0264813578393157 1.0296532284410942 1.030947083856473 1.0324501785391662 1.0417894877888363 1.0433175856630381 1.0446203069925275 1.0587132699371027 1.0738054437529545 1.0814336580674695 1.1332599963908958 1.3177345487751793 1.382713975582332
92 1472 3.43285799773883 1.3824444556444244 0.9087275919836895 0.9087275919836895 0.9179614342311226 0.9230504781520441 0.9250508449813196 0.9258822780431848 0.9289189551690223 0.934555170050803 0.9347501359204354 0.9367354728540392 0.9398693813096636 0.9427830044830177 0.9435384921862023 0.9461922406347979 0.9492952762657817 0.9513156990533256 0.9518892231881602 0.9535454993743877 0.9547795643185183 0.9573735259263223 0.9575703396858642 0.9617544754181955 0.9652906631779279 0.9663942081878636 0.967950141947196 0.9700024453071541 0.9708436201150957 0.9722715195717387 0.9740185408179434 0.976202915184412 0.9791751041311566 0.9800735660822214 0.9821797619875028 0.9826945885183396 0.984374846835491 0.9899630323586561 0.9905345423872359 0.9935469556369416 0.9949074797980392 0.9973271762026968 0.9978475642648262 1.000244635429987 1.0016587928087488 1.0038713049134862 1.0047360662697646 1.009236305641858 1.012298486635713 1.0155413937436328 1.01667076266637 1.0195915980779695 1.022812607799691 1.0248841056683948 1.0282487180553896 1.029769873293103 1.0325819536756649 1.0341478194961378 1.0413080645678965 1.0432777322046183 1.0447459390701517 1.058826394418493 1.074250967698414 1.0814492432200677 1.1347357130229385 1.315909191440011 1.3824444556444244
93 1488 3.387043153223464 1.3829821344806874 0.9085188000040769 0.9085188000040769 0.9168053616014042 0.9225943260061585 0.9246304354394401 0.9252501847537025 0.9282075993103837 0.9330834573925393 0.9341764962687262 0.9367648947006736 0.9390943637725718 0.9428406930057125 0.9437212795680008 0.9447404717145402 0.9486868041450245 0.9511786827455526 0.9523084615907013 0.9524829162339105 0.9540117944589896 0.9568862691522777 0.959136728824322 0.9610047179707847 0.9644732776467952 0.9667273013550965 0.968279373426068 0.9698887542164367 0.9709599317529705 0.9721635514559591 0.9742044919192341 0.9755543147930438 0.9785817941664949 0.9796286087197873 0.9822208861138898 0.9840146046914721 0.984247957384492 0.9888011201321674 0.9903383844703425 0.9932090955976318 0.9951083265892486 0.9964734039167257 0.9975224861191863 0.9995877164715018 1.0020751147424163 1.0030674778237705 1.004913242928283 1.009819371485381 1.0122260118387778 1.0156627445773128 1.0182241272851107 1.0194449593910697 1.0238839492519345 1.0247683872302609 1.0280086569011944 1.030041463004742 1.0321026592602942 1.0343805624159628 1.0409001307240964 1.0433780450275656 1.0447946280818297 1.0584905625165435 1.0740420661004206 1.0810056359178386 1.1379831736027806 1.316781040211725 1.3829821344806874
94 1504 3.3342168883443004 1.3827412238988104 0.9071161109021365 0.9071161109021365 0.916974770542791 0.922057809159124 0.9242530475490418 0.9247245456928522 0.9284147700161192 0.9332195838515589 0.9346986472589036 0.9357991236087367 0.9378949738074746 0.9426259666848738 0.943298390383508 0.9442214663992209 0.9484647989296587 0.9502524464713235 0.9524511510797191 0.9529681532229847 0.9539670126219186 0.9572962956173483 0.9588324832622394 0.9605680190308279 0.9646644575907938 0.966380899658299 0.9688205974498119 0.9691667533526365 0.9705192295964828 0.9721834466887977 0.9734953040812516 0.9755622897095038 0.9778043459901813 0.9795944542206718 0.9812248469689524 0.9843401430515737 0.9845983196204721 0.9886889443901858 0.9908014447933081 0.993333204916563 0.9944809869657188 0.9961193360977085 0.9976200666150488 0.9999054304121819 1.0017257735604381 1.002991125359665 1.0041255453470963 1.0102513472762995 1.0121394878767815 1.0159367548025056 1.0175227813767342 1.0185104902599393 1.0241934763747307 1.0254602123467411 1.0291565202536357 1.0302045180913588 1.0316708015149647 1.0346805804084669 1.0403191169974122 1.0450243536432167 1.04551686014845 1.059339890499349 1.0740296575488353 1.0807420507958974 1.1409714286684511 1.3162818341015863 1.3827412238988104
95 1520 3.2693283091198873 1.3833861750269212 0.9062756633204494 0.9062756633204494 0.9167225432409416 0.920859479797937 0.9237501883546189 0.924817802836841 0.9281129723719224 0.9311338569593189 0.9342736227328984 0.9362420853988345 0.9370426070574659 0.9423462697661944 0.942741513204234 0.9448754655423053 0.9483565012147047 0.9499366349491944 0.9511216460612794 0.9531662173518904 0.9539482955970245 0.9578182562412497 0.9583078365771894 0.9606281558144619 0.9640171145158251 0.9650539762857914 0.9678461281404531 0.9693292581106022 0.9705440946391397 0.971925026506858 0.9727706966191839 0.9752744070554282 0.9770016134780273 0.9795127793326815 0.9811821344109111 0.9841333641186897 0.9844728252803719 0.9896894847565044 0.9912443349840037 0.9933006357666332 0.994165856541132 0.9956186581501238 0.9973530578730607 0.9999627202280124 1.0005675868925255 1.0032522157824182 1.0065637631535627 1.009556413933652 1.012412839134888 1.0168643279708383 1.0171952184317894 1.0192141792975133 1.0228487932182968 1.025804619047466 1.0291536407899051 1.0304166169744746 1.0326739854345017 1.0347871450782873 1.0414739370836938 1.0452816705894756 1.0468807178703343 1.0593505078792307 1.0749513656958813 1.0800484647065478 1.142509682773673 1.3163313804119408 1.3833861750269212
96 1536 3.2236699688220423 1.382374870395488 0.9054202188937323 0.9054202188937323 0.9172818625116088 0.9212194578039017 0.9223334310083826 0.9249267271786784 0.9288939020890943 0.9300559399717632 0.9334625861734878 0.9353414455775728 0.9363426404306338 0.9394949577659532 0.9421388680932576 0.9449347468200013 0.9483721815748589 0.9505298653257656 0.9506329725531608 0.9530179435238664 0.9546539363447704 0.9570685944772376 0.9583828632175848 0.9606060962843065 0.9633256419975623 0.9654771432622289 0.9681289956042064 0.9687846733995122 0.9698358070413294 0.9722594122778851 0.9728415972390773 0.9748976135580579 0.9767686813147444 0.9796856862797012 0.9808539642453691 0.9841344321970097 0.9855782362220693 0.9887712050110417 0.9912013152361321 0.9937899695000374 0.994404409333193 0.9955286779887307 0.9968381455668035 0.9993673325932585 1.0014699759947578 1.0027353413287243 1.00720743623235 1.0101948659164381 1.0115835609448969 1.017284922189678 1.0178226560365224 1.0198531890765286 1.0219590381831212 1.0254905905618952 1.0290522195229888 1.0301045398058732 1.0336151079414768 1.0348946622793147 1.0414205318270382 1.0458894321868204 1.0475295294275522 1.0605221741400985 1.0748364468269214 1.0810616100235009 1.144042897828843 1.3161169190662938 1.382374870395488
97 1552 3.1904200287615625 1.3834651262413311 0.9058262577844485 0.9058262577844485 0.9162205798868159 0.9199344011773786 0.9231912121850258 0.9234996855314461 0.9283059539157579 0.9303376728942294 0.9322586130126796 0.9345990237054699 0.9364507389345104 0.9383264717891682 0.9413201970030708 0.9451488118579552 0.9479842362716945 0.9498763282360968 0.9523389398961125 0.9526994662627832 0.9540392708135214 0.9566382958134287 0.9579641544925748 0.9591996834866261 0.962451661337018 0.9663452841516584 0.9669966783969794 0.9687339237684925 0.9694647805259242 0.9705406828753964 0.9720765296875388 0.9752873666506185 0.9773409905114058 0.979640813035972 0.9817587768902286 0.9834903366345786 0.9861188977013038 0.9879719441806627 0.9916145048080736 0.9927473953826186 0.9939675703216232 0.994781010125656 0.9971589567002803 0.99926196141728 1.0006133489013442 1.0026801311782079 1.0060584621460658 1.0108097344431188 1.011737733095391 1.016039160822581 1.0178947021437557 1.0205215379004893 1.0213946084137975 1.027340261081222 1.0287895795406623 1.0309865466776307 1.0342379078599888 1.0354865363629313 1.0406553411574158 1.0461180627266926 1.0472563012261231 1.0616893638363747 1.0747953840757143 1.080848749900962 1.1452048604433358 1.316399101233428 1.3834651262413311
98 1568 3.1571301001508485 1.3824929694550956 0.9055043306708822 0.9055043306708822 0.9147427157585305 0.9196777347925033 0.9227918922553229 0.9232630481791403 0.9278431936063171 0.9302408479128778 0.9320492280986608 0.9331209598882613 0.9364092788231384 0.9390769893834344 0.9401091320859118 0.9448481816928112 0.9475047498952015 0.9498374287011757 0.9518055798872828 0.9525442193167358 0.9546660504046685 0.9570741392836726 0.9575406065908866 0.958975689728757 0.9610288989114196 0.9658792282591638 0.9680533096758118 0.9691016430754876 0.9693266431822227 0.9712386869336251 0.9724461774110534 0.975007423360425 0.9775972038581933 0.9796042029235004 0.9813284279947021 0.982866759394521 0.9861831211403351 0.9879680891592886 0.9921025077565583 0.9921156272424988 0.9947004205891963 0.9958384365693729 0.9969969675396879 0.9981243700740688 1.0011134220136841 1.0014235038346964 1.0052243838399537 1.0101298153979785 1.0113429799876015 1.0160206106016412 1.0182293363117623 1.0204674603418968 1.0214258013548765 1.0261716660872156 1.0299496114685855 1.0324635882698712 1.0341799501428095 1.0362679058777728 1.0410926473979618 1.0471819297078917 1.0482564105418033 1.063422772365054 1.073008087949408 1.081144951131675 1.147461937223054 1.3161721711495868 1.3824929694550956
99 1584 3.1335015017464998 1.3839718304587505 0.9054122332686797 0.9054122332686797 0.9139008318883656 0.9185920425257817 0.9217419823276112 0.922490058910985 0.9278944303667452 0.9302375906209097 0.931638504912107 0.9333477996533621 0.9366700429040943 0.9389354368806561 0.9399197954827826 0.943999195873141 0.9465579628236235 0.9492095370637538 0.9516429428499794 0.9524098451622425 0.9545476537999987 0.9564197456399058 0.957284233300136 0.9590071489895028 0.9610680270594494 0.965122722514732 0.9681768703859503 0.968508367402994 0.9696388081722854 0.9707442379904829 0.97161930452686 0.9745853532037237 0.9771175896130493 0.9792206524714264 0.9802861476672489 0.9827419086037776 0.9863705812207755 0.9880587748837625 0.9911066186233355 0.9919302173665486 0.994511848509983 0.9954063158812951 0.9966727178263605 0.9991964768037813 1.0018822459053849 1.0024065979221 1.0054605957248257 1.0104586372788587 1.0109239468703004 1.0154959223783784 1.0183644756213124 1.0213046210903898 1.0216797385112768 1.0265923841634057 1.0301038396507856 1.0324116865437543 1.035604102981583 1.0379425760167915 1.0412361537397665 1.0456629703606448 1.0483323379754426 1.0635233823766177 1.0736291492166663 1.0804370745555916 1.1494477747760046 1.3153763166039893 1.3839718304587505
100 1600 3.1186993020243197 1.3838133838278843 0.9050106753802055 0.9050106753802055 0.9130632222492734 0.9178326152795409 0.9202902069964493 0.9217301455654473 0.9261500551514809 0.93014369392345 0.9313404298088913 0.9316745280056835 0.9358403263907037 0.9393158590428368 0.9404776515288634 0.94293347812914 0.9464850657630974 0.9478613730360129 0.9504809027853803 0.9521514795806315 0.9537518249943482 0.9567863509192853 0.9570322720912562 0.9592395905623609 0.9607742818943784 0.9643385583860578 0.9669074965734595 0.9687571483550941 0.9689630685326207 0.970942558336751 0.9714842999757103 0.9742048591127508 0.9768905186032246 0.9799531679547864 0.981611662292104 0.9835491374358589 0.9871113748069882 0.988242128337258 0.9904240843241805 0.9915182497958712 0.9950703991404779 0.9956906472497722 0.9977925599489643 0.9997893971264998 1.0019119674962618 1.0028027887251494 1.006492450401846 1.0102004344243405 1.01187826682931 1.016115185262802 1.0187105005720598 1.0212078377049747 1.0228264382139518 1.0258194637337195 1.0294058287893446 1.032550658049129 1.035693949727489 1.0377399275804138 1.0423743926836502 1.0458363509498425 1.0482765558673568 1.0637614416187335 1.0730945531549285 1.0795192557413302 1.1525234325807718 1.3144507899064914 1.3838133838278843
100 1600 3.1186993020243197 1.3838133838278843 0.9050106753802055 0.9050106753802055 0.9130632222492734 0.9178326152795409 0.9202902069964493 0.9217301455654473 0.9261500551514809 0.93014369392345 0.9313404298088913 0.9316745280056835 0.9358403263907037 0.9393158590428368 0.9404776515288634 0.94293347812914 0.9464850657630974 0.9478613730360129 0.9504809027853803 0.9521514795806315 0.9537518249943482 0.9567863509192853 0.9570322720912562 0.9592395905623609 0.9607742818943784 0.9643385583860578 0.9669074965734595 0.9687571483550941 0.9689630685326207 0.970942558336751 0.9714842999757103 0.9742048591127508 0.9768905186032246 0.9799531679547864 0.981611662292104 0.9835491374358589 0.9871113748069882 0.988242128337258 0.9904240843241805 0.9915182497958712 0.9950703991404779 0.9956906472497722 0.9977925599489643 0.9997893971264998 1.0019119674962618 1.0028027887251494 1.006492450401846 1.0102004344243405 1.01187826682931 1.016115185262802 1.0187105005720598 1.0212078377049747 1.0228264382139518 1.0258194637337195 1.0294058287893446 1.032550658049129 1.035693949727489 1.0377399275804138 1.0423743926836502 1.0458363509498425 1.0482765558673568 1.0637614416187335 1.0730945531549285 1.0795192557413302 1.1525234325807718 1.3144507899064914 1.3838133838278843
