% # columns="iteration, evaluation, sigma, void, void,  stds==sigma*sigma_vec.scaling*sqrt(diag(C))", seed=486873, Sun Jun 14 18:50:23 2026, <python>{}</python>
1 16 3.550856614051726 0 0 3.553593186959508 3.5491943931754486 3.5498070500238894 3.5497961783656886 3.55172028440795 3.551207630142294 3.5506320353846075 3.5509126649666345 3.549830147304953 3.547357100511119 3.551136658022867 3.5426959401635765 3.5457590994474053 3.552383828645135 3.552064765226244 3.5517910221872886 3.5499164897226363 3.5488977140053724 3.5510726720722676 3.549011672533486 3.5497373033524875 3.5474613149816 3.558457148539783 3.546746627008888 3.552921034698802 3.547609324846149 3.5508613779977547 3.551814998780403 3.5490914474601567 3.54925043805944 3.547349542611299 3.553058956854539 3.552282372632306 3.551984883707333 3.5513900296777217 3.5521419340061917 3.553070475627286 3.551762786104569 3.5530759142761448 3.548732225205657 3.5497840600679083 3.5496026430395378 3.549878524384801 3.544810456474918 3.552470635964546 3.5588961556690504 3.5505245778290075 3.546165274142719 3.54952549970431 3.5476240548847175 3.5522000249916843 3.5494194036668762 3.549351879874058 3.5488477578733186 3.5496306287847434 3.5504758305556514 3.54261898390199 3.550864063209414 3.549460805412207 3.55531030378386 3.550644343514296 3.550260983636597 3.5460765663912435 3.550706491143786
2 32 3.4197031636121467 0 0 3.4225473073193453 3.417087487241808 3.419096976001009 3.4172646359279026 3.4182569571499033 3.4171291008488174 3.4178154618348477 3.421137972630827 3.4184973472080897 3.4178949683369395 3.4216130517381806 3.4144672482513507 3.4193234362799014 3.424164071609326 3.419034979721393 3.4206730522820616 3.4176082359680784 3.413473393755916 3.420571050867462 3.4194354411676127 3.4147211905543617 3.4169452428585094 3.4251810209323934 3.4165593465647923 3.421284886173008 3.4197804219969554 3.423600962573701 3.416621602408775 3.421643386152513 3.4181716872806773 3.416001481173191 3.4208174457146554 3.4164810081423536 3.418300994204556 3.4183977895613644 3.42320777596099 3.4263357245163824 3.4190111968906245 3.423979364052658 3.4228236057750236 3.417024426355245 3.413959544149692 3.41719572432449 3.4137751407383825 3.41792336967941 3.426235677785955 3.418143806305422 3.412997715796991 3.4222979588916864 3.418178473272884 3.421060798722857 3.4168730243423933 3.4175043953547672 3.415477203485747 3.4177288777260055 3.4185417181408355 3.407498375430041 3.419320738938645 3.420972708176404 3.4238949505536196 3.4137643876015216 3.417109651822574 3.4133897205677357 3.416022783079931
3 48 3.3269844606647863 0 0 3.3289528301005897 3.3248130257505912 3.328476051331385 3.323452120238539 3.3275151149844455 3.3246868766929794 3.3252370166644125 3.329796789110872 3.3231762434328007 3.324991521287642 3.3284655302124473 3.321463902850688 3.32604614384435 3.3380588423307533 3.3268485350801162 3.32776867412479 3.3234147632187407 3.321435642034347 3.327953133440406 3.3231605296310804 3.324448268465958 3.3200111981508496 3.332902710307419 3.322655367956758 3.329471101107849 3.325254148521619 3.3311516304717332 3.3226298832044434 3.327610971206426 3.325872482267682 3.323789062526884 3.325810390829883 3.321938634218175 3.3221769544245836 3.327625673802645 3.3251314785984545 3.3297995513125014 3.321599699551672 3.3319894429307317 3.3295258356963973 3.324001678869401 3.3224207259454297 3.3246902749741443 3.321752884271736 3.323125664666123 3.331819486556182 3.3256206976154217 3.3195324116475504 3.329445599048972 3.3271153475503743 3.330333393487973 3.3203381043883637 3.323611201589854 3.3211904480257766 3.3245179201286326 3.3233324404704234 3.3215742319611383 3.3234231777204135 3.3296352031662395 3.32801986497109 3.3215247665100494 3.3229801267126837 3.3200289045257043 3.321582001177572
4 64 3.245115778658093 0 0 3.2487459235290284 3.239159201387723 3.2465664676242483 3.240300069627754 3.2452488519672817 3.245518226402297 3.2423103774849005 3.250195970374136 3.2412150857287965 3.2416008327543593 3.2463252268482212 3.240547292080918 3.244662568191345 3.2568621396040967 3.24454388394598 3.2440947404781153 3.237152702267493 3.2403876807952714 3.245957321475465 3.2402413085281303 3.240559874956758 3.2353149419619345 3.2459262279250063 3.24812697457881 3.2475142998321047 3.2426139217984313 3.248694353210742 3.2377772967904965 3.2464543763483853 3.2438250073386445 3.240710762945269 3.244393546936303 3.246437512071154 3.2366125169824036 3.2457259652036377 3.241245378935037 3.24866120978579 3.2371077249876032 3.2499048399772934 3.245413365255159 3.240674240430207 3.2394511904926278 3.2433089204913346 3.2414524369517768 3.2392895827382606 3.250142656268411 3.2436812969217903 3.23205920062908 3.24612938969021 3.247026540647292 3.249857413992208 3.2413519683721352 3.241779128649349 3.2379206818885096 3.2351738950480633 3.2515472831584047 3.2422262960198895 3.2408523665285047 3.2496052116431855 3.247865231813683 3.238169848757573 3.24167962406537 3.240398639080215 3.2414244260737086
5 80 3.174578424346816 0 0 3.184160650650673 3.1676415424414612 3.1745963169047626 3.1695721910706185 3.17823789324534 3.1708300162964047 3.1693776770957056 3.1783672683495645 3.1692582126503854 3.1701982149008474 3.1742041156142906 3.1681589958651775 3.1702028983336126 3.183521609150519 3.173664318691819 3.170938967218326 3.1657182148170144 3.1678441161167648 3.1753027837623056 3.1707560384395403 3.170718524937033 3.1658157275996794 3.172813886739037 3.176026185582819 3.1771521461005117 3.1703562062112836 3.1778007840310565 3.165562653718806 3.1776679725973658 3.172392549981597 3.1724383794836397 3.1745246031925793 3.178204357829207 3.16303046991381 3.17497793440739 3.1716148915039475 3.1785840449282974 3.165793670673118 3.1769619967089096 3.173701939810636 3.1683830085566322 3.173032667037679 3.1705189742658786 3.1704345990147336 3.168827000785348 3.1772527887625217 3.174234831256384 3.163355006739611 3.174710086447271 3.1704192007264216 3.1792805194045957 3.171850868163521 3.1709505391074884 3.165513876408229 3.163105545680274 3.1802351526646984 3.1695293417527024 3.1714266222688687 3.180400895598655 3.1766041909015006 3.1671106131724693 3.170468270716554 3.1687500107337394 3.1684516851871396
6 96 3.1265493857117748 0 0 3.1378661504563947 3.1180305759720603 3.1234452422575347 3.1199833001813606 3.1318258427537575 3.123082444789752 3.1192949973271697 3.1283835999400753 3.118778317649607 3.120612025191774 3.1251479892264675 3.1202895458955817 3.1221187156846626 3.1324644025918054 3.1254015099136265 3.124476398818118 3.119366675069281 3.120353470888005 3.1245252161728585 3.1196805250451707 3.120638967158266 3.11641495167347 3.1253338205617553 3.127377134888608 3.132145931227103 3.1196008671266875 3.130435049350054 3.117471899473159 3.131629662246975 3.1246965022737867 3.1196832391876796 3.1266853385088855 3.129451418995907 3.115515920188205 3.1276693653256022 3.123225337637592 3.131221924696802 3.117417657055075 3.1256553341903666 3.123498556493708 3.1230580299432043 3.127466282505401 3.1211401522180067 3.12512633467212 3.11789169615419 3.1296927082526294 3.1221512979932444 3.115797318749204 3.12229990800987 3.1213560207061555 3.132444135677336 3.120234933085839 3.1228975096990674 3.1189964167993036 3.1109919623054503 3.1317207969773317 3.1198007305036675 3.1240634306915234 3.1341707977090945 3.128501207804524 3.1198069500729266 3.1224492459505258 3.122329342095977 3.1194099618219147
7 112 3.1024521293287437 0 0 3.114465216024711 3.0935477955264883 3.098583602514196 3.0960664078497575 3.1052754987468494 3.098312843460653 3.0944927508316002 3.1051488226312847 3.0958820807129297 3.094935377607221 3.1031088376495655 3.0983450573005062 3.094889318867196 3.111156304473241 3.099546184763372 3.1027778596494096 3.0941100967141395 3.098227125701296 3.100796397279819 3.092756709271402 3.1062035073874465 3.0931048053492134 3.1011351911725 3.09977847357934 3.106837713235804 3.093833331705824 3.104467645950923 3.093124040795146 3.1057108133075615 3.1001754009236926 3.097832451712188 3.1029467563257875 3.1045372394163353 3.0901950046919024 3.10567921335306 3.09811325812469 3.1076193175625644 3.0916591021391695 3.0938756982320132 3.0990794311542005 3.0980810138135952 3.1046563951976776 3.0976710905828218 3.1004039689562135 3.0901745874738924 3.105526840733735 3.096704045401786 3.091319689645143 3.0964576151650536 3.0995588549308857 3.108453965457509 3.0963483997673675 3.1003307750314693 3.095764405267769 3.084078275281767 3.1094154889291845 3.095306224809317 3.097139128670831 3.1106332135704062 3.1043372810855763 3.0997355481687747 3.096486888145507 3.098083399247688 3.0930304605900085
8 128 3.08383777383067 0 0 3.093311112575741 3.071821622058293 3.077865135872849 3.070119687533975 3.0852005467216648 3.0811274977016225 3.074199774715287 3.085073028513979 3.0789208962467853 3.076415213796216 3.085108541343039 3.0850117408560793 3.0784657433400704 3.0904196235527 3.0808831192627597 3.0899272122348407 3.079768453562866 3.077515826941367 3.0793614586460434 3.071884923885985 3.091324477398446 3.0722944303874113 3.0817775844054682 3.079953916103083 3.08424914177734 3.0755279238261655 3.0820012130655603 3.0739106699208962 3.0848939266693733 3.0780622591211584 3.07952333181446 3.081971870474616 3.0845174466604015 3.0731098859746098 3.087492385998772 3.077640417480137 3.0905695404832434 3.0721551485098764 3.074753816915093 3.0760382754950144 3.078063552661363 3.085862511026144 3.0784716965650416 3.083752118687598 3.069774197961027 3.088449618906363 3.074924481208038 3.0704271998281816 3.0809246040246836 3.0789958047672625 3.0929779485733775 3.076609733824312 3.0797919334088357 3.0792376455060664 3.0651189025023022 3.0940911421151163 3.0760987409648326 3.0782051972878453 3.0921460353558436 3.08511192536712 3.0817805485583065 3.0776778473847526 3.080100921000556 3.075390904300156
9 144 3.074766743098098 0 0 3.085108643917362 3.0641438390937195 3.0669356266593355 3.058897028134292 3.0744968654275167 3.075445466699209 3.0669989392952113 3.0761927513537666 3.0703779499813986 3.071319223035739 3.069186272255608 3.074734387854052 3.0685856286165265 3.081543904373134 3.072051370928638 3.0800754760024787 3.0703950028973246 3.06843427599624 3.0666729880085 3.0637927606172877 3.0846295691073187 3.0630312047059256 3.0731586623666836 3.071690974573444 3.0743163031673855 3.0686774128977086 3.076198854393671 3.065989576802553 3.0822224071273228 3.0676240363668335 3.0714079512201375 3.071854493471103 3.0680709287039605 3.060490954689923 3.0774638291165672 3.0622456789672774 3.081649012829699 3.062863530357433 3.065664637673171 3.065668299923238 3.0709181492758786 3.077425581416631 3.068028985100753 3.073680580051442 3.0604961199050145 3.080597274925262 3.0660303704377947 3.061469488714217 3.070387795827968 3.069031398529624 3.084703928730496 3.0672107434993268 3.072121718164394 3.0728014136341257 3.055808511641833 3.0867329397365397 3.0667340315769374 3.070418142082459 3.0860777264007164 3.0766602945906785 3.0726078419475193 3.067260000112388 3.067036780745235 3.065978689465388
10 160 3.0740745243644443 0 0 3.084920955673996 3.0635421139693157 3.065469919865522 3.059145742877011 3.0749707418231913 3.079037233782381 3.0673242864640615 3.0812025869248876 3.070467092291738 3.066637356545204 3.068673480136816 3.0754433988153345 3.0697448590154846 3.0798981535417087 3.0702839710538288 3.0823103788148214 3.0668817327208826 3.069058109415577 3.06547437707008 3.0646606417534223 3.0852455629787454 3.0642827806735267 3.0707489771520007 3.0691891827860602 3.0695061091003786 3.0697466292749267 3.0751884574132626 3.0648381341184665 3.0812207831763905 3.0634944333527043 3.068776357148465 3.0739368077813616 3.0646601767677635 3.059495167844255 3.075282209839555 3.0585738762707564 3.085767246797001 3.0611992088251045 3.064422048422487 3.059347536705932 3.067817224363623 3.0747641977151963 3.0689591208414657 3.0693958476766885 3.0635156943470383 3.0783995198879843 3.061920973401416 3.061107555395533 3.070832370643077 3.066395125027116 3.084054038526979 3.066213437363269 3.0725764364288275 3.070222934031547 3.056217465859396 3.0895735468785372 3.0653981046682874 3.0702914402881736 3.0865918245991257 3.071846826553561 3.0662376062359016 3.067217537649757 3.0659262587757867 3.066283456860709
11 176 3.067430862133337 0 0 3.077922678808378 3.055119131143402 3.060568090164665 3.051793110639904 3.064616211233504 3.0734364205215776 3.0615870167895505 3.073261647509424 3.0587392122840913 3.0576251300122412 3.0662040773433414 3.0706546326356365 3.0674752278534085 3.0766947837908614 3.062196107027045 3.075390409769328 3.0633970702365203 3.062382818884356 3.0552049273584276 3.0604984565166573 3.0821571448073506 3.0542982300601773 3.0635044208732913 3.062826890134582 3.0575252898213057 3.0624968261535592 3.0679997090601 3.056973371381882 3.074170707633603 3.0562034827122595 3.0629246690511303 3.064717193747042 3.058925370900782 3.0505623096937637 3.0647286387501964 3.047425930551504 3.0816499083497946 3.054202324268055 3.0591641809886694 3.0551372602162905 3.0631770208050195 3.071884472107726 3.0608574548058294 3.061640458252125 3.057881361210632 3.073082183261043 3.0549784198980854 3.051163892426295 3.0637016156890233 3.0588323667800674 3.0792653000394132 3.058059039120953 3.0617187137939155 3.0603780270987655 3.049066082744805 3.084513709187028 3.0622434765543303 3.0647047517319974 3.079191951882846 3.0689637261079503 3.060886365503266 3.061956031739621 3.056676160538231 3.0594684748901027
12 192 3.0516116485404456 0 0 3.063339005414992 3.037920191081864 3.043480565395477 3.0373902299507645 3.0453247433315673 3.0566886802660127 3.048684449419551 3.054353186569977 3.044079763830341 3.0410238879015816 3.0463231481807456 3.0552570176015057 3.0527457071824475 3.0612050880678834 3.0473492843251444 3.060264710750556 3.046090394840811 3.0483291927801646 3.033781302426169 3.0470568351384024 3.068885675807868 3.040865728820933 3.0538505724156813 3.0541423354108748 3.0428734459398417 3.044623216384674 3.05020305950339 3.0394120764371473 3.058733605869761 3.0390778885192575 3.050627281219869 3.049227526705069 3.046480433109526 3.035576597150341 3.05058011229535 3.0298326853163258 3.0617166959965605 3.0404239296921776 3.042831853420174 3.0368051159162355 3.0456726494692035 3.061981150446035 3.0413338030462755 3.047476723682423 3.0437343745360286 3.053466518212731 3.0371863419825873 3.0351378210626296 3.046638343578837 3.0428724124284323 3.0666320507660556 3.036573471200978 3.047936913826205 3.04572318259495 3.0356230250360903 3.067608168847666 3.048268278216005 3.0507322298317385 3.0652136809491566 3.054731831993253 3.043117236384355 3.0452892745927995 3.0399376475035034 3.043165549037514
13 208 3.05016461391745 0 0 3.0640721649191804 3.0376002924404353 3.040045626709055 3.034692726362826 3.041067614647518 3.0571243902768264 3.0460523601327374 3.0487957785888185 3.041076087675279 3.0382413641337522 3.0444468279109222 3.058933704586914 3.049254177262667 3.0586254477913952 3.0446848381729485 3.0575745057183084 3.043615880834046 3.0489391373405734 3.032612011139228 3.0465780844304406 3.0686879789549915 3.034190944428868 3.054173955190262 3.0532923598153894 3.0408277714011454 3.043079181274575 3.0480480287173464 3.0418146867672053 3.0582356104230963 3.037282959010776 3.0483533311756243 3.0517573978544443 3.044677404839382 3.041475143764769 3.047929782294029 3.0299063105994257 3.0641532765500767 3.0358027200596185 3.0417875570844735 3.034784770881158 3.046380109761132 3.0610957105871157 3.040197670923831 3.046005990713178 3.03542852702801 3.049302298478598 3.0364959479050997 3.035441782060641 3.045596964539758 3.042539386375628 3.061192256564863 3.0334139608993254 3.0474417440351975 3.045628450024859 3.0341224988002455 3.0659211159457507 3.046536225550389 3.050914283456688 3.0642617439446855 3.0501554860688125 3.0414405427522535 3.0469547453963415 3.034580789722319 3.0400574445275517
14 224 3.0547603215816372 0 0 3.0701018889653824 3.043276586224008 3.0460932644619203 3.0382501849834838 3.043428250865562 3.0612658700394535 3.0461307836525995 3.0540873338603562 3.047135272910113 3.043002197389766 3.0480786540175586 3.0651729963606873 3.0532621312238915 3.0647697332449715 3.049364002478924 3.065670037399992 3.045926866603184 3.0499886887629435 3.039411181335534 3.0504956733805852 3.0750731294965457 3.041971895309524 3.0572203856768625 3.060973020297512 3.04877968812137 3.0464566597307106 3.0524125458953355 3.046707568112786 3.0587105505530596 3.0416630641397036 3.0509035916548446 3.055695726862624 3.046507961224916 3.043978942392309 3.0499115664666645 3.0353991700744603 3.0676573378449246 3.0442514920218273 3.046847269119953 3.0367550791526607 3.045252637743205 3.0624539406862197 3.0442195166452146 3.0510904683866804 3.0370325836187795 3.0555931152988833 3.0409964114153447 3.040388607623191 3.054946069888002 3.0445601117728316 3.065728152482851 3.0363136208773804 3.0522568410281354 3.0471378657535193 3.039060762278314 3.0733292027675043 3.0502513246802967 3.056041127571943 3.0670961638705885 3.054352588800572 3.0503173489065847 3.0585010912144486 3.03900519687755 3.0458710423383897
15 240 3.0420940467419344 0 0 3.0550717092628603 3.0309419068005727 3.030037775572473 3.026709801344012 3.030794888890235 3.048955809402707 3.033463937712634 3.041803685428942 3.035077829835439 3.0266300570598026 3.0340497057431803 3.054522810537588 3.0416773415039065 3.052884625104979 3.03826734658921 3.054160941891083 3.028597116653212 3.0339179869361033 3.0269872869699683 3.0370884974403562 3.0623853631128646 3.0280457239757244 3.0444625961684793 3.0481172983366847 3.037812404448657 3.032266405428941 3.038373491161375 3.033649423113509 3.047525853075498 3.030777966393332 3.037971346519803 3.046749213193748 3.034666312778076 3.0317951293877687 3.032888409709633 3.02403115443665 3.057117844858224 3.029555555040244 3.033337470753272 3.0238263505430303 3.0310368439061732 3.0536173871365024 3.02962943569195 3.041077512233204 3.0266537124217874 3.045878580215467 3.0262250119475738 3.028210839723944 3.0418614574223484 3.0339335805325707 3.0496972653514 3.0271314910140408 3.038762035465085 3.031427553683913 3.02562890583653 3.058409230475035 3.039349333051455 3.0413580194871144 3.0566145357676286 3.0449487568541644 3.0354571862949866 3.046514411695257 3.023879708532742 3.0294096817323335
16 256 3.066991496243582 0 0 3.0809474281386393 3.0540289676031587 3.056780618252968 3.0507504914372876 3.0551857590681464 3.0758725576172528 3.058807350168613 3.071125021723098 3.0610762568030396 3.052362691479163 3.0620386045512227 3.0793565105731004 3.067028986370065 3.0786613208768894 3.065665635505623 3.078500758044149 3.0554374983026102 3.05862606683291 3.0495800125004515 3.0649243722664132 3.0871331253305034 3.0539039170008744 3.0664487218874927 3.072839146718412 3.065220263607857 3.0578366738247458 3.062600908760738 3.0608528153183414 3.070571060205371 3.053089907217368 3.0651498147448266 3.067286689081591 3.0661343154920306 3.0584800391110623 3.061455487448605 3.045230233741046 3.085210179392688 3.0528850047328553 3.0597232711836644 3.0456495889518314 3.053869751120648 3.0789950406948865 3.0572881910664034 3.0666444058747557 3.0511294624947025 3.066652426739902 3.049364982385499 3.0537131573576772 3.062717651438013 3.060868408923292 3.072642322819108 3.0493516239722225 3.0659694238137964 3.0548343847968957 3.0504639217330465 3.087490994678112 3.0644464594055343 3.0636404838850035 3.078105467087281 3.0706821471543546 3.059870318846487 3.071334625531134 3.050238193590945 3.0551852677534885
17 272 3.1116469257854336 0 0 3.1301432098356967 3.0971431732797146 3.0991071251829014 3.092053587956934 3.095935950407321 3.126091078184452 3.101167237770684 3.120051862318263 3.103025059506107 3.0925086007172307 3.1136010693060716 3.1231075820024965 3.112362590184603 3.125493338310783 3.1101770183087725 3.1201959024613073 3.1036735549288044 3.103564387621057 3.0952862900205975 3.110022191203337 3.1331278195767727 3.0960742555591994 3.107737243659877 3.1149028991383756 3.1069583263298988 3.0987785977812736 3.104363951157602 3.1110347174227266 3.1155316113278415 3.099280418358413 3.1097746178385988 3.113749666944847 3.1131490202907988 3.103823330043564 3.1049154340247 3.0907552291136398 3.130918290032278 3.096002103014194 3.1066310514603526 3.090135053701763 3.098223797099685 3.1243375578732584 3.100780421127546 3.1165849033593824 3.094775061589961 3.104198778464217 3.091561389389493 3.098818863856887 3.1053587001133827 3.1074065740812147 3.1170890516387253 3.0933288985558893 3.111064091530831 3.0998906039596363 3.0963991891102736 3.1347848690402116 3.111941758115902 3.1080533310171368 3.1240479617951125 3.1155232352745017 3.1093056027609514 3.119575104582985 3.0901199695915422 3.1000084763727447
18 288 3.159572213524177 0 0 3.175924137129079 3.146931384719502 3.146372670126668 3.1407468407430454 3.143258028404872 3.177092912812881 3.1463548456771653 3.1708719049918423 3.1490121072117105 3.1399492339100354 3.1618118714306664 3.1716301179468815 3.1615423769504143 3.17787813685292 3.157808990310414 3.168858757970775 3.1514925163558503 3.1489508660064622 3.144445780726493 3.1585913272957495 3.182491385877316 3.1420305449571386 3.156423351726132 3.1658151842262576 3.1557499309121972 3.1451823659492453 3.153723153488204 3.157636101369694 3.1653263071227182 3.1495295249801365 3.1581182384593056 3.1625632724022164 3.1619592707351294 3.1595868086857566 3.1539115247760776 3.138330941392044 3.1839465478201316 3.146171948472527 3.1523984199505586 3.1366757648205223 3.1441364185869847 3.1709484962492005 3.1446240621383232 3.1661008432062974 3.147115624110145 3.1523873918786895 3.1382346726195713 3.143905442120791 3.1513849656046595 3.156302005695109 3.166051258801968 3.1402592309927577 3.158048195250243 3.1452311001838273 3.146724607102088 3.184131354406462 3.1626241607355885 3.1537805087064785 3.172739127085837 3.1612501166126536 3.1590273344716033 3.16972786568614 3.1333884308877913 3.1452205031621903
19 304 3.2275923464601295 0 0 3.2399517288835016 3.217687097618666 3.2125631921392492 3.2014306350719166 3.2120710121247416 3.2503807035225587 3.212088860410279 3.241267898391351 3.211301116848029 3.20738477552671 3.2316023642342713 3.2395742568630768 3.228377024377956 3.2491909108904458 3.226149540273474 3.2370613698399575 3.2175033419073618 3.2173467023654667 3.20965789162908 3.2333676650321745 3.2511665083415235 3.2073720164697663 3.219898739467622 3.242392597733434 3.2263416287367614 3.212585855754235 3.220486271175547 3.2199049141476066 3.2305192717864966 3.2158154958596965 3.2288620611346843 3.2343006273198522 3.2360876260095552 3.228117196628195 3.2209525911633565 3.2044043679584164 3.255806645859843 3.214110676666151 3.2158757608085025 3.2027153764208904 3.2119643460153493 3.240760501840308 3.2114284208005324 3.2337442845196573 3.215462300871897 3.224756719245866 3.206680859716941 3.2148021735461922 3.217420587872535 3.2269633003604925 3.2334641543900093 3.2081936395444064 3.2255470444198098 3.2139962008839777 3.2164890870186147 3.256546482826898 3.234277084501257 3.2254543257182227 3.2459787014522683 3.2275585111556433 3.231478090463581 3.238375693851601 3.2001146863147394 3.2122473547934582
20 320 3.2971067862894246 0 0 3.308688064071546 3.287799542468501 3.2776455411094783 3.2715169816992242 3.277514875420463 3.329195418283741 3.2765675681440816 3.3206782693808874 3.2791177023463667 3.2740960066585503 3.300809218253329 3.308817940373332 3.3026416430106718 3.323643319216659 3.2979104950879905 3.306763153250312 3.2862376777252074 3.2839423587976198 3.279410076706834 3.304845943566425 3.319370699586095 3.2782960537170185 3.291597290200927 3.314509791345939 3.2957829012556585 3.280339366028282 3.2858153414955766 3.288875021818468 3.297231564232126 3.284091405416516 3.300934284153561 3.30699147125016 3.315752674076368 3.2992594335036824 3.2917019483620673 3.2737164545104465 3.330619695372061 3.281372005254392 3.2862788871914663 3.2698778491547382 3.2797002811310922 3.3091955593358744 3.278362652822355 3.3047149453442253 3.286179993613429 3.2914945323005953 3.2747658237534374 3.2836220484100016 3.283668127566832 3.295418725686932 3.3019502878176894 3.2727940914992018 3.29646811314421 3.2824513381989617 3.28724197025005 3.328794885144398 3.3025105798110586 3.2939141544359116 3.315038567809652 3.2975483757186126 3.302578821026879 3.3087883871093986 3.2691874331130983 3.282050994918277
21 336 3.352725928256492 0 0 3.361111071206271 3.3423798450830486 3.3302133267034613 3.3265968883531887 3.335688397129511 3.3902731118441523 3.3338531438116203 3.3826839703275975 3.333133467157014 3.32747350705716 3.3592001790688335 3.3638594103382826 3.3599689264188646 3.382006577751516 3.360123037935928 3.3609471073927093 3.340758296881423 3.3383264084797735 3.337488470457973 3.35976307931901 3.3757711876638083 3.330609466364485 3.34439361711564 3.372700578418218 3.352797323317913 3.334930408882511 3.3432979708116473 3.3427676827171147 3.3525467635905097 3.3433847727400425 3.3498725159931584 3.3636477040758286 3.3759553876185295 3.359118703810869 3.3494933702478003 3.3230320704911005 3.3929876559690944 3.335848949824557 3.342775883432636 3.329761217429482 3.338049814764421 3.364281904644069 3.3319684571652974 3.3666403910388643 3.3434122599516556 3.3467366790442705 3.3310306843191575 3.340970009060384 3.339397211163754 3.350918689730027 3.353747929979948 3.331599329153332 3.351143990243726 3.341488869156251 3.3449396618059124 3.3860414102184144 3.360518217542635 3.348549790124409 3.371038701240667 3.355957727921287 3.359488205423552 3.357432663859488 3.319441191458136 3.336479435775877
22 352 3.3751948714110904 0 0 3.3800481568291514 3.363265105546889 3.351284322174015 3.347953230141926 3.3626828927639916 3.4141938244332617 3.3588296472740997 3.4096456100243118 3.3561245815915366 3.351650019741251 3.3833745656724132 3.383404173813288 3.3820420568855707 3.401866454322089 3.3872191960956854 3.3855166835016037 3.361588934807918 3.3613582284014014 3.3600533790393285 3.3834964810852033 3.3968902380437145 3.348728982956508 3.369932241802443 3.3952488807455987 3.374861701710878 3.3558051155936566 3.3682310846034533 3.3595608262287393 3.375718769989782 3.3678106811149084 3.3755750862168603 3.3866270133832312 3.4033878544761733 3.384666988852927 3.3719402577996083 3.3470037567841917 3.4157978654168417 3.3581709966857147 3.3626894642647063 3.355051136142474 3.3608173087734987 3.3862839679397507 3.3535396923093446 3.3927938956675883 3.3649244593431917 3.364485876599373 3.3532342989623714 3.3656481041835096 3.357927377913685 3.372114730144687 3.37729907325113 3.3509806761923873 3.370289971164847 3.362637008282028 3.3661439394575075 3.400315974834742 3.3850775705624168 3.3690313350251775 3.3951883731220467 3.378990115967058 3.376818851014886 3.3809539253576046 3.3369554077679537 3.3565615628836944
23 368 3.3901271553954895 0 0 3.392620388598988 3.377034630484099 3.3669842632052647 3.3623709885751993 3.3778687522196664 3.4287752346699985 3.3724072348149217 3.4282738404060846 3.3718233837373046 3.367178977134527 3.399263785553831 3.3983958433114685 3.3945966486774264 3.4165437250059405 3.40735184075344 3.399091212559407 3.3774124299950974 3.3720655457422315 3.375363797951414 3.3911910075358422 3.4037267730090397 3.3637599623724723 3.386116691400784 3.411965078723736 3.3900358571398748 3.366283866270598 3.3832419104428957 3.3704473470595353 3.3877317230866035 3.3849339895480077 3.3921501538667815 3.4006502610857203 3.4225304848636564 3.4012222787419932 3.385888970074209 3.3616287099428397 3.4340248561821687 3.3731081795157833 3.383891445876752 3.369447432717064 3.3755972024050376 3.3966471112036283 3.363551977917851 3.407423841225778 3.3779300617134385 3.379972598268643 3.36737053269012 3.3830297732569994 3.3713969580252066 3.3884390710896097 3.3916804827319993 3.3640954938239336 3.3853541578853092 3.378062724733284 3.3815183347699493 3.416853117335756 3.406486966429624 3.3831653087137803 3.4061642942595953 3.394736276352878 3.395087609188721 3.3930320208353613 3.3494580736886146 3.370106828117259
24 384 3.40356931151707 0 0 3.4094149444042037 3.386281264443891 3.3780716572718554 3.3751956253313073 3.385401682099581 3.4434472826425115 3.3854698730486144 3.445465584279659 3.3853901440295724 3.3784012339093885 3.4113693635829323 3.411529241762527 3.4094373076004403 3.4343330417089803 3.4204198149034695 3.4177242577047493 3.3901158081575447 3.3812784149351494 3.3896880431492074 3.40364613193089 3.4180345983154914 3.3749931680835554 3.400665717239017 3.4285215977838135 3.402040118131599 3.3816098364453917 3.3999233712989625 3.378614594744447 3.4039200877626277 3.398213040669533 3.4021551308164875 3.41293847704645 3.4400551770286016 3.4164104171405945 3.400102516754506 3.374969650195354 3.451336375930227 3.3858886924921694 3.3950140112209244 3.3798459770698903 3.3889400247679076 3.4121959572904825 3.3778605363073577 3.425051852401609 3.392293388225823 3.392877322418813 3.378841872269786 3.395786358692376 3.3876572265069473 3.401380418730001 3.4060542368122464 3.3760056305180317 3.398292888097038 3.390235037432912 3.395698582472103 3.429867657492903 3.424962272041532 3.397657951646862 3.41791191020807 3.4071764736676995 3.4096261314875056 3.4092431849116327 3.3605826986870646 3.3836172118954284
25 400 3.4396974414184385 0 0 3.4449844528140834 3.4172344528578784 3.4161774882598084 3.4157584944803494 3.4201162814624295 3.481146406285385 3.4221599624644194 3.488583595530391 3.4196861773075033 3.412683149184437 3.447861838630038 3.4502076360090888 3.4465574787521747 3.4726223485794905 3.460009027015336 3.451135404632948 3.4233978127211877 3.416346988406161 3.4241887809392932 3.4387261865988155 3.453918149991357 3.412167574644108 3.4367863143978314 3.4642574757874733 3.432653728308667 3.415972041194738 3.434073097910451 3.4152852780977363 3.4382033332098887 3.434618382202075 3.4376099161549973 3.4478013458725183 3.479505124236144 3.4568665097575795 3.4372608851460806 3.4087322941590203 3.489881208640922 3.4187484257210183 3.4341263879825408 3.4148820633064223 3.4283250300602384 3.446573032756987 3.412983118527381 3.4673797094836187 3.4309517031748245 3.4258562022803516 3.414064022868414 3.4435419751391567 3.4253868822113858 3.4350977940862073 3.439588283029029 3.4122466873133197 3.433639271607025 3.4240258917485136 3.4301240414875793 3.4683508998111403 3.45934146853432 3.4363429823456033 3.4557445647810026 3.4392825810557874 3.4535976721720654 3.4535335751949816 3.3971833108275398 3.4178129869077054
26 416 3.4707123650015683 0 0 3.470831109924487 3.4469777552608574 3.447004356702411 3.448304377877975 3.4532925758406727 3.5082055828783716 3.4553451983703924 3.5220347901629516 3.4497453623870715 3.4444495232344554 3.4781231408391777 3.480737750935754 3.4691191777788117 3.5053665562299012 3.4882427528076785 3.484756445025095 3.4518803965674763 3.447892500434978 3.458341310926403 3.4640523915420927 3.4861351906486524 3.4432884342475885 3.46691555983521 3.499218470074461 3.462996933482618 3.4461488265338494 3.4669399981005484 3.4441551630719363 3.46940286388652 3.4672636116688054 3.4683697933527657 3.479941143430159 3.5129752571699586 3.4901502273820517 3.465611685168815 3.4366596248395425 3.5248912815311124 3.448320113417491 3.469129915018613 3.4437767310918512 3.455706400229019 3.4778851908922213 3.4388260618439106 3.5008427751464812 3.458891134289078 3.4568199700954247 3.4448927842799923 3.4760469344475924 3.452762593555855 3.4670622931371144 3.4721759749886685 3.4409683741250467 3.4693247890913295 3.453042039420685 3.465851688297337 3.494729609394222 3.492676118117082 3.4697659232324556 3.488172857903438 3.4708073111424436 3.4894680332576593 3.487076126319843 3.4246882608844027 3.448469378400288
27 432 3.466445503615788 0 0 3.467890852041296 3.441835515488282 3.4427216823493794 3.448194118381767 3.4458864508613716 3.5137260292299985 3.449171718880039 3.5177099647853813 3.4498012542719723 3.44308726846006 3.466571326478218 3.47402111832428 3.4645634071727622 3.500788624612795 3.484736462282339 3.481200290805324 3.442409856354025 3.440979403025253 3.4543550084908885 3.4610895342302905 3.4809188781184224 3.4372026444244863 3.458898123522831 3.4921169843093622 3.460412640450213 3.4426456365223133 3.465144196677124 3.436533023746937 3.463707551297598 3.465243217490991 3.4638636858600647 3.473457459177673 3.509450691450188 3.488184467410312 3.462475188459218 3.4378326523655964 3.52343956818435 3.4403444404012653 3.465053215994005 3.4381614836664154 3.450715204395362 3.4714603743531303 3.43768857046047 3.501469207752304 3.454188600040071 3.447968669621701 3.446906739098836 3.4749940879392427 3.4522460928941294 3.4656181345483636 3.4684292293307086 3.4357436395484617 3.4628371167979175 3.447690640800358 3.460669569044547 3.4920384624646643 3.489243640905566 3.462802069975298 3.48447330001893 3.461704879219656 3.489120417109996 3.4813397576007197 3.4192906371463985 3.4422822759331386
28 448 3.471654127164035 0 0 3.470462584327018 3.4472833932381386 3.444598108153073 3.4484589159958206 3.4526259572960227 3.519173614240573 3.4557041392884855 3.5276414725732703 3.456921175562076 3.4505479764312175 3.465437376648093 3.4778201226283456 3.4685219788883677 3.506473945127653 3.4942468361784056 3.48647984441184 3.4501934437785735 3.4472342040960506 3.4575563356447825 3.4674157645431514 3.4852390041999595 3.4431342581574094 3.460594254375209 3.4976853566711914 3.466045750277067 3.44485996303383 3.469653507292646 3.442258941209015 3.473533273974129 3.4734247098115647 3.4702401494120347 3.479542525087012 3.5134664497134582 3.4996113694754873 3.466347310904212 3.4408286979441423 3.5330765530786055 3.4425425362280544 3.4747993126370567 3.4408335487427615 3.4589672320214713 3.4772419561987427 3.44636709204956 3.5051766214450804 3.466370069454042 3.45189788893738 3.453603394965802 3.4808412950115395 3.45764492397517 3.47029220813883 3.4737122562691027 3.444496930318052 3.4713214467036475 3.454390459241656 3.469458970501761 3.496470444518651 3.4916220341141115 3.4692904417347656 3.4946211178549613 3.4639862040472535 3.499972741715389 3.4912699860401135 3.4272624851494737 3.4457233342071225
29 464 3.4821719498827597 0 0 3.4832570201347837 3.457168258213514 3.4541917097165884 3.4601059118060915 3.4593117119823344 3.5335161423687746 3.461659610614743 3.5388239618620365 3.4681552606447186 3.460186246034112 3.477591447343593 3.489115371803262 3.4812555951580655 3.515660462902169 3.5050380283317817 3.4925998446572635 3.4588668472086854 3.455607163675994 3.4703909698755995 3.479341957283744 3.4936547233643083 3.4567100773150767 3.4710638557383344 3.50900580656128 3.4745196636921163 3.4571614166522826 3.480262966242194 3.452797030199571 3.4822397007465864 3.487320713499792 3.480055264272063 3.4911134651946645 3.525449685846133 3.5141621379712733 3.476756722591911 3.4459755757924997 3.540418472559532 3.4556450498954216 3.488891656021487 3.453460556265363 3.467640260365138 3.482749102331184 3.460606494889902 3.5145350629472345 3.478293337369623 3.456206377472404 3.4602163071689915 3.4910910944052107 3.466928986541005 3.4867756007822894 3.482001934166652 3.4538932804453686 3.4839070575377744 3.462566164495393 3.4808028722636575 3.5067134234995536 3.5034017781964764 3.4794959866024135 3.5067596236084486 3.4815535007851914 3.5125686430725493 3.507118335880508 3.439107469846698 3.4585441110311135
30 480 3.5003215905097296 0 0 3.500859682247425 3.473242331865839 3.4719342865618303 3.4790749030827355 3.4764605618393527 3.5532508541023433 3.477885001926868 3.566085718484977 3.4861667468671915 3.47580350202343 3.4927219407323613 3.50727003080397 3.5002382906689804 3.5350631337617275 3.5269784639861013 3.513268760464999 3.469829326442334 3.473654639925634 3.4854280987552246 3.4965195332167314 3.513162733241337 3.472457375124184 3.4879858214705637 3.523562574309552 3.4931064993629795 3.4754892648339117 3.498693616506819 3.4690339704080997 3.4982082393246205 3.504753978407692 3.500615052292619 3.509891449705686 3.5442047739030826 3.5413638902349733 3.4956999516410545 3.466823279913175 3.553546963487861 3.4776659245016828 3.5091581898587685 3.4701479351788596 3.490334632218565 3.500599066750317 3.4777680975753027 3.533068073213469 3.498415794871283 3.472448722980427 3.4767514150368495 3.5090702004155943 3.480515330555755 3.5059980859495776 3.500913338155418 3.4691414942776375 3.501831070593415 3.471259994646936 3.5031422586370553 3.52350314848365 3.5212207335849603 3.4991222293800712 3.5260176170385797 3.4991839809511998 3.534189293928785 3.532650300740991 3.4581243983618273 3.479294108286434
31 496 3.507110822588605 0 0 3.505611904930667 3.480161563806938 3.4801310906449725 3.4854441743864064 3.4848313081524602 3.5587257315307044 3.4841879280946055 3.576893465240856 3.495486062988479 3.4818319361532413 3.507165756904053 3.5158201513122584 3.504807524345075 3.5399455566412805 3.5351527762502597 3.5175833352371635 3.4715090405872155 3.479295355960847 3.4949915785491634 3.501041403718075 3.5254301089008138 3.4741241779153227 3.4896142583547247 3.5317216030015905 3.4980751227621623 3.4835380943188987 3.5047341099229654 3.473002063579536 3.505033391953254 3.512023203461293 3.508529276563355 3.5159563217920047 3.5517704627135407 3.5527625766868094 3.5016641816659133 3.4735721478430928 3.560182449794296 3.484694958889454 3.5221496660448226 3.4765958616938892 3.4984584575465116 3.5036186623518306 3.4845783682286346 3.53918393932362 3.5047728127496702 3.4789959088493725 3.483168790772693 3.5143670707646573 3.4821299464913125 3.513502424266315 3.5048522906452724 3.474904036119376 3.5055421291335005 3.477861832877507 3.512291274393684 3.529372182734379 3.5272755384427423 3.5075897235785236 3.53248782565318 3.507404123257158 3.542501169707751 3.5409844414340252 3.461200493706285 3.4868236999467896
32 512 3.5375020999441285 0 0 3.5361909165434073 3.508587171594824 3.509260678073398 3.5125305324315694 3.519031170787488 3.5847996912719773 3.5163340013337536 3.625705959110954 3.5269320747845034 3.511373979715795 3.540959210195194 3.541505328200256 3.534889079338197 3.571454042604429 3.5663629118574645 3.552524499684753 3.503055339639228 3.507468427695534 3.5258780982549855 3.5293806435959847 3.5563759877752483 3.5049785033020435 3.518228108146203 3.560805540515244 3.5286516116481335 3.513597308435279 3.5381377155434435 3.502046893870229 3.5363623082784903 3.538737928909408 3.5361566409234757 3.5478804538244306 3.5866453499656683 3.5883562117614876 3.5294750303624602 3.5020067191275883 3.5891149124799044 3.5147509728989106 3.5512214288165365 3.507113163321034 3.530746627465188 3.5325366563298983 3.513585009699066 3.56358247538287 3.5423261338277956 3.511273716172468 3.5122757470582973 3.5474363282700137 3.5108002296054592 3.5451295505245444 3.5310614188235996 3.5068034808869895 3.5331062558839683 3.5071531740556363 3.5424253997180113 3.5593749693861865 3.565097920875871 3.5357219546508403 3.5642345338852617 3.5366507978650574 3.571319139675106 3.572135201806059 3.4917144370219546 3.516727884502486
33 528 3.561212678781948 0 0 3.5595964594157454 3.5307323170369544 3.5415537111584197 3.537341993200831 3.5406597320130424 3.607011811773315 3.5472512255442594 3.656134713353813 3.5487346262053827 3.5337223080273144 3.5646979950257376 3.5662679100898287 3.5615082747427524 3.593322931283205 3.591177994444337 3.579366924022647 3.5270695182679694 3.5319134483851937 3.5483211177322476 3.5539524924891714 3.577911374451657 3.528259814560208 3.538804826855366 3.588400597895009 3.551053315065918 3.540202145255753 3.5629958841956406 3.527494871675234 3.5614284765847586 3.5626776024638644 3.5614935054351085 3.5706832552378955 3.6107368955031083 3.6137853035697107 3.5501975143856197 3.5262363576462814 3.613144970690873 3.537971955340765 3.571822848923835 3.529742399287228 3.5561588513549425 3.5586888003534227 3.539790088762657 3.5877439260044666 3.5697981069795754 3.531199394932789 3.533394220700399 3.575189063633452 3.532832813932854 3.565804783659176 3.5552570454629784 3.534534089061439 3.5563192030349917 3.528688385824675 3.561976420230375 3.5838157754564914 3.586435651063575 3.556182238232834 3.583637081908635 3.5574491336156844 3.5976123056972553 3.5943771698050697 3.517703479099871 3.540073583658632
34 544 3.570736068525305 0 0 3.561878758337862 3.538840079731143 3.550389599019218 3.5481030733243344 3.5503097199591687 3.616414855458781 3.5581814851129927 3.6698901103797725 3.5508309189217284 3.543778006303827 3.5762293786254005 3.5729449211551367 3.5730871102025428 3.5999725755554506 3.5974616759271965 3.5886430210064324 3.5380670937215597 3.5416378431668916 3.5568857038048303 3.562238295054516 3.5883594931076264 3.539959237595061 3.5470975175590795 3.5966215991258372 3.562909733804877 3.551283561829164 3.5705866384776175 3.5353202237647925 3.5720140880199236 3.5689514426878386 3.5709404902482285 3.5782085248561613 3.6229624527922644 3.628206659805021 3.5661918359009004 3.5327398920908073 3.6247918083741943 3.5496152340219527 3.579620732439797 3.544492509756476 3.570171562937038 3.567419368767703 3.5466058340394673 3.5988822795046613 3.58385523819994 3.537554644941508 3.5427730609862627 3.5809642607496777 3.5423559354837795 3.5736090198757755 3.5646807754979335 3.5415332518131786 3.5640316150128837 3.537592709600703 3.56600127791556 3.592303262428525 3.5967379576565834 3.565598424202361 3.5916700106449193 3.569710912795861 3.6094527977958233 3.602253518230351 3.52702157130582 3.550099658562374
35 560 3.5801814166357677 0 0 3.5683153714056277 3.5451343152701456 3.5615504405378626 3.560046119313891 3.562746846605203 3.628712360078047 3.567103796401139 3.6822340820829806 3.565083430952798 3.5519108366982537 3.584010278250585 3.5830032139782175 3.583419504286711 3.6132080659504306 3.6025908076130597 3.6019869387634116 3.5488548822542896 3.5506209562020934 3.565420676865248 3.566272619353308 3.5999724652220033 3.54974149135959 3.5556440945869574 3.6024934080986206 3.5710213213627955 3.5665181356337095 3.5811854385565858 3.5448292749884827 3.5821833612123397 3.5807790497667975 3.5796890302858633 3.5875770903471 3.633188970602903 3.6385780454817587 3.575373282426397 3.543122883522483 3.637596086604079 3.5591822104118136 3.5927852974786676 3.553481672189504 3.5883404472953933 3.579696770065134 3.5644003965528905 3.6142827085950167 3.591169883977605 3.5376596637082596 3.5510776522343854 3.5874708346447344 3.5503029309279586 3.577667518919952 3.576635586840775 3.548319244466868 3.568253245479845 3.5434691903037305 3.5749809005717195 3.603220298895695 3.6060250583280213 3.5719514436140005 3.600281879889363 3.5800253046545003 3.6268724810268207 3.6112698465346127 3.537277364662631 3.5567231699188624
36 576 3.577539870323503 0 0 3.564785602806703 3.541846389791276 3.560849403256849 3.5604273440534344 3.562515932837357 3.6282083353172667 3.565078260562172 3.6840887908503177 3.5603675502187855 3.5468843950687 3.5801358192059123 3.57921517495591 3.578065608620228 3.6208040602266838 3.598809616235187 3.5971938521664426 3.5449567132300817 3.5454410681190187 3.5597739273927558 3.5645209501485846 3.597432833012083 3.545170419175971 3.554719010068304 3.5984014137308695 3.565612162140608 3.5638932517554647 3.5793507602465704 3.5418024517792728 3.576673066381203 3.578057273576452 3.5746403607487283 3.5882367985285635 3.62751120879205 3.640125332483299 3.572696778154786 3.5286920311630547 3.6361248768523913 3.5576771088323493 3.590576954934659 3.5463256181384515 3.5881985757118184 3.5773559839094284 3.5639175871489854 3.6117187801451376 3.592471772047749 3.534835075214874 3.5478088871849778 3.587199986189319 3.546085571435398 3.5752487358716247 3.5747157168257657 3.5423809199403133 3.5639965676387124 3.5398088852351544 3.5786423146185733 3.5993635970989315 3.6036671935848266 3.568658223085464 3.5965575640119 3.577554550792426 3.626128276275608 3.610745743942374 3.5293820835563676 3.554619668737806
37 592 3.5733753770795245 0 0 3.5591464151040935 3.5402058355659696 3.5608547208614643 3.5548822425314865 3.5589947859771356 3.6257368432835944 3.564178609720618 3.689033057000122 3.5592420867907024 3.5400982312310534 3.574782058448729 3.5745158782252684 3.57487012606477 3.6174672098650538 3.5923590894022315 3.594352625131465 3.539460508228195 3.5424978291115874 3.553744158191234 3.5597788354942788 3.590542201980528 3.5409529931941717 3.547545187259262 3.5922278211468277 3.561170282188719 3.5595673298223613 3.5756986654137335 3.5351262101314664 3.572556340295942 3.5736247818253637 3.5673908907702394 3.5854273125715093 3.6243147962299385 3.636488201955026 3.568400191671198 3.5276774371533293 3.6310047056960277 3.54632623430839 3.5869712196358865 3.5420614132650066 3.584496766224736 3.5738250459757057 3.5648072274446916 3.613757347910348 3.594494899738758 3.533627635276404 3.541724911401092 3.588645180511677 3.5341060152592507 3.568724916653854 3.567872556545086 3.5389726316945183 3.561276057224264 3.5403310820342435 3.5699606436127906 3.5927221729885788 3.5954936383275182 3.5676327478390113 3.591727160883097 3.575993791795675 3.6282483299882786 3.6117895413482426 3.5237429786706223 3.5523121213941815
38 608 3.5643766530714895 0 0 3.5518515922399874 3.530214382085519 3.560673570621852 3.550646706736044 3.553314949505094 3.621910693217111 3.555345718727438 3.6821268896199024 3.546122015969262 3.528205913891167 3.56463164800123 3.5642437068942794 3.565436789548 3.6072027285093156 3.584671875023742 3.582612902089116 3.5303621665762526 3.533590879872884 3.543518604893742 3.5552999913010375 3.5800796793776115 3.5314408508769257 3.5385374785656505 3.579797884600401 3.5464896448287373 3.549184330521051 3.5655753034297137 3.5257070584698043 3.563308113208925 3.564196452703153 3.5583225513238146 3.578132489187998 3.6095531071804015 3.6381117591769288 3.5574093271327345 3.517279779589636 3.618272149934111 3.5357537967088972 3.5797925938696045 3.53383700328659 3.575163673413688 3.5627030675842315 3.560011261738826 3.6024285086602013 3.5875453737542053 3.525872289312185 3.535294994914876 3.585303000032391 3.5242232078168083 3.55632000928841 3.5585302434090336 3.5327845124109487 3.5544258408269847 3.5309108132292244 3.5580801665697197 3.5833811890033154 3.581838887685903 3.5580541391065914 3.5820599074169706 3.5668529759751904 3.620415075011497 3.605124101262825 3.515869281033081 3.5415111035984026
39 624 3.5675082809659564 0 0 3.5493328891178724 3.534536581175247 3.5714023910086805 3.547838197012535 3.5578822878426 3.633340353136676 3.5583804092382443 3.6878331215663898 3.548945975199452 3.5327864528555883 3.569522771791759 3.5660305996827533 3.571014576819015 3.608788269539483 3.5880482213290454 3.584845086917926 3.5358857365848926 3.538781576906799 3.5500497794345693 3.558267401986894 3.5834981118085065 3.530641478629545 3.540805448367282 3.585864023537344 3.5438002499034726 3.5509448285592318 3.5686815936205614 3.5275715362951594 3.562772291087599 3.567614519060949 3.56021786076977 3.5802914078553405 3.6143780008312505 3.647685974253496 3.56368496136239 3.5269588200084647 3.616093319339416 3.5406181167353243 3.583061414072025 3.538049453895926 3.5867499415764788 3.5658912454751244 3.5657545283490433 3.6075296634085445 3.592328909127358 3.53279452049236 3.533490982849037 3.5891351718968347 3.526333597755434 3.559474303990663 3.5646903058835337 3.5344959730328003 3.555975648399215 3.5348007471244145 3.5565887039735666 3.586565686451323 3.5825215218088085 3.556810044469461 3.580480244147661 3.567512363776596 3.627441114531644 3.607314503802213 3.519994188016882 3.54236907112705
40 640 3.539209993038863 0 0 3.5203237416419477 3.510232366532164 3.5465027676956447 3.520106884838384 3.5295912437468675 3.6039504955459503 3.52798891383693 3.6572551900981365 3.52212668841114 3.5038130745774163 3.539133079306068 3.5403828165535858 3.546026191564109 3.5859211434725133 3.560008611140027 3.5560449017381384 3.5077776032283894 3.5128944973199943 3.5145867905322477 3.529567143950944 3.5544173489207673 3.5021576904790437 3.515081498311108 3.5577115230735723 3.512329412112022 3.523914619302841 3.5362829422401014 3.496752327509905 3.532666367749365 3.5400784837200465 3.5352099232652963 3.548079902820497 3.5833603443811257 3.61967903965164 3.537464137741905 3.498692323253022 3.583938235642651 3.5132221146108447 3.553458589067724 3.506588716452919 3.559415122873746 3.5417980886162685 3.533789025152245 3.578444665643827 3.5642759168373184 3.5012298073341217 3.5074142903856123 3.560974255256219 3.4978112920152955 3.527605062918996 3.5341530083363604 3.5050251870858915 3.526747424395901 3.5029201138169443 3.5286563790464056 3.5540257283249628 3.5512914034585727 3.525383124316023 3.548048802267956 3.5453061316667505 3.5987357895815317 3.5814511351848735 3.4894006176604164 3.516897195269877
41 656 3.517010320535022 0 0 3.4981228583333603 3.4899320802808256 3.5273389376549886 3.498831449815049 3.5077450042130023 3.582163875253983 3.5068574712579355 3.6312721881228796 3.499645472683101 3.4816546604036995 3.5171377879267625 3.5192552793887364 3.5225214525441224 3.5617315673359973 3.539861909163386 3.532998563131496 3.4848475289066294 3.490045763161356 3.4892732004862097 3.5038330795285275 3.528681768425531 3.480071978434902 3.487500166504574 3.5387514257248935 3.4975194775675185 3.5005480888691776 3.5138667647641437 3.4711294952825233 3.513799481148527 3.5129025160854024 3.514546732182598 3.522807411862466 3.5597472776930337 3.5949743628702957 3.5148767132828866 3.4809749299877106 3.5609272982233278 3.4938248700200263 3.531590050365564 3.485226172691643 3.5384724251952147 3.5169996982803156 3.5133809277294263 3.561495151860789 3.546568908910771 3.4751184748642427 3.4863459598830686 3.538431306937464 3.4713832784414382 3.5030434491838998 3.511682352958798 3.4843610716274496 3.5043103799592332 3.478752697864598 3.5050272418487998 3.530277959717347 3.527523889383612 3.5032686125660133 3.5268246843951516 3.5238698152141676 3.575003576858863 3.5593148661367495 3.466357700616068 3.494867332229776
42 672 3.4827154312959467 0 0 3.4644789530515494 3.453545169455147 3.494571285155492 3.468167214615649 3.4697849164823067 3.543857955221392 3.474358859596221 3.5975905769464154 3.468367244995031 3.448026506665167 3.482013830109681 3.484595898924354 3.4874717865707807 3.5276224311110522 3.503002472272694 3.497136682079526 3.4536606146768114 3.4577722837604266 3.4559475204193 3.466316435427386 3.494483234933486 3.444922550569567 3.4506373313553933 3.506681995970718 3.4662816388657496 3.4651600444905095 3.4802424700827923 3.4398248093125137 3.4811135442978474 3.4792283834890867 3.4801385535589238 3.4874717778114728 3.5271403866776945 3.5572355362716004 3.4763530069360797 3.4488496479019073 3.527674779873345 3.4622595758352617 3.4970938555374005 3.4522312702959654 3.5059987914030284 3.483408977883359 3.482012339417674 3.523957247858746 3.503781935535244 3.440265271240769 3.453416072046216 3.5035231897153514 3.4356755211535637 3.4654267288813094 3.4771261256509893 3.449572930996502 3.467864367329196 3.445376329622113 3.472314407321786 3.4919070667217857 3.4931753200438687 3.4701841983069937 3.4912943188549894 3.491340394924929 3.541284898632387 3.518542426040943 3.4328350951526105 3.4551729220935843
43 688 3.4404274002415374 0 0 3.423801823585889 3.410632160882047 3.4549776288821348 3.4250349882743842 3.4251103198610306 3.506425467999065 3.4326000533199768 3.554806370995105 3.4264990868715115 3.4046135864075358 3.4387829679005093 3.4390896779475244 3.446130785718369 3.485934947405021 3.458725343028944 3.452834344609151 3.4132964695134698 3.4216884313891764 3.4164089847127666 3.4237874305546656 3.451983410537244 3.4044540416930946 3.407718350714302 3.4610197056086798 3.4222325588414497 3.423736229816525 3.441072758413321 3.398730188409737 3.4376422690453987 3.434795697376794 3.441009126485505 3.4470183038597 3.4750300984761333 3.5178906695033816 3.4339605685052565 3.414453581552857 3.487909625282561 3.4182909995660196 3.4529456234251223 3.402079417102569 3.4672816627919674 3.44247222259532 3.4372231113913325 3.4786234512631387 3.4616815653044855 3.4010598606019515 3.40468579666622 3.4613237259492213 3.3950215366681165 3.4190771276027485 3.435302209494859 3.40839570693832 3.4279927821198726 3.4034098298058915 3.4289996545953954 3.450070338323135 3.4500133368179373 3.4270547202235497 3.4546082989450615 3.4501306426931455 3.499299723030112 3.474072057412491 3.385397100287605 3.412447585352251
44 704 3.415364236494407 0 0 3.398336449900393 3.38473371769097 3.435655967726734 3.4008703318593136 3.406385454166939 3.4814707600931034 3.4077756692396415 3.532670033222088 3.4064478970538823 3.3789174523684427 3.4131107529649505 3.414231065508549 3.4239030552298892 3.4629205484438934 3.4349166643599505 3.4274454591463135 3.3901995461341476 3.3992317533747274 3.3905588788942818 3.400644445062165 3.4188578884273895 3.3779762658149592 3.387450841371135 3.436537108795262 3.394767288542126 3.398898090114481 3.4151127660491354 3.3650215230340415 3.415667840560306 3.412340452424702 3.415946154765028 3.4218467830704236 3.4500963394101802 3.4958336524117635 3.4080303792905458 3.3843254261170395 3.46299459710031 3.3928759787148883 3.429342932057355 3.37166781312302 3.441412500545557 3.4178458062037858 3.4105618942592355 3.4523544766123413 3.4345230324168505 3.3758563325600486 3.38406289788859 3.434573832557764 3.367690849707773 3.3937618846369775 3.410198526551349 3.3845207489109916 3.4020373633131875 3.3708752400625124 3.4059154356150576 3.421736626499687 3.4280982729834806 3.403860625460251 3.4293576675139987 3.4249887111461628 3.472180657589174 3.44806303551908 3.3591694000257446 3.3891835867462947
45 720 3.4165943725179155 0 0 3.3976431388487667 3.3827920302648047 3.4391768383618326 3.4003003301389487 3.4100467809091928 3.4839346694462194 3.408682688395398 3.534059099625329 3.40646798063143 3.381639083245694 3.4141563828938586 3.419045278124007 3.426203856307851 3.463075057639897 3.4372531660524963 3.4270540386663213 3.3948708529334635 3.4004083495634956 3.3930630865282194 3.403923042572215 3.415489190091664 3.3825106102512588 3.391745002409068 3.4385060394564144 3.391153987148813 3.398165163835924 3.407300443306006 3.3630063666067533 3.415806452837076 3.4154161334762074 3.4144751957841026 3.4306029345401203 3.449448045107994 3.4940430888231413 3.407846477760121 3.387383408597135 3.462305285221157 3.388703458967889 3.4295163347291937 3.372527145500553 3.4490468681648445 3.4186591921933625 3.410529558769955 3.455712783784828 3.43598427360946 3.37645539988617 3.378561993175061 3.4384763200368225 3.368510317474369 3.3966518867037117 3.4133301884389007 3.389589499125216 3.4036133675799447 3.370690089527578 3.4036290128411055 3.4205842813257354 3.428954254693298 3.403534463402904 3.4263043940544766 3.4273954976813132 3.4741160647405134 3.4517201018306953 3.362284664090042 3.397378055248025
46 736 3.4220810783038305 0 0 3.40668194471602 3.386954423764722 3.4448773976980473 3.404892877773279 3.4172273917666054 3.486949560171291 3.4166767789590997 3.535257475158787 3.4112719640200013 3.3855568763656207 3.419161808311038 3.425584773981709 3.430517010742064 3.471399258421866 3.442700946120749 3.433288871037994 3.4030626333809617 3.4055599130489234 3.4015360157469128 3.406076598892031 3.419874657212481 3.396910027320456 3.3942631098210345 3.440632715870945 3.395940394239384 3.408226698374294 3.4133997342011537 3.3694577491462057 3.420213825160956 3.42028054322431 3.422197883999337 3.4363759155439393 3.453032362630895 3.4938786850091454 3.413606418023593 3.3928494611046647 3.468142892070107 3.394987669986097 3.4359518061106678 3.3802997447267624 3.4530375833398823 3.4264173078382414 3.413223689752209 3.4612276907011963 3.4430001055746278 3.376355428582217 3.3862979418220878 3.442994859872316 3.3774089031119674 3.4022527726612277 3.419642479042066 3.3956752455774994 3.4113660674372794 3.3753905922021405 3.4096011994149586 3.4270324921324335 3.4328261040386017 3.4087218410870412 3.4333912077100606 3.428711259663807 3.480229403095231 3.4537261738399643 3.368076220164277 3.403666323854251
47 752 3.430131146823552 0 0 3.415144245292804 3.391649145976052 3.4500086790222966 3.416236876820606 3.427674410962755 3.496818615424564 3.426151800810949 3.544906623277758 3.418379226691423 3.3942359400391386 3.426292668208792 3.429579157207015 3.4335225574557744 3.4796197238838786 3.4483123157596203 3.4372859830594926 3.4114348987010272 3.4125132813443173 3.4150035473242775 3.41547184887149 3.421944975888263 3.4062433909297787 3.4033790807649607 3.450052339129503 3.4021276626891215 3.4192046090257158 3.4217831175348143 3.3761445933226075 3.427779815179667 3.4304555043790987 3.4304509592864694 3.442890505606523 3.460181514522495 3.503858940123718 3.4217919949477995 3.401320731793459 3.4897277282185835 3.4019829304944667 3.4407192779268607 3.388596413882639 3.459263716626789 3.431933904714487 3.4250809328313543 3.467803333511056 3.4447329614282403 3.3823467894679426 3.392736019442291 3.4516666335045096 3.386265445031601 3.407233012533407 3.4408894786144972 3.4059726348788724 3.420545429090619 3.3827406768166113 3.412554005652277 3.432121099671969 3.4422021125252713 3.410488297840689 3.4406453342761574 3.437632292914107 3.489201068489369 3.466011580617878 3.378155172048715 3.4137617912940357
48 768 3.453219218155041 0 0 3.435516500270179 3.4157302440538038 3.474788359818346 3.4374744930813095 3.450893819547115 3.520491533762484 3.4498352702555675 3.567973964049945 3.446227932049733 3.4174134746420406 3.446139564129904 3.451416905988961 3.452784905374139 3.5030021363559887 3.4740694581224996 3.4599456667120636 3.4334618686994927 3.434137189195769 3.4409664671645195 3.439846562328628 3.454136918062339 3.428958240293283 3.429186753727266 3.473060629611081 3.4251907721885555 3.44043890920259 3.438099481745821 3.3970218508339753 3.4519431244666 3.4538616524332473 3.453135513116966 3.4675260045516207 3.4826179933880175 3.5289607565826557 3.444580758953854 3.4218159065724643 3.5146269275569213 3.424094857410576 3.46151614167981 3.4104665356602917 3.4853337982049686 3.455051827654925 3.448120282526607 3.494365714510479 3.4675770111674007 3.402837501718986 3.4210263744475515 3.477410320053609 3.404805791875216 3.4294720269111614 3.4659620438612584 3.4325314580982944 3.4385406652600436 3.4029063521459535 3.434491677172472 3.455806484242057 3.465319700116823 3.432840704189661 3.461094399760188 3.4584177113663834 3.5160527727510527 3.4928446262257538 3.400180567143651 3.437912531972507
49 784 3.4760640607245485 0 0 3.451141033631092 3.4384631165146247 3.500555664836784 3.4592852747677636 3.4849401368875808 3.5467848293475517 3.4708817630863096 3.5933967148299653 3.4719809798390058 3.4394888001197015 3.4687508937611864 3.4747254250003157 3.473998688975034 3.5253636741327377 3.5003166190148534 3.4811306354402287 3.451645573747372 3.4579029011747986 3.4626470855283307 3.4612958826294196 3.471901742362297 3.449901520661265 3.4530463069458177 3.4949671148899255 3.4492099286742093 3.4613241476572396 3.462810815751871 3.4167924848211655 3.478548391102811 3.4758735305063486 3.4770562493759223 3.4930566938759076 3.5091015715585514 3.556537823972078 3.4656681268086778 3.4412770308507032 3.535994683752204 3.4454983458532844 3.4846423410630134 3.434585470058279 3.508019842025973 3.47648874040518 3.4730104574463545 3.5217296999280627 3.4912874408244994 3.4334084488424823 3.440036009230907 3.5014284365042623 3.4295074504331766 3.4523233194212226 3.489356525001308 3.454144219500159 3.459520843523651 3.4298039823105833 3.456340270417488 3.4761528257287524 3.490713051670079 3.45631776465397 3.476910793050612 3.4787032507120337 3.540531757506648 3.516267565827195 3.4203608270080617 3.4609785658950076
50 800 3.5133995724107696 0 0 3.4878397599122413 3.473224570889166 3.5382419400988523 3.496280692553522 3.5227300630631198 3.5873053721078376 3.509060285032045 3.633427698498533 3.509619830019486 3.476738702010408 3.5063405102306024 3.5123375775619055 3.5098431064850373 3.565365112314496 3.537396912391868 3.5128647820491405 3.4917633518408713 3.496598068205049 3.5022317707658495 3.500582094018502 3.5078425385906966 3.485544409434108 3.495072552610605 3.533091114310958 3.486239386623468 3.4995262305529327 3.4993354959068275 3.4550904858311005 3.5174223925489914 3.5146584540097714 3.5139456942209226 3.5300605556011293 3.550094456493281 3.5951997802855082 3.504186405280539 3.4703833140695135 3.577912611554421 3.4809709818506325 3.5227679197741866 3.4699020345947558 3.5451003316048872 3.5120959744357094 3.5121586667912936 3.558364474117818 3.5257151469313897 3.4684383803794376 3.47383807043747 3.538730937799726 3.463769946148638 3.4937973599907264 3.5317970937007974 3.494625853684629 3.5014412050396766 3.4638269395369816 3.4944609726353333 3.513032518445991 3.529271315062999 3.4930104212738713 3.510931970140285 3.5159152641857148 3.5821243837423706 3.554532549644495 3.458976733001719 3.498139422888142
51 816 3.5503242789123712 0 0 3.522133627654302 3.506712816895574 3.5806967610649583 3.5342843238986763 3.558833443020018 3.622638453754251 3.547581506984179 3.6715590145500587 3.551177271885252 3.5151479537835786 3.5428148173863545 3.5406805120265745 3.5473502314463214 3.603200272286041 3.5750108994775602 3.547206042367946 3.5278086996765845 3.529094076050316 3.5383947185059377 3.5433283009008836 3.5428612057184172 3.5213524937873557 3.5329488833604183 3.5695373248510585 3.5241959957137925 3.53630591839425 3.5337243213421416 3.491156498869714 3.5537686158781505 3.550469196979802 3.548169272364358 3.5625047629354576 3.593138947201656 3.6316163658626017 3.5406558880885997 3.5088616051781334 3.6163642045654654 3.515947935865535 3.560184848886295 3.5064009580569477 3.580703534144135 3.5475961479618254 3.55063687382963 3.5945003763314034 3.56064370263136 3.509653493782473 3.5064016410039276 3.575252577044214 3.500057922076696 3.529598695674015 3.5743005045710388 3.531314262044732 3.53752710001948 3.4984047624429424 3.5252424822517514 3.552401762648542 3.568071939992251 3.530996424312025 3.5454996302086492 3.5502179046023987 3.6301893831703724 3.594944334406768 3.493538637070185 3.5297279162979645
52 832 3.5972071954068863 0 0 3.5717090957504256 3.5537772498106635 3.623823897084469 3.5799360394424014 3.604798459818901 3.6716161025112317 3.5961102898580855 3.719247990131682 3.6003472602742885 3.564631209930679 3.5937238770793067 3.5866862604302887 3.588542408326239 3.650320321261181 3.624518199399991 3.592243726832467 3.5737071623900314 3.5773972460855754 3.59188697581475 3.593322083622006 3.5905783371512494 3.5676989890722623 3.591986848610848 3.6132811927996205 3.5685526274102966 3.583879815144537 3.57922128058619 3.541390773676984 3.5995293139998226 3.600398331623361 3.592333415256538 3.6060018785688395 3.6357058610370125 3.677220372112047 3.5858302958630164 3.5535186100980023 3.6641821835534367 3.5647048567687447 3.6110486207851937 3.5527996795591323 3.6267232447392415 3.5978176784065514 3.598024847027495 3.649240740684779 3.606266829811817 3.5608260358416097 3.5495727628977143 3.6204346501152 3.547928674553397 3.578718634185484 3.6255383253902567 3.580460553160081 3.584951124516809 3.548690357031373 3.5703857840827995 3.5975965408910153 3.6166941429494126 3.5775364363020996 3.5941761200422833 3.594472285945536 3.6808053272764725 3.6388556706307464 3.537409557247836 3.575663778682187
53 848 3.6259375224401693 0 0 3.5987198918817658 3.585986043216554 3.6555454316780285 3.6092706680351796 3.6315004509572093 3.694888130228408 3.6252210644773624 3.7452948212605923 3.633107479309248 3.595089407644862 3.6235458234826985 3.614947756350852 3.618935086852701 3.67881724067088 3.657691464566935 3.619673686277641 3.600849470905765 3.608377548325164 3.6224839949543366 3.623430498556219 3.61474082332434 3.6010939358032035 3.616503402580891 3.6406471235014695 3.598142788221162 3.611651698716894 3.604732747362238 3.5666752156590484 3.6257097290840576 3.629317233424646 3.6226668092868075 3.6297947197717626 3.6622472196956624 3.7079414530876424 3.6103369899786615 3.583179905556566 3.694692887490382 3.5999000045592755 3.641517345107198 3.5808057197908765 3.6552590234137927 3.6265987706981906 3.6253849623900316 3.676301007870789 3.6371837244469516 3.5930123179458278 3.5771161066234174 3.653049798170871 3.5769499523550983 3.60508889887405 3.660574268247755 3.61168052663157 3.6132021949456745 3.5839453428799977 3.5962375013434564 3.6251327594443645 3.6440587347585414 3.604254407951716 3.6268133975887493 3.6235304721490373 3.710525577957229 3.6717683243945407 3.5687312515862275 3.6058724659741235
54 864 3.676456713618649 0 0 3.6557169739619915 3.6350897440821703 3.7047327233425977 3.659980215366078 3.683002574952802 3.750914298374924 3.676083698648558 3.7959411842102875 3.686177069770422 3.645415488765392 3.6757194496043084 3.658447267392549 3.6651251236766083 3.7295880357761613 3.7147362071175603 3.670756335055227 3.6524002066174575 3.653343658769329 3.6729127562490254 3.672650084730758 3.666522370149153 3.6514563581077146 3.6713641662180283 3.6900460851419448 3.646860206497462 3.6645641686206396 3.65529353357335 3.6157034437810873 3.6749757222762005 3.6755321005040327 3.6822985213166617 3.680412985890008 3.711224340404734 3.756910651766521 3.6553364366434247 3.6352686648018246 3.7479287702084108 3.650402017026006 3.6908014054692524 3.6372293402670444 3.7055665221794225 3.6740294594465803 3.677237592149293 3.726011629811298 3.6846353157610547 3.6447593846798325 3.6260261759059786 3.7007281889245505 3.633761299923881 3.651668307806054 3.7163833018888184 3.6646717250916163 3.6632549428245134 3.6368420075543733 3.6420955333208234 3.6742834178316945 3.7001809222012745 3.6555687036673965 3.6771733793632455 3.675154708370791 3.7657240325200143 3.7223045556076007 3.6179664822063202 3.6527644664253494
55 880 3.737145921139672 0 0 3.715631548218833 3.698666184371765 3.7697807224036954 3.716069321787695 3.748896474173111 3.811075689305586 3.7305615340791434 3.8587689459549974 3.747619152693583 3.70608606306197 3.7365867067259835 3.718233991555125 3.7229547048702143 3.792135940217484 3.7825744703689637 3.730196929163718 3.7155378196799016 3.712177358243767 3.7364018964495727 3.7325549671782676 3.728872757104642 3.7104183857312756 3.735249538418653 3.7518755206927747 3.7069035288405487 3.723093957028927 3.715526308190532 3.671045585892665 3.738261372879187 3.73661452933904 3.751122410061092 3.7445189259333915 3.7767440928904876 3.8220515402218007 3.7120174839369495 3.6899121775294597 3.811982280090477 3.710676070612099 3.7456148539284198 3.6979634911220454 3.762202472707622 3.729714810371399 3.7388552398804595 3.7890850542759797 3.745226957216406 3.7055513978162864 3.6860679452459735 3.7622693089612245 3.6932415644342127 3.710020367849308 3.7789248316880175 3.728819009780776 3.724322081957013 3.693276225642069 3.699895719456389 3.734578843125861 3.7621796333350472 3.719752891367501 3.7383038980211296 3.7379939404253966 3.8292797598594746 3.7834761860238237 3.6784307348869936 3.716016305011534
56 896 3.7937508426904247 0 0 3.77480020314536 3.754495291004555 3.8268426387723706 3.7737428798789354 3.8037831198544607 3.864030323951807 3.788136225400673 3.9163143841847803 3.8027907320673973 3.76301644496743 3.7909344743703413 3.779229292859089 3.781593309995158 3.852344255372769 3.8470449185356896 3.786466537190234 3.7692834952865155 3.765879588508099 3.799383302944797 3.788261631234177 3.7836096871571394 3.767073091721922 3.7921349701368046 3.810456854961524 3.763529904491849 3.779642755888229 3.770108552918658 3.7197165412508046 3.7885461830329836 3.7917755572579965 3.815029969660317 3.7968367563214547 3.8304210491564445 3.8756495961555473 3.769477582478774 3.745139792159955 3.8736348068566997 3.7655779455538783 3.8015371334877903 3.758510298045615 3.8172761356110723 3.783812172007745 3.7964617434388677 3.8474357434176363 3.804381903626758 3.7663389780258263 3.7412710592119547 3.8191360415884437 3.7509378828607445 3.76742242590368 3.842375420092629 3.7812268905921473 3.7811501429469154 3.745955210288002 3.757519984643628 3.797990168185226 3.8178860885969095 3.778722016388218 3.7944319824331063 3.7958046501958997 3.892193932855359 3.8411008243139073 3.7344561573749253 3.771259438407574
57 912 3.845207645686552 0 0 3.829514293226885 3.8003668156721124 3.8782870779481873 3.825429300583602 3.8463079353899556 3.918181472242659 3.841419907396877 3.971387283376012 3.8559102070734763 3.813102487608644 3.8418136058138694 3.830644357458301 3.828112118137455 3.9050107468120556 3.901517151586249 3.833988489009773 3.8195952996414673 3.8166322741507592 3.8519389056916555 3.839284157945227 3.8366112952539724 3.816731077859824 3.8438660542810075 3.8663070803184945 3.819548760863317 3.842212046744764 3.8215350500879297 3.7750613120328382 3.8419201351085097 3.839789468982508 3.8697902845454797 3.84895599854751 3.8809796682853177 3.9260475067402005 3.821505794582415 3.7911428153659457 3.9306651884702397 3.8161902945342288 3.8502848859250016 3.8090612310878735 3.8688461268855776 3.834131666368584 3.847321609281844 3.8971674473883793 3.8547177025933235 3.820047556061288 3.79358431102511 3.869143537219624 3.8089217270535514 3.8167291029627974 3.896087995792756 3.831724725565323 3.834044047997804 3.7962580436953197 3.807818032670839 3.850018937783394 3.875608357678713 3.83100416403954 3.845414034473827 3.8482594028426065 3.943685375702216 3.8922952907758988 3.7847853651115106 3.8244511277585476
58 928 3.8778592820619653 0 0 3.862255221855736 3.831847679227021 3.916000430596746 3.860027402665306 3.8750303526000436 3.94520199644431 3.873901984135791 4.003644909846636 3.888285973919755 3.8454339912159456 3.879909284707936 3.867991894101511 3.8590810487192058 3.9393465698133405 3.937452381782576 3.866470573667315 3.852631879742941 3.846538773019946 3.8843218472229997 3.87563795818003 3.866766292314871 3.8504817180147355 3.8765628935808807 3.895749244541621 3.8467697154213027 3.87889105702628 3.85157964910941 3.803615346535951 3.875518726646351 3.8710346001948706 3.907258078466753 3.8824672974477275 3.9153385006801282 3.958933038990167 3.8546020967493164 3.8212859683676768 3.965911331100795 3.8489459465166513 3.883365987509433 3.8372661530224548 3.893229178242925 3.8671679114333974 3.8797999639714864 3.9332979425577292 3.887586297874913 3.861313725299075 3.823230832542794 3.899162573103566 3.8428603735398124 3.8509531997510704 3.9316141155716102 3.858799963217579 3.8668050073042983 3.821377084294045 3.8383584667895154 3.883092383099819 3.908451434228008 3.865404504091702 3.874503526955975 3.8814758168814243 3.979294750212003 3.9240949464210853 3.814023139192181 3.851570693951009
59 944 3.9350435606271885 0 0 3.9206443014448524 3.8875844108763875 3.974142191567195 3.9182803344014023 3.9339839560365086 4.003950311056606 3.9318450249645105 4.0625656349105395 3.940526061607782 3.901129941752932 3.9386753185954153 3.931546583913704 3.918204691718049 3.9988348254076658 4.001194561292988 3.9180804666386706 3.907677067481361 3.905882937809977 3.941222682489996 3.926151810462715 3.922909042141595 3.9089591426001 3.9327516905800373 3.9528700619537696 3.903507470928089 3.93461554597545 3.900027702287958 3.8599240635512193 3.9310459518828567 3.9252024542419477 3.964281403467463 3.9441675514520607 3.9749702534143876 4.018573804083176 3.9156297673487623 3.879094134797857 4.025124022978334 3.9061913864063977 3.943674787235869 3.892511142791793 3.9532563744647264 3.9267356382006713 3.9391161823753738 3.9905057997799944 3.9434737280384886 3.9214830165190278 3.8778250390343563 3.957164933766204 3.899700539609446 3.9141999114336152 3.9907412924825367 3.9094949606599405 3.9260855666001735 3.879706710277374 3.895911825335711 3.935586941187293 3.9652552379151724 3.9259647417042576 3.9245606725276376 3.9360553576749577 4.041648230122971 3.974751183793684 3.8689961089072633 3.917753580685368
60 960 3.9683747464203827 0 0 3.951777769548959 3.918589855017612 4.008290232191283 3.9517629254919426 3.968608833078337 4.038572724838679 3.9688510122125105 4.094477134600347 3.9710449720041248 3.933095141388441 3.969738131058539 3.964924871862631 3.9538917401408398 4.031591543340981 4.037367323993332 3.951216309964272 3.9406341823840556 3.936649595746538 3.9816271619046253 3.9557063170557814 3.9529032658835934 3.943520914366152 3.967462922572564 3.9934962779735828 3.9422940231618195 3.9668053442185855 3.9373716764684255 3.8933313558072875 3.963083988812514 3.9576321756858546 4.00010949006904 3.972754932221169 4.009230893601947 4.049280991413145 3.9482979011691364 3.913568574259756 4.061249658500996 3.9325242556594793 3.984826881008521 3.920759775153577 3.9870001653303886 3.9554673162396075 3.9686559909765275 4.02350387012054 3.976969951469573 3.9578916598654703 3.9088280127633515 3.992070920245987 3.9331190339201854 3.952991771095235 4.025591916544475 3.9397456179324384 3.9565605674410462 3.9125617669996067 3.9357032939787775 3.9670789245789644 4.001757351183896 3.96110926885834 3.9563401226378376 3.9708369210296772 4.076189392140288 4.00504184871823 3.9026005782133786 3.9508966437463306
61 976 4.032780076767626 0 0 4.021894490099979 3.9788978475388626 4.075155587598452 4.011733509022988 4.029368401945391 4.107269487010568 4.034147358195563 4.158708522519352 4.034891696892065 3.9990841648968103 4.040170260656173 4.025946162665649 4.012243164701245 4.094613203009219 4.113055615975266 4.013070162696488 4.002123602010054 3.999231478617923 4.043806643926191 4.0235956175501215 4.01517418620519 4.006363316926645 4.0298103518119675 4.053027383815365 4.007297112154751 4.033766007422287 4.00056398030456 3.960157641988462 4.026743147648544 4.021092247440327 4.076393139665499 4.037138315791721 4.086570950775352 4.104844838716984 4.014124846319381 3.977207344670057 4.1324279038215295 3.9961675958376306 4.052282053800055 3.9856083350375378 4.05292675960585 4.015546844006545 4.0335597339569045 4.095915275285538 4.042191749772732 4.023269631455261 3.9747749423027208 4.064417685373603 3.9989749191466704 4.016171178141312 4.098332756454706 4.000398511001843 4.017695759304806 3.974989643864714 3.9970482744800573 4.030378270045678 4.073938297621037 4.0271183478022845 4.020931626400374 4.0361558436424465 4.140848424594675 4.070420165904191 3.965914295850897 4.020992973971191
62 992 4.091802908663045 0 0 4.086663304269345 4.037675766516013 4.140347951056569 4.070441035909436 4.089525019592932 4.163939978164086 4.094187263722426 4.221074409710825 4.095811258988112 4.054791185440607 4.100389223653714 4.0817527004215135 4.0723745020472375 4.156446357357419 4.181980110709862 4.071124200423596 4.061151913761556 4.057287075938917 4.10066430282859 4.086309503345462 4.072394584198389 4.070490644103719 4.088275976483756 4.10982348129347 4.067347008229805 4.091754643402087 4.058805752746134 4.0177889259796995 4.084121141305988 4.076112433482461 4.1324273628205335 4.097653794806402 4.144108915625505 4.161790060770688 4.066949817402563 4.034148349216715 4.194741173911646 4.051397749613715 4.111321534750854 4.04331430650475 4.115147402619367 4.0720064834015215 4.0925487388407875 4.158868390935996 4.099664969402278 4.0851781564349094 4.036236819448156 4.127029765496203 4.058798091031324 4.073126960027634 4.157362064574029 4.054951178708097 4.0748348032472315 4.029449379121205 4.054281477289121 4.088069000275576 4.134662726733355 4.0874226080634 4.075291757697592 4.09672862258035 4.201962997083234 4.133122485733442 4.01884343522983 4.085190640557513
63 1008 4.144626491120363 0 0 4.146426150630591 4.0882404670296 4.1978162265009775 4.123727138115717 4.1386231183392725 4.219901259861381 4.143053124670868 4.27626030756781 4.146327379619627 4.105968201380065 4.156393722357281 4.127879190234632 4.12074670300342 4.207049035946423 4.238830007556465 4.120934984090401 4.115344443919493 4.107510836560961 4.1528312972908745 4.139295622981609 4.1231773636945706 4.12594148542556 4.141812764081095 4.167127968755502 4.11811858237462 4.135796780046957 4.1122927298431415 4.071721337527538 4.137760815443682 4.127363500993511 4.187179147587169 4.155416566613178 4.202753947811913 4.21743453467373 4.11600478547827 4.082844263807027 4.254619640970387 4.101578842350997 4.165639365262838 4.090312078243611 4.170952135722446 4.117930227177525 4.14658062178022 4.213020179591158 4.152422784885082 4.141915849680384 4.091069878866215 4.184216749014112 4.11517084010084 4.119293089764168 4.217150427126413 4.105890014783462 4.129528339010456 4.083046873163154 4.106274065089334 4.143498555548971 4.189121393797873 4.142059530187964 4.128457337547626 4.152887697036796 4.256757701077412 4.184979119051718 4.069878553866407 4.142390961537623
64 1024 4.195557710970661 0 0 4.201785828885261 4.140398729331658 4.25928607832684 4.178011533970888 4.184573639721982 4.271642596789019 4.194580706124852 4.326994830173032 4.198228618192416 4.157253213910177 4.207567440624611 4.177932396701081 4.164650442354266 4.259343804604963 4.298029397279275 4.174425330353996 4.164071520613559 4.155324544431961 4.20126268261432 4.190873743803857 4.175301579453632 4.172154136594806 4.188408940587468 4.220778609211321 4.166899355151315 4.192776616017054 4.160633284069092 4.119888648141119 4.191972575762149 4.178057773987369 4.242292212822065 4.208919731822484 4.254881202862036 4.268341493185098 4.170641589671893 4.130314940625108 4.309863427004751 4.157260373559688 4.213488203005268 4.137915501530231 4.218587689373636 4.163128534525228 4.200606444238328 4.265476988369565 4.203634820900884 4.194636773359194 4.137953369505351 4.238457914119148 4.166004420439353 4.1652776996858485 4.272913443636277 4.157517484373942 4.17972001027152 4.132000823888147 4.154134149262201 4.194325799508864 4.241668145347972 4.194126482938825 4.179114209378181 4.206682969305118 4.310409862268741 4.2359017957737874 4.1190578068207415 4.195002673509839
65 1040 4.247274635335784 0 0 4.25768365969571 4.191508477690915 4.317376110268438 4.233880734319967 4.24191495185704 4.331792710976254 4.246820331996336 4.378024714079997 4.250385616276685 4.209964064476125 4.2582112843025675 4.226913580103483 4.214409763387751 4.313128487598145 4.35842611426014 4.226714119073159 4.217039281301276 4.210767709925309 4.249564282175664 4.245241179057123 4.2269536903807685 4.217343016455821 4.247143167305386 4.269504722491694 4.217101794128113 4.2451693261838015 4.207179593034693 4.171529754367063 4.242679011889569 4.225240816135092 4.294057430948033 4.264992279853962 4.309775068105274 4.3179049045801925 4.222765132720706 4.181169005121304 4.362687950404079 4.206519027825029 4.2681220465715315 4.190803872531118 4.274910639050923 4.215722668603788 4.255691187245683 4.318749607888545 4.251509436332585 4.248630298878412 4.189492648393649 4.295885649196346 4.218648748766101 4.219015838573984 4.325158042291073 4.204945177806373 4.235553503400713 4.177885245971251 4.203303531152499 4.2497343763958035 4.293357263945581 4.24740054134169 4.222061167718188 4.2589889606421245 4.364931782425328 4.289771998848817 4.163882740889465 4.24944834502021
66 1056 4.259106441877912 0 0 4.277113746782353 4.201465442481322 4.330727821184758 4.248960078941932 4.257433259787434 4.344533538059826 4.251669714584695 4.391686372352713 4.264723363042188 4.2154958942638 4.26745309059936 4.240829838158906 4.227849759487855 4.3270917103850195 4.372113417321511 4.2378624477906035 4.232127400007211 4.221150866032125 4.262409147753431 4.257942307559378 4.236436411828608 4.231880545524796 4.25574784333158 4.280624536632467 4.227213105952923 4.258046106218921 4.216365538057099 4.18582428948465 4.260430503964976 4.236418306372999 4.2998505378906255 4.282584740832631 4.327292751694344 4.32763901675947 4.23670401014344 4.194388184406128 4.37448709520505 4.211567504105841 4.286664448305304 4.200643528023319 4.287654741065657 4.220910084977225 4.267132300852295 4.3360240420683684 4.2661173569200415 4.264225590556642 4.206454160440008 4.302656152407566 4.228083610774924 4.215466254165684 4.341391760755599 4.215116127276041 4.248817670402332 4.1858569865779165 4.217475231890726 4.262574428677092 4.304053127809469 4.262514341025396 4.226901273444455 4.271315106313659 4.378280605958371 4.30174549267247 4.1813303226361125 4.263497763838694
67 1072 4.250702593408961 0 0 4.2708164032682046 4.189077662277386 4.322445597059725 4.2394053078066225 4.251176049535579 4.333923463204221 4.244483698342294 4.3819891725723155 4.253939999858648 4.2044966285562415 4.253383121706037 4.232938963711365 4.2182539267702515 4.321928514328839 4.367432022487913 4.23461506926677 4.225024377694161 4.2117246780692374 4.254278837110914 4.252201767260685 4.231992618696914 4.2242332328579995 4.247861036037633 4.2725593571596026 4.217908355608602 4.248679412040488 4.20743932751656 4.174923056934119 4.261675854207519 4.225970618894411 4.292043408336195 4.278885412040514 4.323155295079703 4.319608076635025 4.230557910341874 4.183964870342308 4.36790999410761 4.202461799947797 4.279176262818867 4.1915016391093705 4.277680601495015 4.211525280929823 4.265602183600235 4.3193470130064835 4.256246467254053 4.2516855332122185 4.19551261188833 4.292799534892759 4.225430265336733 4.210456355936887 4.327714384997541 4.206515651636589 4.2374134613800845 4.176609801023472 4.206384759887955 4.260797022096306 4.291670206453891 4.247929841167485 4.217396913312927 4.27055860534391 4.371908795465593 4.293391259639537 4.175945918492595 4.260514642569841
68 1088 4.2291219508134095 0 0 4.253378974398034 4.1743429560811105 4.298000896901765 4.218012572553228 4.236615411201472 4.3046335483617515 4.21438811398822 4.35953026739926 4.233731138737886 4.179864067141972 4.232217832597553 4.2090592502973445 4.193402179315902 4.300340236564531 4.340633229148797 4.212399918861015 4.21026407724223 4.191555681129029 4.234717279223582 4.231700344338541 4.202919252757279 4.205627077948164 4.2227126579978 4.252917851487192 4.194519798935409 4.225429315885356 4.187185905669907 4.152550831579429 4.244781870003721 4.20087552448943 4.264871816234667 4.256398999012767 4.300911615044615 4.297069238426928 4.211928575356503 4.1616052036231395 4.347949609388632 4.181786264435118 4.259013198437821 4.170405614172543 4.252779915789609 4.191857906846736 4.241900481855395 4.299113290213788 4.22999613851928 4.229481472121441 4.176063361687161 4.27432835109234 4.2073984169243035 4.189455681142875 4.308187689459127 4.182635207106953 4.215744084914682 4.1583676773135725 4.185992068871039 4.2414203741428596 4.2716030120767225 4.226065627045767 4.202862372071269 4.248171686211542 4.353044854963723 4.274932960270488 4.157178863330933 4.239277908985339
69 1104 4.179488342863283 0 0 4.203310161976225 4.1246342919953 4.249139035864607 4.170540409829925 4.1869017943506215 4.25409782326001 4.160876285307078 4.3081270973351105 4.183650901182575 4.128991563439493 4.185101727840152 4.1599573385365325 4.1437895313531925 4.250108495470026 4.2890517241033965 4.159821037851597 4.161932382245775 4.142030593289429 4.188869236187682 4.178947109671736 4.155415400968216 4.156283417605576 4.169263065100224 4.204703227275763 4.144414522304531 4.170793938012376 4.130220123267579 4.107135874961779 4.198399731516175 4.153076578488907 4.211176722840896 4.204496174564558 4.2534760660907525 4.244180055884292 4.16447120270671 4.1084018262465065 4.2960501285008315 4.129650071934875 4.212965750060501 4.122304882873757 4.196831356454514 4.144558042930561 4.192024839206437 4.249301925281522 4.179953204435459 4.1760683465024915 4.122284568072718 4.224119481181813 4.160510448936205 4.1356644897108215 4.252888222681017 4.138795275934763 4.169667428711541 4.111622833562074 4.129486535088854 4.191340050430578 4.220100128605411 4.16995393289647 4.153974717056689 4.198623575464408 4.303194389951417 4.227059491611238 4.108746408359142 4.192652047350307
70 1120 4.107077523025278 0 0 4.1260446191226 4.05042827238515 4.1709620449259095 4.097854148059486 4.11304456305563 4.1773371718836705 4.084361579989749 4.224481108354045 4.10970870678081 4.05420871072509 4.105222424449165 4.088927826135619 4.07142471168042 4.175117756050593 4.214599078424237 4.076402531157673 4.092197749396645 4.070173902714258 4.117910474821568 4.108701844959555 4.08459721235696 4.084263889129069 4.100896788351111 4.135035232848072 4.067553933465938 4.098532772165495 4.055177980801121 4.031931458097366 4.127797249072504 4.0800254113951135 4.141543971150943 4.131002103197638 4.182317556315193 4.168862938077257 4.093196720228151 4.037910077385873 4.221234436462818 4.063413340329837 4.1397413089954815 4.048883316162593 4.122852699181699 4.077587778875809 4.119019916634608 4.179462970387956 4.10592304321049 4.105863714994613 4.0529984318662455 4.160284414936559 4.089991006208895 4.0631513654052505 4.179084889397178 4.066520494501243 4.094997138008266 4.040132717484676 4.056672384873927 4.115267780242079 4.144382596036457 4.097235274890413 4.082642179303847 4.124373784071517 4.225512067967538 4.159297488172332 4.036561556974624 4.118358765043285
71 1136 4.055235175600836 0 0 4.071558691522111 3.998733978455116 4.120817925653721 4.050861298869802 4.062361927731188 4.126325032606018 4.028239134396208 4.168026224579329 4.057602618609334 4.006242427394754 4.057488687922036 4.036669477834822 4.020575182753811 4.1201482415595585 4.159213361537708 4.028375069311126 4.037751438499424 4.018269788133089 4.067226067472464 4.060189566253661 4.030002677656717 4.029308984767593 4.042358221627782 4.084505545449184 4.015331250342559 4.048325999557094 4.005539997583798 3.984037196585485 4.0819909800456395 4.025827310568857 4.099137959347729 4.08230864649671 4.129894197248498 4.108266745545391 4.045337398947385 3.9863375673241994 4.173323092733916 4.004434303779106 4.091907196159392 3.998583658960985 4.068567341454041 4.025800470565623 4.066569977923248 4.130471034301562 4.049183776685178 4.051414297166908 3.9978450513981127 4.110069190807553 4.036624533776792 4.011140902736583 4.124083809672922 4.014753466183763 4.0336301860757295 3.9897926547833444 4.006451645065078 4.063156671040217 4.091403648333081 4.047219961032025 4.031331750396072 4.074350291617347 4.1744859633710165 4.1076200938309215 3.9813037305626606 4.065834761131096
72 1152 3.974577000510703 0 0 3.9877724491951225 3.91787859891095 4.0375996888028265 3.970843889921147 3.980940969660924 4.0494198077280394 3.9467128400914624 4.08799424998955 3.976411725801469 3.9280554428997165 3.9760215989239818 3.957563496725322 3.93947506223843 4.0381076520378825 4.072429747482635 3.9458680529998302 3.9624119958822996 3.936710307663984 3.9888605251181044 3.9803634921673097 3.9527431887270117 3.9563636748829594 3.9634927381906033 4.0045328673731575 3.9341247961980477 3.9673209012368775 3.9255798503936266 3.902133108916151 3.991795541072652 3.9476548325352843 4.0167793594762875 4.003441641280664 4.04702336677644 4.023555107816902 3.9634176821245175 3.905567068268045 4.088065429142203 3.926433152290618 4.0077987898088905 3.9209495063387307 3.987696395795377 3.945943392345704 3.9848736350352985 4.048427677395187 3.9642356837621078 3.9755961582639148 3.917167487119079 4.0290613339739645 3.9539380534876414 3.934551955868895 4.039617582249254 3.9370819958203405 3.9508610957350982 3.908158745936963 3.923209467136184 3.9821164841465446 4.008708020383711 3.9663999450953935 3.951225428850876 3.9920366166212573 4.094454316046719 4.02902388093468 3.9035547803362367 3.98221490981014
73 1168 3.8825579406967217 0 0 3.894281051691092 3.827585401375713 3.945379866635321 3.8843308657330518 3.8860468811283364 3.955477576235033 3.847507952279603 3.9898225680611894 3.8820515720628928 3.8371016823658137 3.878831232546906 3.863210643656183 3.846265263225264 3.941990929647302 3.9783151668228234 3.8536526675199423 3.87433973026867 3.8465495241394208 3.894212296217496 3.886172597958218 3.8589705927683764 3.8672569674131023 3.875931054259274 3.9096074278931003 3.845377276632281 3.876600019179496 3.8374664245503265 3.8102710375142914 3.9014900750968278 3.857748637642968 3.9241251412781883 3.909554779848041 3.9516857371427254 3.9323560518386107 3.8768267733186397 3.8174304462485322 3.994960298340653 3.835262863267464 3.9153391010270098 3.82762871749335 3.8909581192894485 3.856290427123046 3.8918122130465758 3.9551492403781476 3.8709899934711607 3.8842516893243677 3.8254643114041667 3.9344506638897827 3.8632702098829683 3.838841628969805 3.945085436816297 3.841946637098258 3.8579363395222814 3.817100628838598 3.831242870399625 3.8918011502922094 3.915579847291348 3.8747239166263423 3.8572693067105708 3.8984159676182233 4.003054322809419 3.9369689074915026 3.8123988166422564 3.8914308586497306
74 1184 3.774935826021735 0 0 3.784907790851631 3.7221625051648335 3.8378900791917814 3.7759165388164675 3.7747241633330098 3.847700008333315 3.7403703193941165 3.8765763981540364 3.774354596874011 3.7283954522007274 3.770868081264685 3.7595789927090486 3.7363442166790803 3.8317175020090626 3.866856204054175 3.74405875537064 3.76513388345796 3.742127354125407 3.7845233501154305 3.779342346992429 3.7548829861253634 3.759910156746337 3.76853245196022 3.799608085550664 3.738115775841153 3.767928044187205 3.7274332690475473 3.704604416091696 3.7980656667399977 3.751108205628058 3.8146089495860105 3.7984816241939763 3.8501118834287835 3.8229848299164115 3.7692329625584162 3.709293674365053 3.881676466001349 3.728375297715928 3.803578815580108 3.7238531384344498 3.7851627159232812 3.748923151427899 3.7867207018058466 3.8447432654066667 3.769287486595906 3.7766566791766825 3.7204595844269535 3.828338827471958 3.7541013672535453 3.726243099660231 3.8359230273163183 3.737169396417852 3.7525727768590813 3.7129652022003086 3.7214859003338834 3.7794955243793447 3.7977099517338972 3.7644097755443933 3.7526433870626414 3.798491189114159 3.891673662490664 3.829374612798069 3.7066842129635647 3.7810054748616495
75 1200 3.6884545397171387 0 0 3.6892277643747993 3.6348513391270503 3.7499598185358485 3.689650697906739 3.6849510976089377 3.760066916035259 3.6540322359223842 3.7929539346409378 3.686858267008029 3.643810684812601 3.681632946496583 3.6741200207540934 3.6505953483732347 3.744141134695226 3.7746599352791623 3.657847382426727 3.677624087462364 3.653506350785892 3.694419491609404 3.6946324672286677 3.6687725598126066 3.6751939441423844 3.6814569161977726 3.7127580641459836 3.6497139631605258 3.681269805018009 3.638622644158879 3.6203533400134282 3.714815400431037 3.672645716547071 3.7262892534424505 3.7108199263152013 3.7593776308309486 3.736001987019913 3.6784527390337955 3.631333028983018 3.792590978017114 3.6447595416144822 3.7166329948232146 3.6366687137202836 3.69810301056592 3.6631639359401262 3.695973402019047 3.75580255019541 3.6816253811896247 3.6923044095866198 3.6360972107790905 3.743175121541206 3.6655536344191053 3.6348716854683683 3.7455262008373413 3.652703051415057 3.6729730967706518 3.6290929894317085 3.6326042880820903 3.6928315784846313 3.7081938869344393 3.6796950339138412 3.6698391186259123 3.7078675252584707 3.7967127946334984 3.7429622023596396 3.6220323931669256 3.6981692330439353
76 1216 3.620143492139499 0 0 3.6243210659066736 3.5650767346846006 3.6833527974035016 3.6201701576053518 3.6150141049613267 3.683303526859498 3.584746613921376 3.7120023710604753 3.617902782401266 3.5742930021037926 3.613558299852703 3.6070371728021087 3.58430380222439 3.6734956400826775 3.701228888092591 3.587075863482234 3.609540399378152 3.584863978649323 3.6225103653236737 3.6299876702336307 3.599958528011907 3.604432086929236 3.615320985920751 3.6432837885712703 3.580539419609233 3.611693936468244 3.56905825881459 3.5494805475709117 3.6492329765761458 3.6048164113563033 3.65493767685364 3.6465388794482987 3.688724379279049 3.670903488737335 3.610826626194335 3.5625272365360683 3.7221747703113337 3.5759980388861785 3.662029411069205 3.5661095625719064 3.6326792922479707 3.595841236390361 3.6262060809557535 3.6838916450269106 3.6138291163089438 3.62687884460505 3.5698203350184983 3.6698651473335415 3.601449917714151 3.5714224387176174 3.6782479589889934 3.5831215347885625 3.605528375807604 3.5615084634695044 3.5650675206077582 3.624130049498027 3.6389259270760457 3.60874363063564 3.603983639055627 3.639259711361415 3.727542493246668 3.674298236908564 3.555270758543006 3.626707262513641
77 1232 3.5886946929315013 0 0 3.592354043155867 3.5342402634012435 3.650007695287381 3.588247738737113 3.5804068998774268 3.6533461050091023 3.553086078434047 3.679871611915699 3.5857019439323348 3.542956310748332 3.583129434278323 3.5758826975344387 3.556203213041526 3.644491820315825 3.6667088415409577 3.5594263450873767 3.585235390846614 3.5537012578201894 3.589378903165746 3.6026566661382007 3.5662809959914203 3.567850213476043 3.5810943335634486 3.6133162385606092 3.5506471293372113 3.577476858912453 3.538009448919867 3.5170193698494674 3.6205265122097634 3.5732400526452506 3.6231357244842215 3.61864366287228 3.6559493503089255 3.640318605883718 3.578616948048167 3.5310303211392386 3.691045914480735 3.5414104114980156 3.6285571503838203 3.5328422529972237 3.600310073259342 3.566909073041898 3.5954807673186773 3.654063011358889 3.5820929072001606 3.5941144221211103 3.538868263943952 3.6407108747775805 3.570689279551484 3.5424350136119718 3.6354950402621826 3.5509426316786312 3.575066120416413 3.5339122472971987 3.5343243069864347 3.5934327119995393 3.6037428639228177 3.572990019528572 3.5708556752964786 3.605793799727623 3.6952103252394477 3.642805623483644 3.528275354194962 3.5929336232624713
78 1248 3.561799886437915 0 0 3.5663285325097327 3.5077700725560343 3.6251256292484406 3.565692611851926 3.556498088491492 3.6273415108766 3.5248168466661496 3.6494744983013523 3.5586733777369486 3.5225400640917295 3.551969814167072 3.545229826974817 3.5307846420374593 3.6180842110741738 3.639282540213423 3.5372158067538915 3.5607542975005013 3.531159835899631 3.5593589504383494 3.581972177975061 3.5366141054568034 3.54337704230143 3.5511986923052348 3.585859612531984 3.5199365106518097 3.549563375002382 3.512142326144095 3.4910357159072043 3.588249874847826 3.543739969046091 3.5988925272415124 3.5862414500587545 3.6280906418106595 3.61158928148213 3.551663605039149 3.5021940868994816 3.6639490169999727 3.5156663099579215 3.6074566958238834 3.501685395040726 3.5741758471460567 3.5368742458644196 3.5666727650775427 3.6232327827465696 3.5585907272041215 3.5745101150431204 3.5126883096440467 3.612867444234796 3.5457222988938724 3.5136083523463615 3.6098017157312405 3.5222208765140754 3.5445510113654812 3.5052471195652606 3.510129489938796 3.5677495192328905 3.5731663579861848 3.545782293149155 3.540362340534131 3.578253330789935 3.6679187521149226 3.616292562956326 3.501067229577109 3.5652768154468615
79 1264 3.583690212738685 0 0 3.589630881820784 3.5267178125246392 3.6568693399578747 3.587436267930377 3.577874172566116 3.6487051688882945 3.542591591938616 3.6709458739582415 3.5843431721950827 3.5446840806789344 3.5763078885513715 3.5705572947115356 3.5519740522562273 3.6395750522146795 3.664134366484907 3.5614936371577133 3.585480439377755 3.5532834189350946 3.582576442163036 3.611256103526246 3.561583346889431 3.5668182012271776 3.5656515662124746 3.6039382437345338 3.5452994105003843 3.573874716794664 3.5384337523741087 3.5119390974700355 3.6103307838069614 3.5657279625289506 3.6176837733649285 3.6128318835555837 3.6508644342967527 3.632287522826891 3.5730090433649626 3.527997603039732 3.6869812156636796 3.534436427482472 3.6328530753559996 3.5234636098821137 3.6066541374460668 3.5597315022130873 3.5842185979793273 3.64165506953444 3.577927759295538 3.6050315146542826 3.5277752727679603 3.635083878351404 3.5660921571523763 3.5346616249538876 3.6321946904542406 3.544673582278269 3.5665096434614494 3.523223249416067 3.5318441513508763 3.5885138064530313 3.5946635827096043 3.5683367973145614 3.5612403920521967 3.5991406853688037 3.690787171470587 3.642909502949805 3.516515913248817 3.582446724245824
80 1280 3.613272443271551 0 0 3.619764499227367 3.5509668758928643 3.693942150678288 3.61807145410735 3.605391246699978 3.6790938913001807 3.571016715638735 3.6982247421456447 3.6126046720800784 3.577507993247726 3.6015132644420276 3.6051705292914638 3.5761538803253483 3.6702367978758663 3.690169172870082 3.5921900235089343 3.6152083347522823 3.5810088353939222 3.6168831739343896 3.6520341569172956 3.5915027962809045 3.5975656610747198 3.593667807490215 3.6326766296581496 3.575418079992735 3.6048654141573957 3.56826521739745 3.536169734385355 3.6486790721350446 3.600585027375359 3.6486168772346956 3.639710114368935 3.6792557806635853 3.66055376984714 3.6027622675833606 3.5578164226387887 3.72382637781116 3.566218828357313 3.6660177199093673 3.55470315282593 3.6278930566569594 3.5909931095449372 3.6131255229260493 3.672676610962838 3.604230682041178 3.6384853543594087 3.5608552543361385 3.663880165909658 3.5954679232607316 3.5627106953047756 3.6592538384434343 3.5731488354460814 3.595118944526651 3.5502920416895525 3.559414994529622 3.6198971801417836 3.624719014294591 3.5947835120816616 3.5917224839819855 3.63342337322261 3.7210486664350553 3.6770100229530915 3.5494545584418247 3.6063608038040575
81 1296 3.623509946138689 0 0 3.6291289612969133 3.561699949163905 3.7064804339774025 3.6284267289482113 3.615059230801314 3.6845797531421334 3.582080151613503 3.71092097167975 3.6243551213315035 3.5844116705976896 3.6089998726409998 3.61177458026501 3.5919205870005078 3.679722114880455 3.7005684307680875 3.60172436143425 3.622751950437808 3.5902768799892013 3.6297511888075924 3.6714451058707485 3.5983932049113667 3.6007031205589732 3.602692007632716 3.6414863498507315 3.5864048035003115 3.6139189304880412 3.5779336779415924 3.543090321829885 3.6605683194653063 3.6129638013572065 3.662368322172254 3.6489730874627377 3.693537155508009 3.6718331736472907 3.6156246810045336 3.566413518874361 3.737916929171383 3.5767985499789776 3.680742383444921 3.5620237956178538 3.6387027057061543 3.599582596423427 3.6196524001649717 3.681684341684019 3.6129572615492607 3.6538504729281884 3.572689457929021 3.672626636466316 3.606255991830979 3.570373552178247 3.667986645815372 3.5826933269862677 3.6069853495409654 3.5601616891982255 3.5673877466788726 3.6315946068307965 3.63840894284326 3.6050523374810712 3.603736163420983 3.641355542459047 3.7301732105534713 3.6903992814830504 3.557524731926876 3.6186863086495182
82 1312 3.630021650518392 0 0 3.6341739835600015 3.567569612919058 3.7160404350427862 3.6319347607317587 3.6252336129108578 3.6907235077251284 3.5871284989227346 3.7180927916286937 3.632532146676979 3.588432556270784 3.6162500692298525 3.6127794746396367 3.6002002429310447 3.682902763564114 3.699714744673325 3.607608972180372 3.627991508568525 3.59975777519576 3.6381396909937216 3.686644528800401 3.6050632839872288 3.602750817090075 3.6095593590150035 3.6491536996459755 3.5842052693694884 3.6207957426006305 3.586054399551425 3.547362596812371 3.667806492990688 3.624333403311724 3.6670811337876246 3.653613107693193 3.7034266441301087 3.679894790142579 3.6252793679731785 3.5728179847315875 3.7467107551118914 3.585852739972161 3.6886897144747164 3.567097257465527 3.64263207609885 3.6046127389205207 3.6227382651618942 3.686993591387604 3.617009086963391 3.663741451728691 3.5800955656177025 3.6807893238279905 3.6101346105097454 3.5823038027326928 3.671323705733304 3.5904734443835404 3.6130853451290275 3.566956144740271 3.5759296026946594 3.638479819391192 3.6450277329123857 3.609815506178502 3.607890887766981 3.6497281499046816 3.739915305608628 3.7003704469043273 3.561920814501166 3.624832837364301
83 1328 3.625959304513503 0 0 3.6294764990416497 3.563210576399806 3.707365011185978 3.6247446717102085 3.6183193335060304 3.681862402238844 3.5838457748583226 3.7131560206709375 3.6300661834366172 3.5810316148015895 3.6070814199502967 3.6072444989208714 3.59338666789553 3.677608859257673 3.694871954501905 3.6018371697263545 3.622085219677873 3.59829383271094 3.631678618374764 3.6896527077853474 3.5949035697684586 3.5982911942558418 3.606102271816042 3.644602381941391 3.5793429393374083 3.6169830604393005 3.5823903154980785 3.544117767805488 3.662705657352725 3.6229135145100893 3.664092524390012 3.649808859596044 3.6999947707170793 3.6752014345989092 3.619132450979487 3.5655798362853153 3.744565204776462 3.581238510782696 3.686102778931435 3.5624601074746955 3.638885102848598 3.6030991016288674 3.6177067798459017 3.6722483201121867 3.6105063175497496 3.6720724759405114 3.575642528349055 3.6763478994208643 3.608184937206347 3.5763769487386337 3.6646259255613467 3.5907741448304296 3.606686749677341 3.5628995346069146 3.5723719717961924 3.6328095365729154 3.6417032808346192 3.6061402918426446 3.6014322810607506 3.6462207913133557 3.7403006312766562 3.700812058870633 3.559036097102041 3.6187280277006155
84 1344 3.612420552180805 0 0 3.617950228578875 3.550849959348832 3.692708144785224 3.61187323653675 3.60420366207349 3.6668218062324383 3.5703084735451682 3.698219661503477 3.6115206628482315 3.5683304066791286 3.592148399386535 3.5932748394474965 3.575913526046981 3.6644163346354053 3.6804591678927006 3.5853373285204766 3.6060507554946515 3.5825724032246913 3.614375565327697 3.6820582389952836 3.5843717898054823 3.5852280884245284 3.591633939831636 3.6294491663635684 3.563164551195142 3.5995673109350785 3.5670458319802854 3.5307754962716102 3.6472750170023764 3.6094236594729545 3.6505511094656726 3.635095090455345 3.685686677146891 3.654156754817652 3.60729945850526 3.5486965189037076 3.73196810661595 3.562362001864349 3.67443469129059 3.5493559303453277 3.624117803237921 3.585178508330328 3.6056148798760574 3.656074156942935 3.598012269967699 3.6617746863884624 3.5651201133424895 3.662080716606134 3.5962643733976076 3.566756295458474 3.6526041217050156 3.574522122913972 3.5926725259286556 3.5578546956178214 3.55734445977811 3.620928671381165 3.6281755637391275 3.5824950036711525 3.586993023654262 3.6326862088746488 3.727385651517502 3.6893840328382974 3.5444778195235807 3.6012270754593745
85 1360 3.6023976941590337 0 0 3.6075369434044746 3.5425148104890387 3.6837757296545384 3.6055085162719487 3.5938643545077316 3.6564829870119686 3.558399317132847 3.684795773597845 3.6050319687497967 3.5535234329962777 3.5768360321711157 3.587710076731411 3.566148070310228 3.6540150513065273 3.6682447463839924 3.5738966994149086 3.5962230138331495 3.5689416789121173 3.6019377022735823 3.679008679402547 3.575456742710015 3.5717397046459802 3.579336092958818 3.6215835824409752 3.5539954356404664 3.590426676068991 3.5571305701495572 3.5198903527088534 3.634944953907669 3.6068075442950014 3.6382628481737362 3.6224698699027305 3.67601419606482 3.642248141239166 3.596792233707337 3.5426613945421326 3.7236729759243805 3.5521136445937325 3.6643457094877068 3.541034412467804 3.6115835960741456 3.5731555241967436 3.5922502180145197 3.6467337141008627 3.5899416642189284 3.6526489564921496 3.553322955582514 3.652480160789074 3.5862445899205144 3.554255657964751 3.6420657769443343 3.5653685066933245 3.579811502946547 3.550324013595193 3.546659915117959 3.609007516311784 3.6184667353915243 3.573178784532316 3.578081202211626 3.6253930331489737 3.7187035416242957 3.677869289681277 3.5237323098583584 3.5908830955435507
86 1376 3.5875538614502682 0 0 3.5913964368046822 3.530309889821724 3.671770184679026 3.5868139086126862 3.575642146883069 3.6395491682340984 3.5410888445561026 3.6676920171398772 3.5901101689959147 3.5388370919209717 3.5602139674898523 3.570115381826467 3.551429315288163 3.638173213483563 3.6581329161321143 3.559054975499008 3.5796867022911334 3.551117636823671 3.5835913084439537 3.6683948075378487 3.5631580673442844 3.5579732864807645 3.572898130882731 3.603715064363821 3.539581335469898 3.5699745441835002 3.5418229787434536 3.5036456441671118 3.624068717738377 3.5934058225401286 3.6234939570181486 3.605829801604813 3.6682084981569534 3.6244352526377637 3.5867287445639926 3.523184064368557 3.7093222924589235 3.5343309697968426 3.6511520870395002 3.5392167844111606 3.60014041894247 3.5630157915703484 3.5744816962641965 3.634206731542459 3.570210993149367 3.6432240608987994 3.536986345098084 3.6368013793872986 3.5721964911368196 3.539295461209728 3.6273554592875636 3.550599795222341 3.5655129782562818 3.5363163538870865 3.53223100109708 3.5919988545499617 3.602951206263946 3.557294823116899 3.5655441701056643 3.6081620397152743 3.705329370021138 3.6649153604584552 3.5105416873390096 3.5734872959761
87 1392 3.549585074593318 0 0 3.5537289931396026 3.4937920733908747 3.6332652956979294 3.5478750105445367 3.533822271351747 3.6000760698674945 3.504071289174768 3.6265454529568415 3.5482333286921133 3.5016673924926875 3.5228414987922747 3.5359516137848246 3.5166534038889004 3.6137470008899046 3.620846215993514 3.5168889922883766 3.54119815821929 3.5092576203596475 3.5412384853885546 3.629204972318045 3.5242432192434148 3.5207093918469186 3.5377604056193914 3.5679860906772114 3.5020736644124675 3.532932704668813 3.504773676935734 3.4622855821551 3.5889850137888097 3.55734948599759 3.5784410178703383 3.5709721256127462 3.628250909734911 3.584503041995398 3.551653167692266 3.482269483394065 3.672787717598731 3.497343477761702 3.613706902514178 3.5021292649996822 3.559318952480075 3.525731792987318 3.5385289891647718 3.594665411794647 3.5298153163499686 3.60703769642601 3.5019893669825266 3.595168547437664 3.5348840345565993 3.5051424910747153 3.5853853828409505 3.512877718268189 3.528478744662819 3.500280599325358 3.494157215848837 3.5558188823683197 3.565638189361987 3.5182335198550967 3.527047272451663 3.5697785811378004 3.66322343868944 3.6285789167418567 3.4730789406178313 3.5337080887762533
88 1408 3.538374871901994 0 0 3.5420903060759974 3.481102629762188 3.6264724878951387 3.5366984691295253 3.51790152813686 3.586577534072237 3.49308768643016 3.6186201280256207 3.533561959746828 3.488863306466187 3.511067543832736 3.5239025100092203 3.507139611928591 3.605217315281069 3.6111973436378615 3.504287407783928 3.5343231047215946 3.5007421192733696 3.5275343127756864 3.6197780361995306 3.5173737167241432 3.5078540815989854 3.5261071847517926 3.552096031781488 3.4908498449404224 3.5226850610693297 3.4952645638287465 3.4484581131040577 3.5769221698355285 3.5454727488449254 3.567165970148965 3.5580324496253475 3.618418070097266 3.573109917590539 3.540541446634536 3.47463183485177 3.6650727098242264 3.4865722167870667 3.6020075795988307 3.4909181013859936 3.550041599262345 3.5166678050651017 3.529842243640733 3.587213691523306 3.5185305307101427 3.5964389435653485 3.4922509574391603 3.5833860806627382 3.5236724148786 3.497668495724407 3.570299880062727 3.5014980445048773 3.5145940403452447 3.4934142491672975 3.481067646118573 3.546521091548206 3.5455481524080206 3.5026328831775926 3.5174748078525755 3.557322224098647 3.6457365204011376 3.614653361987075 3.4621615528784466 3.5223988036609546
89 1424 3.510220169708752 0 0 3.516549858727625 3.453954334256614 3.5981809097186255 3.5055316477456633 3.488492064493792 3.5572381064470155 3.467189119871115 3.5894853181637427 3.5102239541071407 3.4561304062933518 3.482019806507931 3.4953621090892564 3.4761942965241355 3.5733051145562933 3.5840799709018096 3.475910024882812 3.5038262557265396 3.4735959352440573 3.497456820896337 3.5902016296960193 3.490831405302614 3.47938454676507 3.5045310896688986 3.522142542707819 3.4578953939607597 3.4956399746810707 3.46976922710826 3.421069850212662 3.547351272390472 3.519058915932535 3.5424369356210224 3.5233971307359186 3.5916545746872384 3.544397126274609 3.512694046913924 3.4476877297449624 3.639570790900798 3.4630740531707684 3.5753985078635444 3.4651047678082185 3.5225043579876014 3.484147599271174 3.5017447670288018 3.558626469041819 3.4930480944169635 3.580386391683894 3.464678167791973 3.553138624738489 3.4958848355722374 3.46728725819746 3.540094923876349 3.4751573016504014 3.485699206898517 3.4614472933530727 3.4506106105361787 3.5157516490984073 3.5201293003608494 3.473719808549484 3.4879102206799737 3.526962535245687 3.6183873418439814 3.5879583169780296 3.4333651503634437 3.4928531833092156
90 1440 3.4982483592410536 0 0 3.5084003867465707 3.435421432165333 3.5883789910271804 3.4956555743894446 3.4761975439087474 3.539239213348406 3.4480285518789855 3.576959908954526 3.501815970380342 3.4468070307391563 3.4667645706935266 3.485210288230767 3.464602378196336 3.561956532414857 3.573335868621261 3.4636488459550354 3.4945188212759155 3.4576005312491005 3.481846001163214 3.58082290009035 3.4759648488268997 3.465895625081819 3.494774039945607 3.5076927273142653 3.4455598492361657 3.4836609055226777 3.4587840378164394 3.408313844568242 3.533335134577743 3.507928077687243 3.5301478695816293 3.5136364838343677 3.5798675516322658 3.536075035799384 3.5002136102004897 3.4359153530354396 3.6283134251661133 3.4528837836249946 3.5629544575874474 3.4546770216547946 3.5158779852622266 3.472823775223454 3.4879426164978864 3.542825196238845 3.4835719652143067 3.5711229042189014 3.449359701428112 3.5409043004169876 3.4828421659806503 3.458411506227785 3.526540187994951 3.4617330819967713 3.475689539615184 3.4486343042269083 3.4377865447304967 3.5022808219498716 3.5051983461890734 3.4620154082761423 3.4779661501894856 3.5110135002158707 3.6063468191555637 3.5815893722193026 3.4208590193249924 3.475987871984305
91 1456 3.47307079812031 0 0 3.481792570559567 3.407573577073643 3.5631845003508507 3.474382466713396 3.44422811662292 3.510172420212134 3.422661447520041 3.550452994439409 3.477362006334302 3.422027083113953 3.441200221643652 3.4620548883623328 3.441298137691456 3.5355090002744514 3.548070580415027 3.4380751839235644 3.470171221948676 3.4313082579483907 3.4551471279711237 3.5572490326566846 3.4530378579476446 3.4403843716071436 3.469372500058266 3.485356241664365 3.4206077915043696 3.4603148363544225 3.4323438500680097 3.384481586418672 3.5077372233871316 3.484441864697786 3.5047127864339265 3.487469352083871 3.5539947575924504 3.5052609640287855 3.473329747886297 3.408014107166927 3.5999194401699355 3.4273116600056817 3.5370756365156777 3.4316555999754508 3.4935266211242872 3.444129249622446 3.4660064508833424 3.5157478944440603 3.457773716124578 3.544910102615488 3.4256308030302063 3.5134538744274884 3.457080280005694 3.4371250910327276 3.4972405050919755 3.432609533218367 3.4521383096695195 3.422797470549403 3.4124529214318025 3.4707250961954763 3.4792386346804363 3.4343587703355114 3.4495574897745893 3.484155145369455 3.5785617840874595 3.556471081655587 3.395408196650677 3.448155194378455
92 1472 3.43285799773883 0 0 3.438051335542864 3.3686435237469285 3.528019646039969 3.4384189493828337 3.4058031445657937 3.4695867923116834 3.3825396847995792 3.5126900640890883 3.443716779891197 3.380455034717582 3.400153271408463 3.420996296862337 3.400895256573775 3.4948660312764797 3.506720817991497 3.398844673987024 3.4295394727912445 3.3908601889111822 3.4118063569417223 3.514353331431194 3.417065843777228 3.3976176243694374 3.4281984113812163 3.4464252088945164 3.377853083493923 3.4147886215268137 3.3934866378722344 3.346135202170934 3.4697835249540128 3.441465749753975 3.463499611400168 3.4466868414302714 3.5129445215631017 3.4636004120766892 3.435668735429373 3.369203014426563 3.555821156395457 3.3845633103728123 3.487939219729853 3.392702291718888 3.452211930746379 3.4064573153192383 3.4269495249308575 3.4766320789355114 3.4194788784624355 3.5020741771184087 3.3853492863724552 3.4704127426237195 3.414913777558816 3.3942356656845414 3.453628107013346 3.3930862100562047 3.405386172898315 3.3822244052759842 3.371826665374603 3.4356569365648393 3.4361911575637825 3.397092331054555 3.407783143777356 3.4400346683599117 3.538577946265169 3.5212078681406522 3.35317014769194 3.4093354436687804
93 1488 3.387043153223464 0 0 3.3905030784934915 3.3248914382210595 3.4887544565175563 3.39046817655086 3.361348899273183 3.423234807057476 3.336633359025419 3.460486723996934 3.3962580201487564 3.3358627695594594 3.3577261886200658 3.374167957324299 3.3524200488521543 3.4425955755566497 3.458232722473088 3.3485957142985687 3.3876224791576584 3.3436854758350654 3.3660134128180923 3.4712923069480355 3.374521714366342 3.3545626579725005 3.3781976952893684 3.4033210428308807 3.3305303283877965 3.3703346100879368 3.352654240688103 3.302469427301611 3.4224771067163227 3.3965046082318375 3.4180370102460174 3.3974082848862897 3.4652855838598655 3.4149271562561037 3.3897621537944196 3.3221861345722115 3.5068672265105354 3.3386480850163087 3.443288820240754 3.3477947406734248 3.403687943197378 3.361534474225794 3.380797618323037 3.433123063362181 3.3732673889016827 3.4534143919413833 3.3377899133252873 3.4232655718922214 3.3659439128813413 3.35091210768436 3.409110906552142 3.348778513925023 3.3596998395110598 3.3348671321984953 3.329340069096005 3.3870495123911883 3.394951876502892 3.348316689798363 3.364336943447561 3.395763538859054 3.490103351305835 3.4760712289264646 3.3074930353438536 3.362847259721751
94 1504 3.3342168883443004 0 0 3.337471865467492 3.275635666131964 3.439873739315628 3.3442297626840483 3.3084194953175445 3.366233381214463 3.2827372639169425 3.4027564146331546 3.343504895580956 3.2854511567989286 3.3065358190338396 3.3206019310635706 3.295612343215503 3.388583120609075 3.404146755560261 3.296677993415753 3.33651922406811 3.2916386350586198 3.3129263938626274 3.416684712617603 3.3256108970518476 3.3059354433892727 3.329956800633373 3.3427973381252833 3.27452957838476 3.3159571561027152 3.296890584502249 3.250026422920176 3.3741903138963596 3.339839401155606 3.3637884176027093 3.3433463246350605 3.4127052735902996 3.3618547655762034 3.337590935400961 3.268428751687854 3.4524054023635307 3.2868205527784866 3.3934178167590097 3.2969244830856024 3.348635040200796 3.3111847691604575 3.322523921063993 3.378588643125074 3.322039840902967 3.3989918616483443 3.286929641100601 3.3697768865891833 3.3152831501637587 3.295536227024881 3.3549960200817623 3.2976771001417147 3.3053137866449473 3.283710708423379 3.2771725371728393 3.3345443073221195 3.3414574874263776 3.2989209432163187 3.305131222669134 3.346099390061746 3.435157856814783 3.4215213612938533 3.2523181039957167 3.3089663615991425
95 1520 3.2693283091198873 0 0 3.2746538148573334 3.2114299313648944 3.3695735194978225 3.2812873727092193 3.239430077621905 3.299118721138035 3.216757526416124 3.3359566904386155 3.283298355469014 3.2253348038260734 3.242195389458104 3.256378817063606 3.2332341219647986 3.323466376288792 3.3352512102193392 3.2280414847918903 3.2690369362437464 3.2277460833459197 3.2509167320799977 3.353047529559098 3.260199534926519 3.241509151669957 3.267167653206003 3.2765890136892493 3.2113698008848233 3.2526327980007 3.2351415084003667 3.1851630200057137 3.30907883142178 3.2746789279617023 3.297201988919612 3.279725480841226 3.3447957011787097 3.2988850240253025 3.273444834351638 3.201829977212699 3.3848917526599185 3.220818771173909 3.3269537342769095 3.237653367243721 3.2805544991391784 3.2444135450873306 3.255894938954131 3.3122710695354365 3.2586670065042043 3.334423913404396 3.2202003076899492 3.3027828253397837 3.2515893087170538 3.231298505610447 3.289351379538132 3.230569311110806 3.241119059299661 3.217239930744316 3.215199740814313 3.2729356630273343 3.278405794009372 3.2310743293660553 3.2343746602680046 3.282219344850823 3.3655332079241473 3.3573299679318405 3.19066424249667 3.245063738681409
96 1536 3.2236699688220423 0 0 3.234058906735113 3.1659525849950256 3.3244957198451996 3.2352469721702377 3.1924721949066535 3.2526229697889666 3.1719093327445136 3.291654539989827 3.240032689943684 3.177096283504422 3.193518554385272 3.2095348092706413 3.188743501804579 3.272494035968212 3.291560949018785 3.1818528878425387 3.224001505113267 3.182512131040392 3.206082533740858 3.306836853039211 3.2122142656988117 3.1921891154121527 3.2213654285998548 3.2314634160813993 3.1631986302781208 3.2034940105966405 3.1894135615135926 3.1413418856009447 3.2695041892888383 3.227185132199962 3.2532367183955664 3.2338463461638116 3.3010854857041885 3.247649391112038 3.228177913713182 3.1584518310043896 3.3378608499085445 3.168884748019452 3.2818461229917233 3.1923620864677416 3.232873965808895 3.1987641471773354 3.207528430520817 3.2616276427359403 3.21010584829411 3.2888380710835583 3.170983783076798 3.2554841188535035 3.2036594830133054 3.1859411492328165 3.243424141235903 3.1835439241470294 3.194738681938989 3.175208118999374 3.1731093260007177 3.2275223203645576 3.2333818338899563 3.1875029440240286 3.18894421092936 3.2365095355660034 3.316977647387491 3.308030836771697 3.146556773136915 3.201891528123379
97 1552 3.1904200287615625 0 0 3.198760846473334 3.1335660469826587 3.2918921916389685 3.2027584706634373 3.158459748009534 3.2157780356941084 3.138195083088867 3.2548895572814094 3.202469482320643 3.145947078984989 3.161312921488916 3.1764337104102642 3.1513722910617896 3.23844131844326 3.2580161106507886 3.1490394671609296 3.1878061977760335 3.1475069141245138 3.1692265949070024 3.27448685640088 3.1813828137550924 3.1590551154404367 3.1856218055286187 3.1984736952870176 3.128422861513574 3.1710354179383686 3.157954155040209 3.108349709157233 3.2363879348797977 3.193063089558132 3.2160922209617344 3.2004077364393324 3.269075875152835 3.2135678480810097 3.195669280083639 3.1288774571324547 3.301345965536329 3.135975269196258 3.2540603607035314 3.1537770605797792 3.2010767291255053 3.165016800760146 3.1741787570212243 3.233180595109619 3.1757363188279695 3.259325196795686 3.137416911926121 3.220641040080564 3.1710798262837296 3.1527338835966865 3.211450332775353 3.1484316588243257 3.1622246499061903 3.141821276648714 3.1416825469465763 3.1947504632574493 3.1993476269279775 3.154086157876897 3.158017839851344 3.2005399790621487 3.2844775801544324 3.2775024255691076 3.1158523829733604 3.169116790837201
98 1568 3.1571301001508485 0 0 3.1672828484122424 3.1051846001230006 3.257018111135717 3.173123659797777 3.1263296521919877 3.1857160358857044 3.102841401399736 3.221853553407862 3.1663528734910376 3.1147156197108217 3.1249143735695952 3.1427532734633883 3.120024313848437 3.2083068771634764 3.217739012474603 3.1156012412036573 3.1541054161603133 3.1139517721923915 3.1359192547917285 3.241620493257315 3.1481522646284548 3.1240460970746713 3.151596580619697 3.165410128943346 3.09324957275914 3.1367978570739306 3.12531494284575 3.0699639013427924 3.202516768906168 3.15840079893938 3.1817928218626714 3.165392377671658 3.233117436654069 3.180664819834245 3.162744947918469 3.0969413873758556 3.2679246093854886 3.1045425160241713 3.2259463587384274 3.1273006756936654 3.165629415903006 3.132498921253182 3.141699995692041 3.198497197479727 3.1404763354563796 3.2247436963803047 3.1038042952412472 3.181555946058371 3.1349966350638003 3.1200844470570868 3.1826927084849563 3.115991929779282 3.1261354468958134 3.115672852381701 3.1143888787633194 3.160197238579588 3.1645348095236354 3.122349054720888 3.119749523501225 3.1656198585358624 3.249720655674575 3.2400937828427416 3.082261000865585 3.1309674559963154
99 1584 3.1335015017464998 0 0 3.141904263010793 3.083265038148143 3.2319401452852374 3.149215270339401 3.1008353178104864 3.1579310112984746 3.0782419928734543 3.201195649026814 3.1439876041301598 3.0887731711066797 3.101514428265006 3.115785965141117 3.093159200217292 3.183199119034489 3.194196024643908 3.093988214977461 3.130522880393867 3.0946663234878122 3.1126022588432405 3.2216106652786287 3.1277248950570926 3.0993828332371476 3.1278906277277425 3.1393241144711532 3.0683431512177717 3.1153099620617852 3.102103622815797 3.0454869604982004 3.178957473030894 3.138825066022484 3.1553529154876827 3.1409678266935708 3.2094954813410905 3.156902099239198 3.13461883716016 3.0727632135707306 3.2433423036993525 3.0812075860216495 3.2007032174633583 3.104390912421905 3.141258579947623 3.1110610997468737 3.1168102010442973 3.1759961525962552 3.1174474353717065 3.2008158283459736 3.0823715728356635 3.1556503174363773 3.1095705367097555 3.0958224429434895 3.1586194767663507 3.089859972821951 3.1011190385057263 3.0958732828799764 3.0909443847419924 3.1358180553086763 3.1401665018185962 3.097748427654557 3.097310520301318 3.141803672035944 3.2248466452788103 3.216036824434867 3.056689505231366 3.1100927475358633
100 1600 3.1186993020243197 0 0 3.1206402943125826 3.068720714031869 3.2172222392979637 3.1371832587718083 3.0847523400459798 3.143389019310851 3.0649521664366364 3.188595380457428 3.130218458839606 3.0740206717089564 3.0882943818077875 3.096924988707018 3.076162539279198 3.1697865565849597 3.181371535568952 3.083247451081657 3.1138776766389316 3.0768106752632907 3.0955834169755265 3.2086716237816346 3.1130743257028373 3.0830108608406652 3.1070966091894183 3.120419769990639 3.0532226733117622 3.1013013043196267 3.0865237766253686 3.0313699502395153 3.1621824991353744 3.123938353727349 3.140742031236869 3.1219083260270755 3.1993814055178404 3.140659753160017 3.1259946758588657 3.0613327714512266 3.226974927557955 3.0647686557464957 3.185727149204176 3.091080373498982 3.1231721798074594 3.092541915384432 3.1007548347651026 3.166838128744413 3.103885813191412 3.183078822914736 3.0677883138413518 3.1387854406227564 3.0964073141232613 3.0802640903942518 3.1425935775240217 3.072440792983627 3.0869440617290964 3.0839784218749022 3.0741262807836307 3.120902267863048 3.1248263228297835 3.0832783085584756 3.0852802201198104 3.124488211109493 3.2109113090477965 3.2056464850379607 3.040987771452893 3.095217459391215
100 1600 3.1186993020243197 0 0 3.1206402943125826 3.068720714031869 3.2172222392979637 3.1371832587718083 3.0847523400459798 3.143389019310851 3.0649521664366364 3.188595380457428 3.130218458839606 3.0740206717089564 3.0882943818077875 3.096924988707018 3.076162539279198 3.1697865565849597 3.181371535568952 3.083247451081657 3.1138776766389316 3.0768106752632907 3.0955834169755265 3.2086716237816346 3.1130743257028373 3.0830108608406652 3.1070966091894183 3.120419769990639 3.0532226733117622 3.1013013043196267 3.0865237766253686 3.0313699502395153 3.1621824991353744 3.123938353727349 3.140742031236869 3.1219083260270755 3.1993814055178404 3.140659753160017 3.1259946758588657 3.0613327714512266 3.226974927557955 3.0647686557464957 3.185727149204176 3.091080373498982 3.1231721798074594 3.092541915384432 3.1007548347651026 3.166838128744413 3.103885813191412 3.183078822914736 3.0677883138413518 3.1387854406227564 3.0964073141232613 3.0802640903942518 3.1425935775240217 3.072440792983627 3.0869440617290964 3.0839784218749022 3.0741262807836307 3.120902267863048 3.1248263228297835 3.0832783085584756 3.0852802201198104 3.124488211109493 3.2109113090477965 3.2056464850379607 3.040987771452893 3.095217459391215
