algorithm,N,seed,iteration,PTNR,gain,null_depth,SLL
Strain-Guided Pipeline,16,0,1,26.85637449485444,19.161044341301032,-7.695330153553407,14.464323558867722
Strain-Guided Pipeline,16,0,2,26.85637449485444,19.161044341301032,-7.695330153553407,14.464323558867722
Strain-Guided Pipeline,16,0,3,26.85637449485444,19.161044341301032,-7.695330153553407,14.464323558867722
Strain-Guided Pipeline,16,0,4,26.85637449485444,19.161044341301032,-7.695330153553407,14.464323558867722
Strain-Guided Pipeline,16,0,5,26.85637449485444,19.161044341301032,-7.695330153553407,14.464323558867722
Strain-Guided Pipeline,16,0,6,26.85637449485444,19.161044341301032,-7.695330153553407,14.464323558867722
Strain-Guided Pipeline,16,0,7,26.85637449485444,19.161044341301032,-7.695330153553407,14.464323558867722
Strain-Guided Pipeline,16,0,8,26.85637449485444,19.161044341301032,-7.695330153553407,14.464323558867722
Strain-Guided Pipeline,16,0,9,26.85637449485444,19.161044341301032,-7.695330153553407,14.464323558867722
Strain-Guided Pipeline,16,0,10,28.707909842300527,14.369012294850192,-14.338897547450335,10.067946028929406
Strain-Guided Pipeline,16,0,11,28.707909842300527,14.369012294850192,-14.338897547450335,10.067946028929406
Strain-Guided Pipeline,16,0,12,28.707909842300527,14.369012294850192,-14.338897547450335,10.067946028929406
Strain-Guided Pipeline,16,0,13,28.707909842300527,14.369012294850192,-14.338897547450335,10.067946028929406
Strain-Guided Pipeline,16,0,14,28.707909842300527,14.369012294850192,-14.338897547450335,10.067946028929406
Strain-Guided Pipeline,16,0,15,28.707909842300527,14.369012294850192,-14.338897547450335,10.067946028929406
Strain-Guided Pipeline,16,0,16,28.707909842300527,14.369012294850192,-14.338897547450335,10.067946028929406
Strain-Guided Pipeline,16,0,17,28.707909842300527,14.369012294850192,-14.338897547450335,10.067946028929406
Strain-Guided Pipeline,16,0,18,28.707909842300527,14.369012294850192,-14.338897547450335,10.067946028929406
Strain-Guided Pipeline,16,0,19,28.707909842300527,14.369012294850192,-14.338897547450335,10.067946028929406
Strain-Guided Pipeline,16,0,20,28.707909842300527,14.369012294850192,-14.338897547450335,10.067946028929406
Strain-Guided Pipeline,16,0,21,28.707909842300527,14.369012294850192,-14.338897547450335,10.067946028929406
Strain-Guided Pipeline,16,0,22,28.707909842300527,14.369012294850192,-14.338897547450335,10.067946028929406
Strain-Guided Pipeline,16,0,23,28.707909842300527,14.369012294850192,-14.338897547450335,10.067946028929406
Strain-Guided Pipeline,16,0,24,28.707909842300527,14.369012294850192,-14.338897547450335,10.067946028929406
Strain-Guided Pipeline,16,0,25,28.707909842300527,14.369012294850192,-14.338897547450335,10.067946028929406
Strain-Guided Pipeline,16,0,26,28.707909842300527,14.369012294850192,-14.338897547450335,10.067946028929406
Strain-Guided Pipeline,16,0,27,28.707909842300527,14.369012294850192,-14.338897547450335,10.067946028929406
Strain-Guided Pipeline,16,0,28,28.707909842300527,14.369012294850192,-14.338897547450335,10.067946028929406
Strain-Guided Pipeline,16,0,29,28.707909842300527,14.369012294850192,-14.338897547450335,10.067946028929406
Strain-Guided Pipeline,16,0,30,28.707909842300527,14.369012294850192,-14.338897547450335,10.067946028929406
Strain-Guided Pipeline,16,0,31,33.15567254643439,14.921808580160597,-18.23386396627379,9.90153070826753
Strain-Guided Pipeline,16,0,32,33.15567254643439,14.921808580160597,-18.23386396627379,9.90153070826753
Strain-Guided Pipeline,16,0,33,33.15567254643439,14.921808580160597,-18.23386396627379,9.90153070826753
Strain-Guided Pipeline,16,0,34,33.15567254643439,14.921808580160597,-18.23386396627379,9.90153070826753
Strain-Guided Pipeline,16,0,35,33.15567254643439,14.921808580160597,-18.23386396627379,9.90153070826753
Strain-Guided Pipeline,16,0,36,33.15567254643439,14.921808580160597,-18.23386396627379,9.90153070826753
Strain-Guided Pipeline,16,0,37,33.15567254643439,14.921808580160597,-18.23386396627379,9.90153070826753
Strain-Guided Pipeline,16,0,38,33.15567254643439,14.921808580160597,-18.23386396627379,9.90153070826753
Strain-Guided Pipeline,16,0,39,38.766456835100655,15.41963211626598,-23.34682471883468,9.952112080823849
Strain-Guided Pipeline,16,0,40,38.766456835100655,15.41963211626598,-23.34682471883468,9.952112080823849
Strain-Guided Pipeline,16,0,41,38.766456835100655,15.41963211626598,-23.34682471883468,9.952112080823849
Strain-Guided Pipeline,16,0,42,38.766456835100655,15.41963211626598,-23.34682471883468,9.952112080823849
Strain-Guided Pipeline,16,0,43,38.766456835100655,15.41963211626598,-23.34682471883468,9.952112080823849
Strain-Guided Pipeline,16,0,44,38.766456835100655,15.41963211626598,-23.34682471883468,9.952112080823849
Strain-Guided Pipeline,16,0,45,38.766456835100655,15.41963211626598,-23.34682471883468,9.952112080823849
Strain-Guided Pipeline,16,0,46,39.994863863486025,15.68862854214586,-24.306235321340164,9.849231033002008
Strain-Guided Pipeline,16,0,47,39.994863863486025,15.68862854214586,-24.306235321340164,9.849231033002008
Strain-Guided Pipeline,16,0,48,39.994863863486025,15.68862854214586,-24.306235321340164,9.849231033002008
Strain-Guided Pipeline,16,0,49,39.994863863486025,15.68862854214586,-24.306235321340164,9.849231033002008
Strain-Guided Pipeline,16,0,50,39.994863863486025,15.68862854214586,-24.306235321340164,9.849231033002008
Strain-Guided Pipeline,16,1,1,23.167239209081327,19.738004721582225,-3.4292344874991003,15.169024599375621
Strain-Guided Pipeline,16,1,2,15.871847792505132,8.111882982325106,-7.759964810180025,7.72333466927881
Strain-Guided Pipeline,16,1,3,13.033592655950146,4.128012355886698,-8.905580300063448,6.656851525506125
Strain-Guided Pipeline,16,1,4,13.17191822741545,3.971015384388542,-9.200902843026908,4.800810265554224
Strain-Guided Pipeline,16,1,5,12.370911211859141,5.661344748061865,-6.709566463797277,6.242158450407407
Strain-Guided Pipeline,16,1,6,3.7956907313314128,2.0335560410339895,-1.7621346902974235,5.28200720479762
Strain-Guided Pipeline,16,1,7,3.7956907313314128,2.0335560410339895,-1.7621346902974235,5.28200720479762
Strain-Guided Pipeline,16,1,8,7.4527823398904545,0.6018005891427127,-6.850981750747742,2.1862443664274296
Strain-Guided Pipeline,16,1,9,7.4527823398904545,0.6018005891427127,-6.850981750747742,2.1862443664274296
Strain-Guided Pipeline,16,1,10,7.4527823398904545,0.6018005891427127,-6.850981750747742,2.1862443664274296
Strain-Guided Pipeline,16,1,11,7.4527823398904545,0.6018005891427127,-6.850981750747742,2.1862443664274296
Strain-Guided Pipeline,16,1,12,7.4527823398904545,0.6018005891427127,-6.850981750747742,2.1862443664274296
Strain-Guided Pipeline,16,1,13,7.4527823398904545,0.6018005891427127,-6.850981750747742,2.1862443664274296
Strain-Guided Pipeline,16,1,14,6.737344237297515,-8.849004732122408,-15.586348969419923,-1.066464714081083
Strain-Guided Pipeline,16,1,15,11.376272837514577,-7.940464644201218,-19.316737481715794,0.8086596474197465
Strain-Guided Pipeline,16,1,16,15.238787439463316,-5.5661707598164325,-20.80495819927975,1.0220942322671867
Strain-Guided Pipeline,16,1,17,15.238787439463316,-5.5661707598164325,-20.80495819927975,1.0220942322671867
Strain-Guided Pipeline,16,1,18,17.684517908876177,-2.8302050158920133,-20.51472292476819,2.6558848537779656
Strain-Guided Pipeline,16,1,19,18.5594904248575,-5.1586870669827505,-23.71817749184025,2.992491087026776
Strain-Guided Pipeline,16,1,20,21.030334273136198,-4.027638188840816,-25.057972461977016,3.0199239476674746
Strain-Guided Pipeline,16,1,21,24.371649006877256,-5.747170113903179,-30.118819120780433,1.426149023011948
Strain-Guided Pipeline,16,1,22,23.76110034994689,-4.485719163914535,-28.246819513861425,2.172312941792921
Strain-Guided Pipeline,16,1,23,23.76110034994689,-4.485719163914535,-28.246819513861425,2.172312941792921
Strain-Guided Pipeline,16,1,24,25.258656016884288,-1.3796588468031568,-26.638314863687445,4.500489254858811
Strain-Guided Pipeline,16,1,25,25.258656016884288,-1.3796588468031568,-26.638314863687445,4.500489254858811
Strain-Guided Pipeline,16,1,26,28.40695597955339,2.3924635973508686,-26.014492382202523,6.7537685457212415
Strain-Guided Pipeline,16,1,27,28.40695597955339,2.3924635973508686,-26.014492382202523,6.7537685457212415
Strain-Guided Pipeline,16,1,28,34.09312888100346,2.33031256649391,-31.762816314509546,6.819669293307361
Strain-Guided Pipeline,16,1,29,34.09312888100346,2.33031256649391,-31.762816314509546,6.819669293307361
Strain-Guided Pipeline,16,1,30,34.09312888100346,2.33031256649391,-31.762816314509546,6.819669293307361
Strain-Guided Pipeline,16,1,31,34.09312888100346,2.33031256649391,-31.762816314509546,6.819669293307361
Strain-Guided Pipeline,16,1,32,34.09312888100346,2.33031256649391,-31.762816314509546,6.819669293307361
Strain-Guided Pipeline,16,1,33,34.09312888100346,2.33031256649391,-31.762816314509546,6.819669293307361
Strain-Guided Pipeline,16,1,34,34.09312888100346,2.33031256649391,-31.762816314509546,6.819669293307361
Strain-Guided Pipeline,16,1,35,34.09312888100346,2.33031256649391,-31.762816314509546,6.819669293307361
Strain-Guided Pipeline,16,1,36,34.09312888100346,2.33031256649391,-31.762816314509546,6.819669293307361
Strain-Guided Pipeline,16,1,37,44.740401835981785,-0.3357614967937512,-45.076163332775536,4.1140758725352295
Strain-Guided Pipeline,16,1,38,44.740401835981785,-0.3357614967937512,-45.076163332775536,4.1140758725352295
Strain-Guided Pipeline,16,1,39,44.740401835981785,-0.3357614967937512,-45.076163332775536,4.1140758725352295
Strain-Guided Pipeline,16,1,40,44.740401835981785,-0.3357614967937512,-45.076163332775536,4.1140758725352295
Strain-Guided Pipeline,16,1,41,44.740401835981785,-0.3357614967937512,-45.076163332775536,4.1140758725352295
Strain-Guided Pipeline,16,1,42,44.740401835981785,-0.3357614967937512,-45.076163332775536,4.1140758725352295
Strain-Guided Pipeline,16,1,43,44.740401835981785,-0.3357614967937512,-45.076163332775536,4.1140758725352295
Strain-Guided Pipeline,16,1,44,44.740401835981785,-0.3357614967937512,-45.076163332775536,4.1140758725352295
Strain-Guided Pipeline,16,1,45,44.740401835981785,-0.3357614967937512,-45.076163332775536,4.1140758725352295
Strain-Guided Pipeline,16,1,46,44.740401835981785,-0.3357614967937512,-45.076163332775536,4.1140758725352295
Strain-Guided Pipeline,16,1,47,44.740401835981785,-0.3357614967937512,-45.076163332775536,4.1140758725352295
Strain-Guided Pipeline,16,1,48,44.740401835981785,-0.3357614967937512,-45.076163332775536,4.1140758725352295
Strain-Guided Pipeline,16,1,49,44.740401835981785,-0.3357614967937512,-45.076163332775536,4.1140758725352295
Strain-Guided Pipeline,16,1,50,44.740401835981785,-0.3357614967937512,-45.076163332775536,4.1140758725352295
SA,16,0,1,26.219691597066642,19.811112521549365,-6.408579075517277,11.153610383390514
SA,16,0,2,23.34890744220285,19.070713221949042,-4.278194220253811,10.955702249359051
SA,16,0,3,23.34890744220285,19.070713221949042,-4.278194220253811,10.955702249359051
SA,16,0,4,22.249809739352703,19.005671918217335,-3.2441378211353693,12.053247535512517
SA,16,0,5,19.042077784591125,17.35669600819106,-1.6853817764000645,12.528583868394065
SA,16,0,6,19.042077784591125,17.35669600819106,-1.6853817764000645,12.528583868394065
SA,16,0,7,19.465834241036397,16.357529561927308,-3.108304679109091,11.431540191698899
SA,16,0,8,19.465834241036397,16.357529561927308,-3.108304679109091,11.431540191698899
SA,16,0,9,20.148529087180492,14.227071669952107,-5.921457417228386,10.135913941902714
SA,16,0,10,15.533695322651702,9.54879987373843,-5.9848954489132735,9.66293319102646
SA,16,0,11,15.533695322651702,9.54879987373843,-5.9848954489132735,9.66293319102646
SA,16,0,12,16.286664004649715,9.189141257449922,-7.097522747199794,9.537402312076066
SA,16,0,13,16.286664004649715,9.189141257449922,-7.097522747199794,9.537402312076066
SA,16,0,14,16.286664004649715,9.189141257449922,-7.097522747199794,9.537402312076066
SA,16,0,15,12.325792395942884,9.565149104353827,-2.7606432915890564,10.877286961054782
SA,16,0,16,12.325792395942884,9.565149104353827,-2.7606432915890564,10.877286961054782
SA,16,0,17,12.305285824737545,9.91634768142517,-2.3889381433123758,11.106933508664397
SA,16,0,18,13.250680347474868,10.041679879554168,-3.2090004679206996,11.33032048780204
SA,16,0,19,13.250680347474868,10.041679879554168,-3.2090004679206996,11.33032048780204
SA,16,0,20,13.250680347474868,10.041679879554168,-3.2090004679206996,11.33032048780204
SA,16,0,21,13.250680347474868,10.041679879554168,-3.2090004679206996,11.33032048780204
SA,16,0,22,13.250680347474868,10.041679879554168,-3.2090004679206996,11.33032048780204
SA,16,0,23,13.250680347474868,10.041679879554168,-3.2090004679206996,11.33032048780204
SA,16,0,24,13.250680347474868,10.041679879554168,-3.2090004679206996,11.33032048780204
SA,16,0,25,13.250680347474868,10.041679879554168,-3.2090004679206996,11.33032048780204
SA,16,0,26,13.250680347474868,10.041679879554168,-3.2090004679206996,11.33032048780204
SA,16,0,27,13.250680347474868,10.041679879554168,-3.2090004679206996,11.33032048780204
SA,16,0,28,13.250680347474868,10.041679879554168,-3.2090004679206996,11.33032048780204
SA,16,0,29,13.250680347474868,10.041679879554168,-3.2090004679206996,11.33032048780204
SA,16,0,30,13.250680347474868,10.041679879554168,-3.2090004679206996,11.33032048780204
SA,16,0,31,13.250680347474868,10.041679879554168,-3.2090004679206996,11.33032048780204
SA,16,0,32,13.250680347474868,10.041679879554168,-3.2090004679206996,11.33032048780204
SA,16,0,33,13.250680347474868,10.041679879554168,-3.2090004679206996,11.33032048780204
SA,16,0,34,13.250680347474868,10.041679879554168,-3.2090004679206996,11.33032048780204
SA,16,0,35,13.250680347474868,10.041679879554168,-3.2090004679206996,11.33032048780204
SA,16,0,36,13.250680347474868,10.041679879554168,-3.2090004679206996,11.33032048780204
SA,16,0,37,13.250680347474868,10.041679879554168,-3.2090004679206996,11.33032048780204
SA,16,0,38,13.250680347474868,10.041679879554168,-3.2090004679206996,11.33032048780204
SA,16,0,39,13.250680347474868,10.041679879554168,-3.2090004679206996,11.33032048780204
SA,16,0,40,13.250680347474868,10.041679879554168,-3.2090004679206996,11.33032048780204
SA,16,0,41,13.250680347474868,10.041679879554168,-3.2090004679206996,11.33032048780204
SA,16,0,42,13.250680347474868,10.041679879554168,-3.2090004679206996,11.33032048780204
SA,16,0,43,13.250680347474868,10.041679879554168,-3.2090004679206996,11.33032048780204
SA,16,0,44,13.250680347474868,10.041679879554168,-3.2090004679206996,11.33032048780204
SA,16,0,45,13.250680347474868,10.041679879554168,-3.2090004679206996,11.33032048780204
SA,16,0,46,13.250680347474868,10.041679879554168,-3.2090004679206996,11.33032048780204
SA,16,0,47,13.250680347474868,10.041679879554168,-3.2090004679206996,11.33032048780204
SA,16,0,48,13.250680347474868,10.041679879554168,-3.2090004679206996,11.33032048780204
SA,16,0,49,13.250680347474868,10.041679879554168,-3.2090004679206996,11.33032048780204
SA,16,0,50,13.850765323506549,9.451868788981093,-4.398896534525456,11.3512249829715
SA,16,1,1,25.66106435929226,18.917717928485118,-6.7433464308071445,12.665307080233173
SA,16,1,2,28.23840142376529,15.8389397883589,-12.399461635406388,14.760897183267758
SA,16,1,3,28.23840142376529,15.8389397883589,-12.399461635406388,14.760897183267758
SA,16,1,4,28.23840142376529,15.8389397883589,-12.399461635406388,14.760897183267758
SA,16,1,5,28.23840142376529,15.8389397883589,-12.399461635406388,14.760897183267758
SA,16,1,6,28.23840142376529,15.8389397883589,-12.399461635406388,14.760897183267758
SA,16,1,7,28.23840142376529,15.8389397883589,-12.399461635406388,14.760897183267758
SA,16,1,8,28.23840142376529,15.8389397883589,-12.399461635406388,14.760897183267758
SA,16,1,9,28.23840142376529,15.8389397883589,-12.399461635406388,14.760897183267758
SA,16,1,10,28.23840142376529,15.8389397883589,-12.399461635406388,14.760897183267758
SA,16,1,11,28.23840142376529,15.8389397883589,-12.399461635406388,14.760897183267758
SA,16,1,12,28.23840142376529,15.8389397883589,-12.399461635406388,14.760897183267758
SA,16,1,13,28.23840142376529,15.8389397883589,-12.399461635406388,14.760897183267758
SA,16,1,14,28.23840142376529,15.8389397883589,-12.399461635406388,14.760897183267758
SA,16,1,15,28.23840142376529,15.8389397883589,-12.399461635406388,14.760897183267758
SA,16,1,16,28.23840142376529,15.8389397883589,-12.399461635406388,14.760897183267758
SA,16,1,17,28.23840142376529,15.8389397883589,-12.399461635406388,14.760897183267758
SA,16,1,18,28.23840142376529,15.8389397883589,-12.399461635406388,14.760897183267758
SA,16,1,19,28.23840142376529,15.8389397883589,-12.399461635406388,14.760897183267758
SA,16,1,20,28.23840142376529,15.8389397883589,-12.399461635406388,14.760897183267758
SA,16,1,21,28.23840142376529,15.8389397883589,-12.399461635406388,14.760897183267758
SA,16,1,22,28.23840142376529,15.8389397883589,-12.399461635406388,14.760897183267758
SA,16,1,23,28.23840142376529,15.8389397883589,-12.399461635406388,14.760897183267758
SA,16,1,24,28.23840142376529,15.8389397883589,-12.399461635406388,14.760897183267758
SA,16,1,25,28.23840142376529,15.8389397883589,-12.399461635406388,14.760897183267758
SA,16,1,26,28.23840142376529,15.8389397883589,-12.399461635406388,14.760897183267758
SA,16,1,27,28.23840142376529,15.8389397883589,-12.399461635406388,14.760897183267758
SA,16,1,28,28.23840142376529,15.8389397883589,-12.399461635406388,14.760897183267758
SA,16,1,29,28.23840142376529,15.8389397883589,-12.399461635406388,14.760897183267758
SA,16,1,30,28.23840142376529,15.8389397883589,-12.399461635406388,14.760897183267758
SA,16,1,31,28.23840142376529,15.8389397883589,-12.399461635406388,14.760897183267758
SA,16,1,32,28.23840142376529,15.8389397883589,-12.399461635406388,14.760897183267758
SA,16,1,33,28.23840142376529,15.8389397883589,-12.399461635406388,14.760897183267758
SA,16,1,34,28.23840142376529,15.8389397883589,-12.399461635406388,14.760897183267758
SA,16,1,35,28.23840142376529,15.8389397883589,-12.399461635406388,14.760897183267758
SA,16,1,36,28.23840142376529,15.8389397883589,-12.399461635406388,14.760897183267758
SA,16,1,37,28.23840142376529,15.8389397883589,-12.399461635406388,14.760897183267758
SA,16,1,38,28.23840142376529,15.8389397883589,-12.399461635406388,14.760897183267758
SA,16,1,39,28.23840142376529,15.8389397883589,-12.399461635406388,14.760897183267758
SA,16,1,40,28.23840142376529,15.8389397883589,-12.399461635406388,14.760897183267758
SA,16,1,41,28.23840142376529,15.8389397883589,-12.399461635406388,14.760897183267758
SA,16,1,42,28.23840142376529,15.8389397883589,-12.399461635406388,14.760897183267758
SA,16,1,43,28.23840142376529,15.8389397883589,-12.399461635406388,14.760897183267758
SA,16,1,44,28.23840142376529,15.8389397883589,-12.399461635406388,14.760897183267758
SA,16,1,45,28.23840142376529,15.8389397883589,-12.399461635406388,14.760897183267758
SA,16,1,46,28.23840142376529,15.8389397883589,-12.399461635406388,14.760897183267758
SA,16,1,47,28.23840142376529,15.8389397883589,-12.399461635406388,14.760897183267758
SA,16,1,48,28.23840142376529,15.8389397883589,-12.399461635406388,14.760897183267758
SA,16,1,49,28.23840142376529,15.8389397883589,-12.399461635406388,14.760897183267758
SA,16,1,50,28.23840142376529,15.8389397883589,-12.399461635406388,14.760897183267758
GA,16,0,1,24.463613036140497,18.457108771184167,-6.006504264956329,11.95882632132593
GA,16,0,2,24.463613036140497,12.422682095059823,-7.06721096468674,11.40194439514428
GA,16,0,3,28.804149989533474,10.764033134016291,-18.040116855517184,9.821879743372875
GA,16,0,4,28.804149989533474,10.287999163701517,-18.061630790052998,8.895356705130501
GA,16,0,5,28.804149989533474,10.15201762977496,-4.587603904048065,7.941556596965298
GA,16,0,6,28.804149989533474,7.573182681398107,-3.0438530365810306,8.84114270193843
GA,16,0,7,28.804149989533474,6.9591452798679,-3.3652496135693597,7.124107431319048
GA,16,0,8,28.804149989533474,6.3865816324644396,-0.5881704166292957,6.139684452425916
GA,16,0,9,28.804149989533474,6.403187094324064,-1.314307111951356,5.899762045219042
GA,16,0,10,7.614613266484438,5.573876130535899,-2.04073713594854,7.136713488092708
GA,16,0,11,7.212189586630734,6.200057196506009,-1.012132390124725,7.829691967574918
GA,16,0,12,7.212189586630734,-8.938958493869414,-14.02465835629991,2.3527361759278893
GA,16,0,13,7.212189586630734,-12.119723099889725,-15.241461712838094,1.9097057379348836
GA,16,0,14,7.620063548820426,-9.050731575009852,-16.670795123830278,0.9438926785020062
GA,16,0,15,8.133409858567898,-6.534515443378498,-14.667925301946395,1.9264469801009545
GA,16,0,16,8.133409858567898,-14.643523181287284,-21.065886556981404,-1.2928805849220932
GA,16,0,17,8.133409858567898,-15.837240146964966,-19.85098927223918,-1.5009675828749427
GA,16,0,18,8.133409858567898,-14.643523181287284,-21.065886556981404,-1.2928805849220932
GA,16,0,19,8.133409858567898,-13.509328096205644,-21.62249500269712,-0.6861851296879791
GA,16,0,20,6.42236337569412,-14.643523181287284,-21.065886556981404,-1.2928805849220932
GA,16,0,21,4.013749125274213,-15.837240146964966,-19.85098927223918,-1.5009675828749427
GA,16,0,22,4.013749125274213,-15.837240146964966,-19.85098927223918,-1.5009675828749427
GA,16,0,23,8.032705885615826,-12.692271650636105,-20.72497753625193,-1.0629538182929907
GA,16,0,24,10.228932016102835,-11.635830719164755,-21.86476273526759,-1.0333186198656417
GA,16,0,25,17.996349167386946,-11.245082373396391,-29.24143154078334,-0.5147733932654275
GA,16,0,26,28.08984458234036,-10.361120440332957,-38.450965022673316,-0.11813056097364909
GA,16,0,27,28.08984458234036,-14.806698707506083,-15.913101596265662,-0.2420803650291355
GA,16,0,28,28.08984458234036,-14.643523181287284,-21.065886556981404,-1.2928805849220932
GA,16,0,29,28.08984458234036,-13.914368930171356,-22.003568740960485,-0.8650556001708154
GA,16,0,30,7.930595483002968,-17.374855403227404,-25.30545088623037,-1.9426666058856876
GA,16,0,31,4.013749125274213,-15.837240146964966,-19.85098927223918,-1.5009675828749427
GA,16,0,32,6.359129478871811,-14.654949863002486,-21.014079341874297,-1.286761688159076
GA,16,0,33,10.159071615080578,-12.71485346521516,-22.873925080295738,-0.5095483880031771
GA,16,0,34,13.373247992622593,-9.489757557835619,-22.86300555045821,0.8161296261865226
GA,16,0,35,14.182110961959522,-9.024834560577661,-23.206945522537183,0.7139459458135746
GA,16,0,36,14.182110961959522,-14.334742333798886,-21.90730604995716,-1.2718080649234795
GA,16,0,37,14.182110961959522,-15.837240146964966,-19.85098927223918,-1.5009675828749427
GA,16,0,38,14.182110961959522,-14.643523181287284,-21.065886556981404,-1.2928805849220932
GA,16,0,39,14.182110961959522,-15.837240146964966,-19.85098927223918,-1.5009675828749427
GA,16,0,40,6.42236337569412,-14.643523181287284,-21.065886556981404,-1.2928805849220932
GA,16,0,41,6.42236337569412,-14.643523181287284,-21.065886556981404,-1.2928805849220932
GA,16,0,42,6.42236337569412,-15.837240146964966,-19.85098927223918,-1.5009675828749427
GA,16,0,43,6.42236337569412,-14.643523181287284,-21.065886556981404,-1.2928805849220932
GA,16,0,44,6.42236337569412,-15.837240146964966,-19.85098927223918,-1.5009675828749427
GA,16,0,45,6.42236337569412,-14.643523181287284,-21.065886556981404,-1.2928805849220932
GA,16,0,46,6.42236337569412,-15.837240146964966,-19.85098927223918,-1.5009675828749427
GA,16,0,47,6.42236337569412,-14.643523181287284,-21.065886556981404,-1.2928805849220932
GA,16,0,48,6.42236337569412,-15.837240146964966,-19.85098927223918,-1.5009675828749427
GA,16,0,49,7.8896408893375725,-12.473925351496467,-20.36356624083404,-0.16032296216090558
GA,16,0,50,6.42236337569412,-14.643523181287284,-21.065886556981404,-1.2928805849220932
GA,16,1,1,24.463613036140497,18.457108771184167,-6.006504264956329,11.95882632132593
GA,16,1,2,24.463613036140497,12.412003962850878,-6.604945163009096,11.41794692453459
GA,16,1,3,24.463613036140497,11.177413396767049,-1.580951368875217,10.01461862483384
GA,16,1,4,24.463613036140497,6.043884754997274,-4.331175807668644,6.819069518898156
GA,16,1,5,24.463613036140497,-4.104396404682012,-9.248200980841334,2.3074821730468873
GA,16,1,6,24.463613036140497,-3.2139856873002652,-8.467333306856615,2.4798618167594184
GA,16,1,7,24.463613036140497,-5.551918871118261,-9.919348723747975,1.5617428201320234
GA,16,1,8,24.463613036140497,-5.304998222147268,-20.1514063221353,2.834792997931739
GA,16,1,9,24.463613036140497,-3.6627860036680104,-16.939862023904077,4.031560861469802
GA,16,1,10,15.801851971704714,0.2506010854200596,-15.551250886284654,5.933123215441105
GA,16,1,11,19.57168590400101,-1.4097666180186763,-20.981452522019687,4.553941577364846
GA,16,1,12,19.57168590400101,-6.9815294712233396,-15.426062074310297,2.2015451796662284
GA,16,1,13,19.57168590400101,-6.8006666979739006,-16.135705595392622,1.7082168403594018
GA,16,1,14,19.57168590400101,-3.0161664456355353,-13.351788022593112,-1.4871587038115632
GA,16,1,15,19.57168590400101,-6.175480448980642,-15.420181197523666,-1.2903970190917193
GA,16,1,16,19.57168590400101,-14.109174107134573,-15.410728111342678,-0.7225197934137553
GA,16,1,17,19.57168590400101,-10.764122854038147,-15.01564573649082,-1.113055729029342
GA,16,1,18,19.57168590400101,-19.618655707143823,-14.058448942747043,-0.4319518104908411
GA,16,1,19,19.57168590400101,-14.643523181287284,-21.065886556981404,-1.2928805849220932
GA,16,1,20,4.013749125274213,-15.837240146964966,-19.85098927223918,-1.5009675828749427
GA,16,1,21,7.265169859572058,-15.974596958217994,-23.239766817790052,-1.6779561686919153
GA,16,1,22,7.265169859572058,-14.643523181287284,-21.065886556981404,-1.2928805849220932
GA,16,1,23,7.265169859572058,-15.837240146964966,-19.85098927223918,-1.5009675828749427
GA,16,1,24,7.265169859572058,-15.837240146964966,-19.85098927223918,-1.5009675828749427
GA,16,1,25,7.265169859572058,-14.654949863002486,-21.014079341874297,-1.286761688159076
GA,16,1,26,7.265169859572058,-15.837240146964966,-19.85098927223918,-1.5009675828749427
GA,16,1,27,7.265169859572058,-14.07370622933501,-17.790829057217803,-0.5607394500321481
GA,16,1,28,7.265169859572058,-15.837240146964966,-19.85098927223918,-1.5009675828749427
GA,16,1,29,7.265169859572058,-14.643523181287284,-21.065886556981404,-1.2928805849220932
GA,16,1,30,4.013749125274213,-15.837240146964966,-19.85098927223918,-1.5009675828749427
GA,16,1,31,6.42236337569412,-14.643523181287284,-21.065886556981404,-1.2928805849220932
GA,16,1,32,6.42236337569412,-15.837240146964966,-19.85098927223918,-1.5009675828749427
GA,16,1,33,8.221097937361746,-14.540877374769094,-22.76197531213084,-1.7708334881729668
GA,16,1,34,9.955763044910167,-12.677682472617015,-22.633445517527182,-0.4797799447946694
GA,16,1,35,9.955763044910167,-17.232328046253635,-22.66667364582119,-1.7761342096578734
GA,16,1,36,9.955763044910167,-16.498667261304178,-22.78829347837116,-2.103512921872131
GA,16,1,37,9.955763044910167,-17.288991653313776,-20.98977177849583,-1.8608409296026707
GA,16,1,38,9.955763044910167,-15.605228124706619,-23.564783352070265,-1.7359034212079205
GA,16,1,39,9.955763044910167,-13.84559334320048,-21.83254412945125,-1.0570010625928195
GA,16,1,40,4.013749125274213,-15.837240146964966,-19.85098927223918,-1.5009675828749427
GA,16,1,41,4.616645685708654,-14.779175017565048,-19.395820703273703,-0.7330409815239296
GA,16,1,42,4.616645685708654,-15.837240146964966,-19.85098927223918,-1.5009675828749427
GA,16,1,43,4.616645685708654,-15.837240146964966,-19.85098927223918,-1.5009675828749427
GA,16,1,44,10.555408959684558,-14.867375489108143,-25.4227844487927,-1.126002511123214
GA,16,1,45,10.555408959684558,-16.694192472552963,-20.35773137118335,-1.6352590472200033
GA,16,1,46,10.555408959684558,-15.380987727795201,-23.32770367553039,-1.6885836262863387
GA,16,1,47,10.555408959684558,-14.643523181287284,-21.065886556981404,-1.2928805849220932
GA,16,1,48,10.555408959684558,-15.837240146964966,-19.85098927223918,-1.5009675828749427
GA,16,1,49,10.555408959684558,-14.737492182555645,-20.196410660795074,-1.1477037720834196
GA,16,1,50,4.013749125274213,-15.837240146964966,-19.85098927223918,-1.5009675828749427
PSO,16,0,1,24.463613036140497,18.457108771184167,-6.006504264956329,11.95882632132593
PSO,16,0,2,24.463613036140497,12.422682095059823,-7.06721096468674,11.40194439514428
PSO,16,0,3,28.804149989533474,10.764033134016291,-18.040116855517184,9.821879743372875
PSO,16,0,4,28.804149989533474,10.287999163701517,-18.061630790052998,8.895356705130501
PSO,16,0,5,28.804149989533474,10.15201762977496,-4.587603904048065,7.941556596965298
PSO,16,0,6,28.804149989533474,7.573182681398107,-3.0438530365810306,8.84114270193843
PSO,16,0,7,28.804149989533474,6.9591452798679,-3.3652496135693597,7.124107431319048
PSO,16,0,8,28.804149989533474,6.3865816324644396,-0.5881704166292957,6.139684452425916
PSO,16,0,9,28.804149989533474,6.403187094324064,-1.314307111951356,5.899762045219042
PSO,16,0,10,28.804149989533474,5.573876130535899,-2.04073713594854,7.136713488092708
PSO,16,0,11,28.804149989533474,5.971746345520376,-1.0029116744040216,7.913357492813933
PSO,16,0,12,28.804149989533474,-9.532820297615043,-21.707037736369738,1.1973184965683497
PSO,16,0,13,28.804149989533474,-8.15536100944051,-22.112675486000338,1.0208230102350286
PSO,16,0,14,28.804149989533474,-6.154937211779664,-20.342258420656687,2.1780854805576215
PSO,16,0,15,28.804149989533474,-6.4709427684341865,-26.863711704610292,2.3367235792894023
PSO,16,0,16,28.804149989533474,-6.886802642027549,-27.442270151849645,1.3304152499957602
PSO,16,0,17,28.804149989533474,-7.229278707695855,-27.105571631621274,2.0642763284048553
PSO,16,0,18,28.804149989533474,-10.179996021420735,-19.868784369832465,2.0336642977030333
PSO,16,0,19,28.804149989533474,-10.89595197021017,-22.668639063175487,1.5851697418039237
PSO,16,0,20,28.804149989533474,-10.09346309724439,-23.219607585654202,1.4016070577570412
PSO,16,0,21,29.33526141061331,-10.895358916733418,-40.23062032734673,0.14027965358842195
PSO,16,0,22,29.33526141061331,-9.00606500813122,-27.438119234158364,1.0546655318116556
PSO,16,0,23,29.33526141061331,-11.94222161647633,-37.52315486112411,-0.184475401649981
PSO,16,0,24,29.33526141061331,-10.266215895273302,-28.24406545418489,1.24457363617788
PSO,16,0,25,29.33526141061331,-10.792144229305789,-20.471320904102583,0.5374116702171368
PSO,16,0,26,29.33526141061331,-8.962514691591233,-27.389710319202646,0.9649849413671758
PSO,16,0,27,29.33526141061331,-9.413590327908977,-31.208667945385724,0.4761055503053845
PSO,16,0,28,29.33526141061331,-8.90095726862842,-34.5165759506354,0.7007910889061285
PSO,16,0,29,29.33526141061331,-8.80236609393905,-31.53019458443788,1.0304994499710352
PSO,16,0,30,29.33526141061331,-7.182059271678129,-18.61273717266893,2.5111707542381323
PSO,16,0,31,29.33526141061331,-7.577831330529272,-23.330225840160704,2.1309860853140927
PSO,16,0,32,29.33526141061331,-10.292395540569906,-20.824674387189976,0.6889362929045634
PSO,16,0,33,29.33526141061331,-9.449806716134413,-21.249729823726323,0.9951992768676452
PSO,16,0,34,29.33526141061331,-10.372851103212628,-21.971973788942663,0.6783941704491385
PSO,16,0,35,29.33526141061331,-9.94141182706901,-24.58115382391676,0.6051894149687077
PSO,16,0,36,29.33526141061331,-12.300453407435574,-24.684701605590778,0.07240118546976804
PSO,16,0,37,29.33526141061331,-10.996266501872487,-27.180527040140785,0.16479870760629972
PSO,16,0,38,29.33526141061331,-12.10456978180525,-21.000036301159405,0.5341247854733783
PSO,16,0,39,29.33526141061331,-11.223726380687026,-20.57675226095667,0.8193258160020638
PSO,16,0,40,29.33526141061331,-9.278978293891626,-24.562509148279076,1.4297404554640705
PSO,16,0,41,29.33526141061331,-13.111657745913552,-22.762197761868723,0.7983343350185499
PSO,16,0,42,29.33526141061331,-13.749932644122186,-26.113705664655555,0.5273259391771461
PSO,16,0,43,29.33526141061331,-13.230576188563834,-25.889238622103658,0.9288274303389841
PSO,16,0,44,29.33526141061331,-12.735256851527797,-24.611236799723468,0.6941301308365799
PSO,16,0,45,29.33526141061331,-11.220152793669183,-23.062883959229747,0.5007943125344128
PSO,16,0,46,29.33526141061331,-8.876793838989217,-21.310144562105645,1.2551339641311867
PSO,16,0,47,29.33526141061331,-8.052071524389701,-25.53970742907984,1.1112162224410422
PSO,16,0,48,29.33526141061331,-12.003854337845873,-18.57048864557675,0.3878101451049514
PSO,16,0,49,29.33526141061331,-12.003108979736513,-18.56784071864443,0.38794584406468874
PSO,16,0,50,29.33526141061331,-7.12750149218757,-23.459014194370912,1.6360972801177078
PSO,16,1,1,24.463613036140497,18.457108771184167,-6.006504264956329,11.95882632132593
PSO,16,1,2,24.463613036140497,12.412003962850878,-6.604945163009096,11.41794692453459
PSO,16,1,3,24.463613036140497,11.177413396767049,-1.580951368875217,10.01461862483384
PSO,16,1,4,24.463613036140497,6.043884754997274,-4.331175807668644,6.819069518898156
PSO,16,1,5,24.463613036140497,-4.104396404682012,-9.248200980841334,2.3074821730468873
PSO,16,1,6,24.463613036140497,-3.2139856873002652,-8.467333306856615,2.4798618167594184
PSO,16,1,7,24.463613036140497,-5.551918871118261,-9.919348723747975,1.5617428201320234
PSO,16,1,8,24.463613036140497,-5.304998222147268,-20.1514063221353,2.834792997931739
PSO,16,1,9,24.463613036140497,-3.6627860036680104,-16.939862023904077,4.031560861469802
PSO,16,1,10,24.463613036140497,0.2506010854200596,-15.551250886284654,5.933123215441105
PSO,16,1,11,24.463613036140497,-6.578548039906588,-10.926939389000305,1.5357653957752624
PSO,16,1,12,24.463613036140497,-6.848323651237676,-13.851416096204934,1.3360006990355315
PSO,16,1,13,24.463613036140497,-7.948481945039126,-13.660348208209776,1.3106526650790138
PSO,16,1,14,24.463613036140497,-5.440455107951561,-13.969500693965125,-0.6839100490301918
PSO,16,1,15,24.463613036140497,-10.447135245256742,-13.413721990347986,1.0815626670701324
PSO,16,1,16,24.463613036140497,-12.161436530112063,-19.813141601348132,0.6864088245667509
PSO,16,1,17,24.463613036140497,-12.001985713714944,-22.76464785087399,-0.0837221194297373
PSO,16,1,18,24.463613036140497,-9.192413633244223,-17.715156427631317,1.4889168236557448
PSO,16,1,19,24.463613036140497,-16.94975141655913,-18.042410158467636,0.6575804342279233
PSO,16,1,20,24.463613036140497,-14.462313253407563,-22.595029563579956,0.09532951448090904
PSO,16,1,21,24.463613036140497,-14.165096041569562,-23.860798159017936,-0.150948047478993
PSO,16,1,22,24.463613036140497,-12.79277231942027,-23.660852518347344,-0.03514365875495304
PSO,16,1,23,24.463613036140497,-12.973199534589863,-21.462760876980838,-0.7054582121047309
PSO,16,1,24,24.463613036140497,-12.049486840931776,-16.349548061882732,1.1421009648889373
PSO,16,1,25,24.463613036140497,-18.31006506614289,-16.171181894001776,0.6425433413248473
PSO,16,1,26,24.463613036140497,-16.360043863817577,-16.624111960278956,-0.2582068948073405
PSO,16,1,27,24.463613036140497,-13.539086020138205,-17.076994940499787,-0.8593170813787211
PSO,16,1,28,24.463613036140497,-12.024846536336122,-16.228868518301997,0.18096063352038305
PSO,16,1,29,24.463613036140497,-8.59728756050411,-15.967757340479325,1.041498112044095
PSO,16,1,30,24.463613036140497,-15.744190227471712,-24.582927703377262,-1.78674630096995
PSO,16,1,31,24.463613036140497,-14.153278275469761,-32.068158107322965,-1.208576569768632
PSO,16,1,32,24.463613036140497,-14.661059763935585,-21.537177875950402,-1.2813453763392983
PSO,16,1,33,24.463613036140497,-12.932441766395009,-20.134671585639982,-0.8431447031441748
PSO,16,1,34,24.463613036140497,-10.359642495066936,-20.881147475957107,0.25129325844052813
PSO,16,1,35,24.463613036140497,-15.837240146964966,-19.85098927223918,-1.5009675828749427
PSO,16,1,36,24.463613036140497,-14.654949863002486,-21.014079341874297,-1.286761688159076
PSO,16,1,37,24.463613036140497,-12.885126061032148,-22.20834662149637,-0.8590431828193045
PSO,16,1,38,24.463613036140497,-10.608979745014222,-21.86735931210605,-0.2344123680170886
PSO,16,1,39,24.463613036140497,-11.743354785314718,-20.48911278558701,-0.5563597828017915
PSO,16,1,40,24.463613036140497,-14.643523181287284,-21.065886556981404,-1.2928805849220932
PSO,16,1,41,24.463613036140497,-15.837240146964966,-19.85098927223918,-1.5009675828749427
PSO,16,1,42,24.463613036140497,-14.210293233809006,-18.410875475754594,-0.7784911086603392
PSO,16,1,43,24.463613036140497,-10.416955520060904,-22.895960699350116,-0.1041703229001281
PSO,16,1,44,24.463613036140497,-12.110547653079934,-21.253922239855722,-0.5328774641747285
PSO,16,1,45,24.463613036140497,-6.955723608997209,-17.072081345427865,1.236020723426627
PSO,16,1,46,24.463613036140497,-7.195112726068908,-18.921886694878282,0.2202893522144168
PSO,16,1,47,24.463613036140497,-6.249020530138164,-17.63249579664999,0.5739173439060454
PSO,16,1,48,24.463613036140497,-4.078950861996286,-13.392472825229683,2.019424406171807
PSO,16,1,49,24.463613036140497,-0.6080215670352227,-11.32369935165074,3.6334932790303647
PSO,16,1,50,24.463613036140497,-3.8155020172646044,-8.869876229472542,2.579666696770408
AP-Only,16,0,1,20.573591179389794,18.777224378777227,-1.7963668006125662,10.967886573621925
AP-Only,16,0,2,19.669662058266724,18.73513884512489,-0.9345232131418323,10.592024344364376
AP-Only,16,0,3,19.150973742260035,18.675088480328892,-0.47588526193114333,10.306895543431605
AP-Only,16,0,4,18.60978098269375,18.617149465275233,0.00736848258148252,10.054234496887862
AP-Only,16,0,5,18.163611568033662,18.547066040913865,0.38345447288020384,9.936989574368388
AP-Only,16,0,6,17.801535551895817,18.49378344550562,0.6922478936098049,9.725959510833627
AP-Only,16,0,7,17.516932645692712,18.45375635181717,0.9368237061244576,9.56026047303641
AP-Only,16,0,8,17.315409348043165,18.413899972287226,1.0984906242440602,9.428748619241134
AP-Only,16,0,9,17.155567458298925,18.364167690317068,1.208600232018143,9.296885979947586
AP-Only,16,0,10,17.00340100522346,18.32100120561265,1.317600200389191,9.188472433901868
AP-Only,16,0,11,16.866099040033742,18.287060445212543,1.4209614051788,9.074562528522389
AP-Only,16,0,12,16.84829804622079,18.25374947711892,1.4054514308981307,9.03854223743198
AP-Only,16,0,13,16.81967488066641,18.22020511846736,1.4005302378009497,8.970872028235195
AP-Only,16,0,14,16.926858907414697,18.192474286486274,1.2656153790715765,8.92122598645373
AP-Only,16,0,15,16.969096228385368,18.16401208712872,1.1949158587433535,8.85125109927209
AP-Only,16,0,16,17.02519992393392,18.14325552173507,1.1180555978011508,8.8241406946372
AP-Only,16,0,17,17.061492663737237,18.1215742800927,1.0600816163554647,8.810041166907489
AP-Only,16,0,18,17.10758769638802,18.10345718130637,0.995869484918351,8.80919522833048
AP-Only,16,0,19,17.05509748815532,18.08770411405811,1.0326066259027902,8.769997814414452
AP-Only,16,0,20,17.129078797798485,18.07520640614126,0.9461276083427755,8.750680132156246
AP-Only,16,0,21,17.173232926921628,18.071920604490803,0.8986876775691742,8.750027293077824
AP-Only,16,0,22,17.173232926921628,18.071920604490803,0.8986876775691742,8.750027293077824
AP-Only,16,0,23,17.173232926921628,18.071920604490803,0.8986876775691742,8.750027293077824
AP-Only,16,0,24,17.173232926921628,18.071920604490803,0.8986876775691742,8.750027293077824
AP-Only,16,0,25,17.173232926921628,18.071920604490803,0.8986876775691742,8.750027293077824
AP-Only,16,0,26,17.173232926921628,18.071920604490803,0.8986876775691742,8.750027293077824
AP-Only,16,0,27,17.173232926921628,18.071920604490803,0.8986876775691742,8.750027293077824
AP-Only,16,0,28,17.173232926921628,18.071920604490803,0.8986876775691742,8.750027293077824
AP-Only,16,0,29,17.173232926921628,18.071920604490803,0.8986876775691742,8.750027293077824
AP-Only,16,0,30,17.173232926921628,18.071920604490803,0.8986876775691742,8.750027293077824
AP-Only,16,0,31,17.173232926921628,18.071920604490803,0.8986876775691742,8.750027293077824
AP-Only,16,0,32,17.173232926921628,18.071920604490803,0.8986876775691742,8.750027293077824
AP-Only,16,0,33,17.173232926921628,18.071920604490803,0.8986876775691742,8.750027293077824
AP-Only,16,0,34,17.173232926921628,18.071920604490803,0.8986876775691742,8.750027293077824
AP-Only,16,0,35,17.173232926921628,18.071920604490803,0.8986876775691742,8.750027293077824
AP-Only,16,0,36,17.173232926921628,18.071920604490803,0.8986876775691742,8.750027293077824
AP-Only,16,0,37,17.173232926921628,18.071920604490803,0.8986876775691742,8.750027293077824
AP-Only,16,0,38,17.173232926921628,18.071920604490803,0.8986876775691742,8.750027293077824
AP-Only,16,0,39,17.173232926921628,18.071920604490803,0.8986876775691742,8.750027293077824
AP-Only,16,0,40,17.173232926921628,18.071920604490803,0.8986876775691742,8.750027293077824
AP-Only,16,0,41,17.173232926921628,18.071920604490803,0.8986876775691742,8.750027293077824
AP-Only,16,0,42,17.173232926921628,18.071920604490803,0.8986876775691742,8.750027293077824
AP-Only,16,0,43,17.173232926921628,18.071920604490803,0.8986876775691742,8.750027293077824
AP-Only,16,0,44,17.173232926921628,18.071920604490803,0.8986876775691742,8.750027293077824
AP-Only,16,0,45,17.173232926921628,18.071920604490803,0.8986876775691742,8.750027293077824
AP-Only,16,0,46,17.173232926921628,18.071920604490803,0.8986876775691742,8.750027293077824
AP-Only,16,0,47,17.173232926921628,18.071920604490803,0.8986876775691742,8.750027293077824
AP-Only,16,0,48,17.173232926921628,18.071920604490803,0.8986876775691742,8.750027293077824
AP-Only,16,0,49,17.173232926921628,18.071920604490803,0.8986876775691742,8.750027293077824
AP-Only,16,0,50,17.173232926921628,18.071920604490803,0.8986876775691742,8.750027293077824
AP-Only,16,1,1,20.573591179389794,18.777224378777227,-1.7963668006125662,10.967886573621925
AP-Only,16,1,2,19.669662058266724,18.73513884512489,-0.9345232131418323,10.592024344364376
AP-Only,16,1,3,19.150973742260035,18.675088480328892,-0.47588526193114333,10.306895543431605
AP-Only,16,1,4,18.60978098269375,18.617149465275233,0.00736848258148252,10.054234496887862
AP-Only,16,1,5,18.163611568033662,18.547066040913865,0.38345447288020384,9.936989574368388
AP-Only,16,1,6,17.801535551895817,18.49378344550562,0.6922478936098049,9.725959510833627
AP-Only,16,1,7,17.516932645692712,18.45375635181717,0.9368237061244576,9.56026047303641
AP-Only,16,1,8,17.315409348043165,18.413899972287226,1.0984906242440602,9.428748619241134
AP-Only,16,1,9,17.155567458298925,18.364167690317068,1.208600232018143,9.296885979947586
AP-Only,16,1,10,17.00340100522346,18.32100120561265,1.317600200389191,9.188472433901868
AP-Only,16,1,11,16.866099040033742,18.287060445212543,1.4209614051788,9.074562528522389
AP-Only,16,1,12,16.84829804622079,18.25374947711892,1.4054514308981307,9.03854223743198
AP-Only,16,1,13,16.81967488066641,18.22020511846736,1.4005302378009497,8.970872028235195
AP-Only,16,1,14,16.926858907414697,18.192474286486274,1.2656153790715765,8.92122598645373
AP-Only,16,1,15,16.969096228385368,18.16401208712872,1.1949158587433535,8.85125109927209
AP-Only,16,1,16,17.02519992393392,18.14325552173507,1.1180555978011508,8.8241406946372
AP-Only,16,1,17,17.061492663737237,18.1215742800927,1.0600816163554647,8.810041166907489
AP-Only,16,1,18,17.10758769638802,18.10345718130637,0.995869484918351,8.80919522833048
AP-Only,16,1,19,17.05509748815532,18.08770411405811,1.0326066259027902,8.769997814414452
AP-Only,16,1,20,17.129078797798485,18.07520640614126,0.9461276083427755,8.750680132156246
AP-Only,16,1,21,17.173232926921628,18.071920604490803,0.8986876775691742,8.750027293077824
AP-Only,16,1,22,17.173232926921628,18.071920604490803,0.8986876775691742,8.750027293077824
AP-Only,16,1,23,17.173232926921628,18.071920604490803,0.8986876775691742,8.750027293077824
AP-Only,16,1,24,17.173232926921628,18.071920604490803,0.8986876775691742,8.750027293077824
AP-Only,16,1,25,17.173232926921628,18.071920604490803,0.8986876775691742,8.750027293077824
AP-Only,16,1,26,17.173232926921628,18.071920604490803,0.8986876775691742,8.750027293077824
AP-Only,16,1,27,17.173232926921628,18.071920604490803,0.8986876775691742,8.750027293077824
AP-Only,16,1,28,17.173232926921628,18.071920604490803,0.8986876775691742,8.750027293077824
AP-Only,16,1,29,17.173232926921628,18.071920604490803,0.8986876775691742,8.750027293077824
AP-Only,16,1,30,17.173232926921628,18.071920604490803,0.8986876775691742,8.750027293077824
AP-Only,16,1,31,17.173232926921628,18.071920604490803,0.8986876775691742,8.750027293077824
AP-Only,16,1,32,17.173232926921628,18.071920604490803,0.8986876775691742,8.750027293077824
AP-Only,16,1,33,17.173232926921628,18.071920604490803,0.8986876775691742,8.750027293077824
AP-Only,16,1,34,17.173232926921628,18.071920604490803,0.8986876775691742,8.750027293077824
AP-Only,16,1,35,17.173232926921628,18.071920604490803,0.8986876775691742,8.750027293077824
AP-Only,16,1,36,17.173232926921628,18.071920604490803,0.8986876775691742,8.750027293077824
AP-Only,16,1,37,17.173232926921628,18.071920604490803,0.8986876775691742,8.750027293077824
AP-Only,16,1,38,17.173232926921628,18.071920604490803,0.8986876775691742,8.750027293077824
AP-Only,16,1,39,17.173232926921628,18.071920604490803,0.8986876775691742,8.750027293077824
AP-Only,16,1,40,17.173232926921628,18.071920604490803,0.8986876775691742,8.750027293077824
AP-Only,16,1,41,17.173232926921628,18.071920604490803,0.8986876775691742,8.750027293077824
AP-Only,16,1,42,17.173232926921628,18.071920604490803,0.8986876775691742,8.750027293077824
AP-Only,16,1,43,17.173232926921628,18.071920604490803,0.8986876775691742,8.750027293077824
AP-Only,16,1,44,17.173232926921628,18.071920604490803,0.8986876775691742,8.750027293077824
AP-Only,16,1,45,17.173232926921628,18.071920604490803,0.8986876775691742,8.750027293077824
AP-Only,16,1,46,17.173232926921628,18.071920604490803,0.8986876775691742,8.750027293077824
AP-Only,16,1,47,17.173232926921628,18.071920604490803,0.8986876775691742,8.750027293077824
AP-Only,16,1,48,17.173232926921628,18.071920604490803,0.8986876775691742,8.750027293077824
AP-Only,16,1,49,17.173232926921628,18.071920604490803,0.8986876775691742,8.750027293077824
AP-Only,16,1,50,17.173232926921628,18.071920604490803,0.8986876775691742,8.750027293077824
PGD-Baseline,16,0,1,24.463613036140497,18.457108771184167,-6.006504264956329,11.95882632132593
PGD-Baseline,16,0,2,22.07735983607105,16.700537990397432,-5.376821845673619,13.793586764937737
PGD-Baseline,16,0,3,13.838444229317561,14.9883937259062,1.1499494965886388,10.929555609095651
PGD-Baseline,16,0,4,15.117558944995725,14.794268642605978,-0.3232903023897477,10.877985210103688
PGD-Baseline,16,0,5,14.94165773760793,14.637660159900395,-0.3039975777075332,10.590148386465366
PGD-Baseline,16,0,6,14.780526516977144,14.542515775534085,-0.23801074144305964,10.386332263396948
PGD-Baseline,16,0,7,14.648262036848937,14.437925914327323,-0.2103361225216136,10.243669239825381
PGD-Baseline,16,0,8,14.565061652223207,14.320407932959549,-0.24465371926365853,10.132305737038338
PGD-Baseline,16,0,9,14.547248932445187,14.203198917307237,-0.3440500151379508,10.023223245998047
PGD-Baseline,16,0,10,14.512823376659135,14.07011902806748,-0.4427043485916549,9.900525567546854
PGD-Baseline,16,0,11,14.511970073809518,13.928517868069498,-0.5834522057400198,9.790436445593581
PGD-Baseline,16,0,12,14.545698353661228,13.825124284521262,-0.7205740691399658,9.671222166568834
PGD-Baseline,16,0,13,14.686986479334204,13.742391468579045,-0.9445950107551585,9.544864375222815
PGD-Baseline,16,0,14,14.871740704465838,13.660822673634046,-1.2109180308317917,9.424387130951885
PGD-Baseline,16,0,15,15.028096148735903,13.600173626956465,-1.4279225217794373,9.297078699769028
PGD-Baseline,16,0,16,15.245584725904408,13.543333871306476,-1.702250854597932,9.186816093050792
PGD-Baseline,16,0,17,15.41487143164255,13.497798427124096,-1.9170730045184559,9.080159157123814
PGD-Baseline,16,0,18,15.629373552980315,13.437616194206141,-2.191757358774173,9.001891316724862
PGD-Baseline,16,0,19,15.878764759661395,13.369608120298553,-2.509156639362843,8.938498040662521
PGD-Baseline,16,0,20,16.06085132471474,13.316861746698102,-2.743989578016638,8.868485878318754
PGD-Baseline,16,0,21,16.357087902322274,13.260011093180001,-3.0970768091422727,8.790335548557383
PGD-Baseline,16,0,22,17.001873540303603,13.271430545302966,-3.730442995000638,8.716828416128616
PGD-Baseline,16,0,23,17.05556386636228,13.24097558345766,-3.8145882829046207,8.661430452077138
PGD-Baseline,16,0,24,17.262836212881396,13.203535620199741,-4.059300592681656,8.607247123087436
PGD-Baseline,16,0,25,17.165983598074874,13.166012178131886,-3.999971419942986,8.577117874378473
PGD-Baseline,16,0,26,13.45261397584135,11.15929031088466,-2.2933236649566897,11.263840253529139
PGD-Baseline,16,0,27,13.64171404185246,11.128557967357583,-2.513156074494876,10.953527199038792
PGD-Baseline,16,0,28,12.989553993167764,10.842698708802672,-2.146855284365092,10.597366578943648
PGD-Baseline,16,0,29,14.163541013446281,10.729530079055536,-3.434010934390745,10.62979318060239
PGD-Baseline,16,0,30,13.998125192537593,10.956459978505055,-3.0416652140325375,10.062977847935153
PGD-Baseline,16,0,31,20.454035663594706,9.315780296967628,-11.138255366627078,8.76144049197164
PGD-Baseline,16,0,32,22.321299236418437,9.291209013121632,-13.030090223296805,8.592093698788466
PGD-Baseline,16,0,33,22.196265110182992,9.348062309900655,-12.848202800282339,8.433937215012639
PGD-Baseline,16,0,34,23.652657920805915,9.183222524056852,-14.469435396749065,8.256092946625117
PGD-Baseline,16,0,35,24.036401075169927,9.091139653306113,-14.945261421863812,8.236620757962292
PGD-Baseline,16,0,36,25.141276190819625,8.76313790409576,-16.378138286723864,7.887502863826566
PGD-Baseline,16,0,37,24.315295309513772,8.674769868516833,-15.640525440996937,7.621974659472693
PGD-Baseline,16,0,38,23.547731881384927,8.670156349455233,-14.877575531929693,7.406498225569745
PGD-Baseline,16,0,39,23.193223732433786,8.753991787663992,-14.439231944769793,7.108583106661557
PGD-Baseline,16,0,40,23.28601623156797,8.811267247651728,-14.474748983916243,6.918224978194361
PGD-Baseline,16,0,41,23.271798161409535,8.929934739407614,-14.34186342200192,6.718581658121492
PGD-Baseline,16,0,42,7.106453004281064,7.157878479520204,0.05142547523914087,5.614657745056762
PGD-Baseline,16,0,43,9.525440054470218,8.664476732293004,-0.8609633221772146,5.92223976725058
PGD-Baseline,16,0,44,22.29888010137598,5.056056528443653,-17.242823572932323,5.254303416821999
PGD-Baseline,16,0,45,22.6761478663958,4.882323475898513,-17.79382439049729,5.135863596956911
PGD-Baseline,16,0,46,22.354057203726306,4.905303469859325,-17.448753733866983,4.851315471504147
PGD-Baseline,16,0,47,22.31039339416524,4.770735486125707,-17.539657908039533,4.772265262914167
PGD-Baseline,16,0,48,33.05859166821392,4.448054393846906,-28.61053727436702,5.649410278247721
PGD-Baseline,16,0,49,36.611413714930876,4.612225306527571,-31.999188408403302,5.52932213769647
PGD-Baseline,16,0,50,37.04308803060971,4.621423045218258,-32.42166498539145,5.280595146494412
PGD-Baseline,16,1,1,24.463613036140497,18.457108771184167,-6.006504264956329,11.95882632132593
PGD-Baseline,16,1,2,22.07735983607105,16.700537990397432,-5.376821845673619,13.793586764937737
PGD-Baseline,16,1,3,13.838444229317561,14.9883937259062,1.1499494965886388,10.929555609095651
PGD-Baseline,16,1,4,15.117558944995725,14.794268642605978,-0.3232903023897477,10.877985210103688
PGD-Baseline,16,1,5,14.94165773760793,14.637660159900395,-0.3039975777075332,10.590148386465366
PGD-Baseline,16,1,6,14.780526516977144,14.542515775534085,-0.23801074144305964,10.386332263396948
PGD-Baseline,16,1,7,14.648262036848937,14.437925914327323,-0.2103361225216136,10.243669239825381
PGD-Baseline,16,1,8,14.565061652223207,14.320407932959549,-0.24465371926365853,10.132305737038338
PGD-Baseline,16,1,9,14.547248932445187,14.203198917307237,-0.3440500151379508,10.023223245998047
PGD-Baseline,16,1,10,14.512823376659135,14.07011902806748,-0.4427043485916549,9.900525567546854
PGD-Baseline,16,1,11,14.511970073809518,13.928517868069498,-0.5834522057400198,9.790436445593581
PGD-Baseline,16,1,12,14.545698353661228,13.825124284521262,-0.7205740691399658,9.671222166568834
PGD-Baseline,16,1,13,14.686986479334204,13.742391468579045,-0.9445950107551585,9.544864375222815
PGD-Baseline,16,1,14,14.871740704465838,13.660822673634046,-1.2109180308317917,9.424387130951885
PGD-Baseline,16,1,15,15.028096148735903,13.600173626956465,-1.4279225217794373,9.297078699769028
PGD-Baseline,16,1,16,15.245584725904408,13.543333871306476,-1.702250854597932,9.186816093050792
PGD-Baseline,16,1,17,15.41487143164255,13.497798427124096,-1.9170730045184559,9.080159157123814
PGD-Baseline,16,1,18,15.629373552980315,13.437616194206141,-2.191757358774173,9.001891316724862
PGD-Baseline,16,1,19,15.878764759661395,13.369608120298553,-2.509156639362843,8.938498040662521
PGD-Baseline,16,1,20,16.06085132471474,13.316861746698102,-2.743989578016638,8.868485878318754
PGD-Baseline,16,1,21,16.357087902322274,13.260011093180001,-3.0970768091422727,8.790335548557383
PGD-Baseline,16,1,22,17.001873540303603,13.271430545302966,-3.730442995000638,8.716828416128616
PGD-Baseline,16,1,23,17.05556386636228,13.24097558345766,-3.8145882829046207,8.661430452077138
PGD-Baseline,16,1,24,17.262836212881396,13.203535620199741,-4.059300592681656,8.607247123087436
PGD-Baseline,16,1,25,17.165983598074874,13.166012178131886,-3.999971419942986,8.577117874378473
PGD-Baseline,16,1,26,13.45261397584135,11.15929031088466,-2.2933236649566897,11.263840253529139
PGD-Baseline,16,1,27,13.64171404185246,11.128557967357583,-2.513156074494876,10.953527199038792
PGD-Baseline,16,1,28,12.989553993167764,10.842698708802672,-2.146855284365092,10.597366578943648
PGD-Baseline,16,1,29,14.163541013446281,10.729530079055536,-3.434010934390745,10.62979318060239
PGD-Baseline,16,1,30,13.998125192537593,10.956459978505055,-3.0416652140325375,10.062977847935153
PGD-Baseline,16,1,31,20.454035663594706,9.315780296967628,-11.138255366627078,8.76144049197164
PGD-Baseline,16,1,32,22.321299236418437,9.291209013121632,-13.030090223296805,8.592093698788466
PGD-Baseline,16,1,33,22.196265110182992,9.348062309900655,-12.848202800282339,8.433937215012639
PGD-Baseline,16,1,34,23.652657920805915,9.183222524056852,-14.469435396749065,8.256092946625117
PGD-Baseline,16,1,35,24.036401075169927,9.091139653306113,-14.945261421863812,8.236620757962292
PGD-Baseline,16,1,36,25.141276190819625,8.76313790409576,-16.378138286723864,7.887502863826566
PGD-Baseline,16,1,37,24.315295309513772,8.674769868516833,-15.640525440996937,7.621974659472693
PGD-Baseline,16,1,38,23.547731881384927,8.670156349455233,-14.877575531929693,7.406498225569745
PGD-Baseline,16,1,39,23.193223732433786,8.753991787663992,-14.439231944769793,7.108583106661557
PGD-Baseline,16,1,40,23.28601623156797,8.811267247651728,-14.474748983916243,6.918224978194361
PGD-Baseline,16,1,41,23.271798161409535,8.929934739407614,-14.34186342200192,6.718581658121492
PGD-Baseline,16,1,42,7.106453004281064,7.157878479520204,0.05142547523914087,5.614657745056762
PGD-Baseline,16,1,43,9.525440054470218,8.664476732293004,-0.8609633221772146,5.92223976725058
PGD-Baseline,16,1,44,22.29888010137598,5.056056528443653,-17.242823572932323,5.254303416821999
PGD-Baseline,16,1,45,22.6761478663958,4.882323475898513,-17.79382439049729,5.135863596956911
PGD-Baseline,16,1,46,22.354057203726306,4.905303469859325,-17.448753733866983,4.851315471504147
PGD-Baseline,16,1,47,22.31039339416524,4.770735486125707,-17.539657908039533,4.772265262914167
PGD-Baseline,16,1,48,33.05859166821392,4.448054393846906,-28.61053727436702,5.649410278247721
PGD-Baseline,16,1,49,36.611413714930876,4.612225306527571,-31.999188408403302,5.52932213769647
PGD-Baseline,16,1,50,37.04308803060971,4.621423045218258,-32.42166498539145,5.280595146494412
Strain-Guided Pipeline,64,0,1,32.27665281362955,33.898216549726584,1.621563736097034,21.549266543068796
Strain-Guided Pipeline,64,0,2,32.27665281362955,33.898216549726584,1.621563736097034,21.549266543068796
Strain-Guided Pipeline,64,0,3,32.27665281362955,33.898216549726584,1.621563736097034,21.549266543068796
Strain-Guided Pipeline,64,0,4,32.27665281362955,33.898216549726584,1.621563736097034,21.549266543068796
Strain-Guided Pipeline,64,0,5,32.27665281362955,33.898216549726584,1.621563736097034,21.549266543068796
Strain-Guided Pipeline,64,0,6,32.27665281362955,33.898216549726584,1.621563736097034,21.549266543068796
Strain-Guided Pipeline,64,0,7,31.749684538266404,32.52847428278332,0.7787897445169164,24.89680455287301
Strain-Guided Pipeline,64,0,8,35.22343052863579,32.431178938366905,-2.7922515902688865,24.749720090067125
Strain-Guided Pipeline,64,0,9,35.22343052863579,32.431178938366905,-2.7922515902688865,24.749720090067125
Strain-Guided Pipeline,64,0,10,35.22343052863579,32.431178938366905,-2.7922515902688865,24.749720090067125
Strain-Guided Pipeline,64,0,11,35.22343052863579,32.431178938366905,-2.7922515902688865,24.749720090067125
Strain-Guided Pipeline,64,0,12,35.22343052863579,32.431178938366905,-2.7922515902688865,24.749720090067125
Strain-Guided Pipeline,64,0,13,35.22343052863579,32.431178938366905,-2.7922515902688865,24.749720090067125
Strain-Guided Pipeline,64,0,14,35.22343052863579,32.431178938366905,-2.7922515902688865,24.749720090067125
Strain-Guided Pipeline,64,0,15,35.22343052863579,32.431178938366905,-2.7922515902688865,24.749720090067125
Strain-Guided Pipeline,64,0,16,35.22343052863579,32.431178938366905,-2.7922515902688865,24.749720090067125
Strain-Guided Pipeline,64,0,17,35.22343052863579,32.431178938366905,-2.7922515902688865,24.749720090067125
Strain-Guided Pipeline,64,0,18,35.22343052863579,32.431178938366905,-2.7922515902688865,24.749720090067125
Strain-Guided Pipeline,64,0,19,35.22343052863579,32.431178938366905,-2.7922515902688865,24.749720090067125
Strain-Guided Pipeline,64,0,20,35.22343052863579,32.431178938366905,-2.7922515902688865,24.749720090067125
Strain-Guided Pipeline,64,0,21,35.22343052863579,32.431178938366905,-2.7922515902688865,24.749720090067125
Strain-Guided Pipeline,64,0,22,35.22343052863579,32.431178938366905,-2.7922515902688865,24.749720090067125
Strain-Guided Pipeline,64,0,23,35.22343052863579,32.431178938366905,-2.7922515902688865,24.749720090067125
Strain-Guided Pipeline,64,0,24,35.22343052863579,32.431178938366905,-2.7922515902688865,24.749720090067125
Strain-Guided Pipeline,64,0,25,35.22343052863579,32.431178938366905,-2.7922515902688865,24.749720090067125
Strain-Guided Pipeline,64,0,26,35.22343052863579,32.431178938366905,-2.7922515902688865,24.749720090067125
Strain-Guided Pipeline,64,0,27,35.22343052863579,32.431178938366905,-2.7922515902688865,24.749720090067125
Strain-Guided Pipeline,64,0,28,35.22343052863579,32.431178938366905,-2.7922515902688865,24.749720090067125
Strain-Guided Pipeline,64,0,29,35.22343052863579,32.431178938366905,-2.7922515902688865,24.749720090067125
Strain-Guided Pipeline,64,0,30,35.22343052863579,32.431178938366905,-2.7922515902688865,24.749720090067125
Strain-Guided Pipeline,64,0,31,35.22343052863579,32.431178938366905,-2.7922515902688865,24.749720090067125
Strain-Guided Pipeline,64,0,32,35.22343052863579,32.431178938366905,-2.7922515902688865,24.749720090067125
Strain-Guided Pipeline,64,0,33,35.22343052863579,32.431178938366905,-2.7922515902688865,24.749720090067125
Strain-Guided Pipeline,64,0,34,35.22343052863579,32.431178938366905,-2.7922515902688865,24.749720090067125
Strain-Guided Pipeline,64,0,35,35.22343052863579,32.431178938366905,-2.7922515902688865,24.749720090067125
Strain-Guided Pipeline,64,0,36,35.87219213804115,32.08887883481094,-3.783313303230211,23.708167784608378
Strain-Guided Pipeline,64,0,37,35.87219213804115,32.08887883481094,-3.783313303230211,23.708167784608378
Strain-Guided Pipeline,64,0,38,35.87219213804115,32.08887883481094,-3.783313303230211,23.708167784608378
Strain-Guided Pipeline,64,0,39,35.87219213804115,32.08887883481094,-3.783313303230211,23.708167784608378
Strain-Guided Pipeline,64,0,40,35.87219213804115,32.08887883481094,-3.783313303230211,23.708167784608378
Strain-Guided Pipeline,64,0,41,35.87219213804115,32.08887883481094,-3.783313303230211,23.708167784608378
Strain-Guided Pipeline,64,0,42,35.87219213804115,32.08887883481094,-3.783313303230211,23.708167784608378
Strain-Guided Pipeline,64,0,43,35.87219213804115,32.08887883481094,-3.783313303230211,23.708167784608378
Strain-Guided Pipeline,64,0,44,42.23213494509584,31.716963270396743,-10.51517167469909,23.638670474570226
Strain-Guided Pipeline,64,0,45,42.23213494509584,31.716963270396743,-10.51517167469909,23.638670474570226
Strain-Guided Pipeline,64,0,46,42.23213494509584,31.716963270396743,-10.51517167469909,23.638670474570226
Strain-Guided Pipeline,64,0,47,42.23213494509584,31.716963270396743,-10.51517167469909,23.638670474570226
Strain-Guided Pipeline,64,0,48,42.23213494509584,31.716963270396743,-10.51517167469909,23.638670474570226
Strain-Guided Pipeline,64,0,49,42.23213494509584,31.716963270396743,-10.51517167469909,23.638670474570226
Strain-Guided Pipeline,64,0,50,42.23213494509584,31.716963270396743,-10.51517167469909,23.638670474570226
Strain-Guided Pipeline,64,1,1,25.858201607321167,32.37816186059378,6.519960253272612,23.96473007064622
Strain-Guided Pipeline,64,1,2,25.858201607321167,32.37816186059378,6.519960253272612,23.96473007064622
Strain-Guided Pipeline,64,1,3,25.858201607321167,32.37816186059378,6.519960253272612,23.96473007064622
Strain-Guided Pipeline,64,1,4,25.858201607321167,32.37816186059378,6.519960253272612,23.96473007064622
Strain-Guided Pipeline,64,1,5,30.324041577167407,30.337849600616753,0.013808023449347099,25.494564193660537
Strain-Guided Pipeline,64,1,6,30.324041577167407,30.337849600616753,0.013808023449347099,25.494564193660537
Strain-Guided Pipeline,64,1,7,30.324041577167407,30.337849600616753,0.013808023449347099,25.494564193660537
Strain-Guided Pipeline,64,1,8,25.183341725314826,28.704418367883683,3.5210766425688576,27.35472202510307
Strain-Guided Pipeline,64,1,9,25.183341725314826,28.704418367883683,3.5210766425688576,27.35472202510307
Strain-Guided Pipeline,64,1,10,21.223253886578938,26.344523701120536,5.1212698145416,23.572377132285244
Strain-Guided Pipeline,64,1,11,25.356015057883816,27.583895135441487,2.227880077557671,22.9756019208558
Strain-Guided Pipeline,64,1,12,25.356015057883816,27.583895135441487,2.227880077557671,22.9756019208558
Strain-Guided Pipeline,64,1,13,25.356015057883816,27.583895135441487,2.227880077557671,22.9756019208558
Strain-Guided Pipeline,64,1,14,25.356015057883816,27.583895135441487,2.227880077557671,22.9756019208558
Strain-Guided Pipeline,64,1,15,25.356015057883816,27.583895135441487,2.227880077557671,22.9756019208558
Strain-Guided Pipeline,64,1,16,25.356015057883816,27.583895135441487,2.227880077557671,22.9756019208558
Strain-Guided Pipeline,64,1,17,22.202814972672506,23.989731537891398,1.78691656521889,18.587015317303116
Strain-Guided Pipeline,64,1,18,22.202814972672506,23.989731537891398,1.78691656521889,18.587015317303116
Strain-Guided Pipeline,64,1,19,22.202814972672506,23.989731537891398,1.78691656521889,18.587015317303116
Strain-Guided Pipeline,64,1,20,23.878861167191623,25.40536393541361,1.526502768221988,20.044734779097627
Strain-Guided Pipeline,64,1,21,23.878861167191623,25.40536393541361,1.526502768221988,20.044734779097627
Strain-Guided Pipeline,64,1,22,23.878861167191623,25.40536393541361,1.526502768221988,20.044734779097627
Strain-Guided Pipeline,64,1,23,22.04212922074224,25.592752611742608,3.5506233910003697,20.13307642285455
Strain-Guided Pipeline,64,1,24,22.04212922074224,25.592752611742608,3.5506233910003697,20.13307642285455
Strain-Guided Pipeline,64,1,25,25.794026970817853,25.32504500595383,-0.4689819648640259,19.887600885257775
Strain-Guided Pipeline,64,1,26,26.005829543436715,26.064275636663467,0.05844609322675313,19.731038598266842
Strain-Guided Pipeline,64,1,27,26.005829543436715,26.064275636663467,0.05844609322675313,19.731038598266842
Strain-Guided Pipeline,64,1,28,26.005829543436715,26.064275636663467,0.05844609322675313,19.731038598266842
Strain-Guided Pipeline,64,1,29,26.005829543436715,26.064275636663467,0.05844609322675313,19.731038598266842
Strain-Guided Pipeline,64,1,30,26.005829543436715,26.064275636663467,0.05844609322675313,19.731038598266842
Strain-Guided Pipeline,64,1,31,26.005829543436715,26.064275636663467,0.05844609322675313,19.731038598266842
Strain-Guided Pipeline,64,1,32,26.005829543436715,26.064275636663467,0.05844609322675313,19.731038598266842
Strain-Guided Pipeline,64,1,33,26.005829543436715,26.064275636663467,0.05844609322675313,19.731038598266842
Strain-Guided Pipeline,64,1,34,26.005829543436715,26.064275636663467,0.05844609322675313,19.731038598266842
Strain-Guided Pipeline,64,1,35,26.005829543436715,26.064275636663467,0.05844609322675313,19.731038598266842
Strain-Guided Pipeline,64,1,36,26.005829543436715,26.064275636663467,0.05844609322675313,19.731038598266842
Strain-Guided Pipeline,64,1,37,26.005829543436715,26.064275636663467,0.05844609322675313,19.731038598266842
Strain-Guided Pipeline,64,1,38,26.005829543436715,26.064275636663467,0.05844609322675313,19.731038598266842
Strain-Guided Pipeline,64,1,39,26.005829543436715,26.064275636663467,0.05844609322675313,19.731038598266842
Strain-Guided Pipeline,64,1,40,26.005829543436715,26.064275636663467,0.05844609322675313,19.731038598266842
Strain-Guided Pipeline,64,1,41,26.005829543436715,26.064275636663467,0.05844609322675313,19.731038598266842
Strain-Guided Pipeline,64,1,42,26.800921241792363,26.5647441478975,-0.2361770938948625,19.432505360458762
Strain-Guided Pipeline,64,1,43,26.800921241792363,26.5647441478975,-0.2361770938948625,19.432505360458762
Strain-Guided Pipeline,64,1,44,26.800921241792363,26.5647441478975,-0.2361770938948625,19.432505360458762
Strain-Guided Pipeline,64,1,45,26.800921241792363,26.5647441478975,-0.2361770938948625,19.432505360458762
Strain-Guided Pipeline,64,1,46,26.800921241792363,26.5647441478975,-0.2361770938948625,19.432505360458762
Strain-Guided Pipeline,64,1,47,26.800921241792363,26.5647441478975,-0.2361770938948625,19.432505360458762
Strain-Guided Pipeline,64,1,48,26.800921241792363,26.5647441478975,-0.2361770938948625,19.432505360458762
Strain-Guided Pipeline,64,1,49,26.70662824263296,26.599508523660717,-0.10711971897224437,19.527784201002618
Strain-Guided Pipeline,64,1,50,26.70662824263296,26.599508523660717,-0.10711971897224437,19.527784201002618
SA,64,0,1,32.27665281362955,33.898216549726584,1.621563736097034,21.549266543068796
SA,64,0,2,30.896490966518975,33.477429532612355,2.580938566093381,21.587152962232672
SA,64,0,3,29.075245983776906,33.40996551013695,4.334719526360044,24.389454351504213
SA,64,0,4,28.522177034977542,32.029695011833205,3.5075179768556644,22.063416629406568
SA,64,0,5,27.37121827143398,31.624526623762467,4.253308352328488,22.902628542281125
SA,64,0,6,27.366796488148548,30.354796224822508,2.987999736673961,24.61664813299383
SA,64,0,7,22.910601130627455,28.06312225584847,5.152521125221012,24.41552481964702
SA,64,0,8,22.193695386988026,27.86969543712658,5.676000050138556,23.566782836775353
SA,64,0,9,22.193695386988026,27.86969543712658,5.676000050138556,23.566782836775353
SA,64,0,10,21.846743272034434,27.824450140847222,5.977706868812788,23.446539545281144
SA,64,0,11,16.807120076580972,26.85246559990304,10.045345523322071,24.155471049119505
SA,64,0,12,17.14269142470327,26.59988894629152,9.457197521588252,23.88620397315423
SA,64,0,13,19.5637985597689,26.199447667668025,6.635649107899124,23.614672102983242
SA,64,0,14,19.755686629302037,25.946582703658283,6.190896074356246,23.56954509915338
SA,64,0,15,22.402066095607275,25.771906649876556,3.3698405542692824,23.10393719605574
SA,64,0,16,22.402066095607275,25.771906649876556,3.3698405542692824,23.10393719605574
SA,64,0,17,22.402066095607275,25.771906649876556,3.3698405542692824,23.10393719605574
SA,64,0,18,22.402066095607275,25.771906649876556,3.3698405542692824,23.10393719605574
SA,64,0,19,22.402066095607275,25.771906649876556,3.3698405542692824,23.10393719605574
SA,64,0,20,22.402066095607275,25.771906649876556,3.3698405542692824,23.10393719605574
SA,64,0,21,22.402066095607275,25.771906649876556,3.3698405542692824,23.10393719605574
SA,64,0,22,22.402066095607275,25.771906649876556,3.3698405542692824,23.10393719605574
SA,64,0,23,22.402066095607275,25.771906649876556,3.3698405542692824,23.10393719605574
SA,64,0,24,22.402066095607275,25.771906649876556,3.3698405542692824,23.10393719605574
SA,64,0,25,22.402066095607275,25.771906649876556,3.3698405542692824,23.10393719605574
SA,64,0,26,22.402066095607275,25.771906649876556,3.3698405542692824,23.10393719605574
SA,64,0,27,22.402066095607275,25.771906649876556,3.3698405542692824,23.10393719605574
SA,64,0,28,22.402066095607275,25.771906649876556,3.3698405542692824,23.10393719605574
SA,64,0,29,22.402066095607275,25.771906649876556,3.3698405542692824,23.10393719605574
SA,64,0,30,22.402066095607275,25.771906649876556,3.3698405542692824,23.10393719605574
SA,64,0,31,22.402066095607275,25.771906649876556,3.3698405542692824,23.10393719605574
SA,64,0,32,22.402066095607275,25.771906649876556,3.3698405542692824,23.10393719605574
SA,64,0,33,22.402066095607275,25.771906649876556,3.3698405542692824,23.10393719605574
SA,64,0,34,22.402066095607275,25.771906649876556,3.3698405542692824,23.10393719605574
SA,64,0,35,22.402066095607275,25.771906649876556,3.3698405542692824,23.10393719605574
SA,64,0,36,22.402066095607275,25.771906649876556,3.3698405542692824,23.10393719605574
SA,64,0,37,22.402066095607275,25.771906649876556,3.3698405542692824,23.10393719605574
SA,64,0,38,22.402066095607275,25.771906649876556,3.3698405542692824,23.10393719605574
SA,64,0,39,22.402066095607275,25.771906649876556,3.3698405542692824,23.10393719605574
SA,64,0,40,22.402066095607275,25.771906649876556,3.3698405542692824,23.10393719605574
SA,64,0,41,22.402066095607275,25.771906649876556,3.3698405542692824,23.10393719605574
SA,64,0,42,22.402066095607275,25.771906649876556,3.3698405542692824,23.10393719605574
SA,64,0,43,22.402066095607275,25.771906649876556,3.3698405542692824,23.10393719605574
SA,64,0,44,22.402066095607275,25.771906649876556,3.3698405542692824,23.10393719605574
SA,64,0,45,22.402066095607275,25.771906649876556,3.3698405542692824,23.10393719605574
SA,64,0,46,22.402066095607275,25.771906649876556,3.3698405542692824,23.10393719605574
SA,64,0,47,22.402066095607275,25.771906649876556,3.3698405542692824,23.10393719605574
SA,64,0,48,22.402066095607275,25.771906649876556,3.3698405542692824,23.10393719605574
SA,64,0,49,22.402066095607275,25.771906649876556,3.3698405542692824,23.10393719605574
SA,64,0,50,22.402066095607275,25.771906649876556,3.3698405542692824,23.10393719605574
SA,64,1,1,26.145681743185555,33.12004253432014,6.974360791134586,24.594647162294127
SA,64,1,2,23.185373498840846,32.21790470526442,9.03253120642357,25.383742512652027
SA,64,1,3,28.114298063268023,31.16623622580395,3.0519381625359263,23.828399770909616
SA,64,1,4,24.689061646142278,29.755433707525953,5.066372061383675,23.539136800349425
SA,64,1,5,24.689061646142278,29.755433707525953,5.066372061383675,23.539136800349425
SA,64,1,6,21.717585595981266,29.02726164641123,7.309676050429963,23.91303399099947
SA,64,1,7,21.717585595981266,29.02726164641123,7.309676050429963,23.91303399099947
SA,64,1,8,17.86497877475492,27.996729888918747,10.131751114163826,23.139188894461867
SA,64,1,9,17.86497877475492,27.996729888918747,10.131751114163826,23.139188894461867
SA,64,1,10,18.790409399263822,27.691745780309823,8.901336381045999,23.16203194924831
SA,64,1,11,19.299937763714716,27.433882827077,8.133945063362285,22.901797622751815
SA,64,1,12,19.299937763714716,27.433882827077,8.133945063362285,22.901797622751815
SA,64,1,13,19.748782142748293,27.48778764625507,7.739005503506777,22.806095179304865
SA,64,1,14,19.833118243497776,27.297840027381397,7.464721783883621,22.83714651514756
SA,64,1,15,19.833118243497776,27.297840027381397,7.464721783883621,22.83714651514756
SA,64,1,16,20.274229764828174,27.17806196734066,6.903832202512487,22.802104074164156
SA,64,1,17,16.137592975273925,25.795732391574084,9.658139416300157,19.990640639061358
SA,64,1,18,16.063617527422064,25.64056483981034,9.576947312388278,20.37983329835784
SA,64,1,19,20.883054205610954,23.64433076867372,2.7612765630627645,21.25320786089774
SA,64,1,20,21.42209924235664,24.023523476997024,2.601424234640382,20.389139460425483
SA,64,1,21,22.548568685670983,23.35496288703064,0.8063942013596576,20.123931632881966
SA,64,1,22,22.548568685670983,23.35496288703064,0.8063942013596576,20.123931632881966
SA,64,1,23,22.548568685670983,23.35496288703064,0.8063942013596576,20.123931632881966
SA,64,1,24,21.660005614282703,21.02999805974957,-0.6300075545331314,18.097966118865504
SA,64,1,25,21.660005614282703,21.02999805974957,-0.6300075545331314,18.097966118865504
SA,64,1,26,23.21777988145916,20.667539549708348,-2.5502403317508118,18.21204364988689
SA,64,1,27,23.21777988145916,20.667539549708348,-2.5502403317508118,18.21204364988689
SA,64,1,28,23.21777988145916,20.667539549708348,-2.5502403317508118,18.21204364988689
SA,64,1,29,23.21777988145916,20.667539549708348,-2.5502403317508118,18.21204364988689
SA,64,1,30,22.916396443665654,20.289074794862753,-2.6273216488029,18.124540558767574
SA,64,1,31,21.730366188387666,19.012934176402638,-2.7174320119850273,18.441753429879842
SA,64,1,32,29.040952156075015,19.159366146884814,-9.881586009190203,18.501225480077487
SA,64,1,33,29.040952156075015,19.159366146884814,-9.881586009190203,18.501225480077487
SA,64,1,34,30.386901976640793,19.192617489782794,-11.194284486858,18.262281980452467
SA,64,1,35,32.59455591851477,19.16860774067688,-13.425948177837888,18.005377039878677
SA,64,1,36,32.59455591851477,19.16860774067688,-13.425948177837888,18.005377039878677
SA,64,1,37,32.59455591851477,19.16860774067688,-13.425948177837888,18.005377039878677
SA,64,1,38,34.371081888837885,18.91419465922567,-15.456887229612216,17.864304995582877
SA,64,1,39,34.371081888837885,18.91419465922567,-15.456887229612216,17.864304995582877
SA,64,1,40,34.371081888837885,18.91419465922567,-15.456887229612216,17.864304995582877
SA,64,1,41,34.371081888837885,18.91419465922567,-15.456887229612216,17.864304995582877
SA,64,1,42,34.371081888837885,18.91419465922567,-15.456887229612216,17.864304995582877
SA,64,1,43,34.371081888837885,18.91419465922567,-15.456887229612216,17.864304995582877
SA,64,1,44,34.371081888837885,18.91419465922567,-15.456887229612216,17.864304995582877
SA,64,1,45,34.371081888837885,18.91419465922567,-15.456887229612216,17.864304995582877
SA,64,1,46,34.371081888837885,18.91419465922567,-15.456887229612216,17.864304995582877
SA,64,1,47,34.371081888837885,18.91419465922567,-15.456887229612216,17.864304995582877
SA,64,1,48,34.371081888837885,18.91419465922567,-15.456887229612216,17.864304995582877
SA,64,1,49,34.371081888837885,18.91419465922567,-15.456887229612216,17.864304995582877
SA,64,1,50,34.371081888837885,18.91419465922567,-15.456887229612216,17.864304995582877
GA,64,0,1,28.705844048146144,33.52609001768301,4.820245969536868,21.149720233624556
GA,64,0,2,28.705844048146144,27.126529661937887,3.3410789803573198,22.238236051009533
GA,64,0,3,28.705844048146144,25.945075891078577,4.140577670386723,23.538704355403265
GA,64,0,4,28.705844048146144,25.572868105850254,2.5320654228491084,23.56484797371507
GA,64,0,5,28.705844048146144,21.665587405727326,1.489200876400479,20.861157752498073
GA,64,0,6,28.705844048146144,21.31813327126237,-0.16799672353157633,19.213800798656177
GA,64,0,7,28.705844048146144,19.49790079376283,-1.1822630611141485,18.30400577284516
GA,64,0,8,28.705844048146144,16.602766758613473,2.311956387618865,19.133428830315886
GA,64,0,9,28.705844048146144,15.922754991001145,2.8228708603088695,18.89425649731326
GA,64,0,10,12.657033010276933,16.63439685138004,3.9773638411031054,18.424761249165993
GA,64,0,11,13.24465874072431,17.775124846626298,4.530466105901988,17.88373315334691
GA,64,0,12,13.24465874072431,18.742573985491397,5.672496510152789,18.916879174957412
GA,64,0,13,13.24465874072431,18.008804029685734,4.912395703722696,18.306039644607317
GA,64,0,14,15.979612744073284,19.031152497440672,3.0515397533673885,18.8727485164573
GA,64,0,15,16.390209713101935,18.80795220970381,2.4177424966018735,18.731139631110874
GA,64,0,16,16.390209713101935,16.85317046108883,2.030283818544291,16.85771979290473
GA,64,0,17,18.927000183035055,15.95931299022931,-2.967687192805746,18.336691610090316
GA,64,0,18,18.927000183035055,16.94690021801076,1.5937857170716312,16.71307570220406
GA,64,0,19,18.927000183035055,18.91322267310097,1.7608991813164343,18.93898488559617
GA,64,0,20,14.830067692871568,16.91838891497718,2.088321222105611,16.793516115133613
GA,64,0,21,18.08539431885082,17.027521370341933,-1.0578729485088885,18.533051703446024
GA,64,0,22,18.08539431885082,18.826437699919744,4.055189487717835,21.2600045490046
GA,64,0,23,18.08539431885082,18.118192244359555,3.4519600672919886,20.629892342476438
GA,64,0,24,18.08539431885082,17.1942716450416,0.7692391917029081,19.92066420289508
GA,64,0,25,18.08539431885082,13.86457296029478,5.189159206656853,17.336504379405476
GA,64,0,26,18.08539431885082,13.66994604649441,4.7806745693143755,16.746965385265927
GA,64,0,27,18.08539431885082,11.510466943263843,4.525685452120058,12.09381217860684
GA,64,0,28,18.08539431885082,5.248454503664238,1.7481037911832595,11.515816647566645
GA,64,0,29,18.08539431885082,5.601929176382006,1.9988506784816924,10.30279366228024
GA,64,0,30,3.9276175922082377,6.867222545640892,2.9396049534326547,7.949577684452329
GA,64,0,31,0.14545388821677552,6.034697830903818,5.889243942687043,12.596232163920199
GA,64,0,32,0.7774106348715657,6.081980513954889,5.304569879083323,14.005771701833163
GA,64,0,33,0.7774106348715657,6.0097353963599245,5.440564268918119,14.737332940381943
GA,64,0,34,10.701649513126721,-5.035632695219557,-15.737282208346278,13.293179327733299
GA,64,0,35,14.999093753200558,-5.158789202462415,-20.157882955662974,11.222610597111828
GA,64,0,36,14.999093753200558,-14.995979510683002,-16.756669330001966,10.139096595802165
GA,64,0,37,14.999093753200558,-15.670355724154884,-26.326972782009022,10.150562402541166
GA,64,0,38,14.999093753200558,-14.979390265149853,-28.50814544601036,10.29255954778787
GA,64,0,39,14.999093753200558,-14.021201864576414,-20.396724460677234,10.358690729898905
GA,64,0,40,10.656617057854138,-15.670355724154884,-26.326972782009022,10.150562402541166
GA,64,0,41,13.528755180860507,-14.979390265149853,-28.50814544601036,10.29255954778787
GA,64,0,42,13.528755180860507,-15.670355724154884,-26.326972782009022,10.150562402541166
GA,64,0,43,13.528755180860507,-14.979390265149853,-28.50814544601036,10.29255954778787
GA,64,0,44,13.528755180860507,-15.670355724154884,-26.326972782009022,10.150562402541166
GA,64,0,45,14.722867197174494,-13.892772386221683,-28.615639583396177,10.799729430235425
GA,64,0,46,14.722867197174494,-14.979390265149853,-28.50814544601036,10.29255954778787
GA,64,0,47,14.722867197174494,-14.851276875336072,-26.87452457074616,10.478272140094127
GA,64,0,48,14.722867197174494,-15.670355724154884,-26.326972782009022,10.150562402541166
GA,64,0,49,14.722867197174494,-15.670355724154884,-26.326972782009022,10.150562402541166
GA,64,0,50,13.528755180860507,-14.979390265149853,-28.50814544601036,10.29255954778787
GA,64,1,1,28.705844048146144,33.52609001768301,4.820245969536868,21.149720233624556
GA,64,1,2,28.705844048146144,27.58177438122154,5.886289332677706,21.485938709067078
GA,64,1,3,28.705844048146144,27.40337355773921,5.625191158449662,21.146063284623303
GA,64,1,4,28.705844048146144,22.158780268391997,0.38967280426952583,23.199323878017832
GA,64,1,5,28.705844048146144,7.718667867751156,2.3882882643588896,15.122322725010235
GA,64,1,6,28.705844048146144,6.605124292906597,2.8270335073481863,15.307901976337623
GA,64,1,7,28.705844048146144,8.238742721437182,-0.5912579887916724,14.432696474843516
GA,64,1,8,28.705844048146144,3.343321376572016,-1.4722540569768563,14.364575619698478
GA,64,1,9,28.705844048146144,4.185844177459742,-0.9918223036761629,15.031285689205118
GA,64,1,10,5.631238060611785,7.421243730764662,1.7900056701528768,16.079159737000268
GA,64,1,11,4.009686145379099,4.001809745612316,-0.007876399766783967,15.260524982384728
GA,64,1,12,6.883357252527412,6.329389185869429,-0.5539680666579825,10.575746347060395
GA,64,1,13,6.883357252527412,-0.7117694375659313,-0.20245712547889308,8.066641988245017
GA,64,1,14,6.883357252527412,-11.67698162256821,-10.08070749850303,10.510362572561862
GA,64,1,15,8.253433480093562,-9.523343417470844,-17.776776897564407,10.721268557659354
GA,64,1,16,13.528755180860507,-14.979390265149853,-28.50814544601036,10.29255954778787
GA,64,1,17,15.165164893270546,-13.297096423464975,-28.46226131673552,10.220291880875422
GA,64,1,18,15.165164893270546,-14.979390265149853,-28.50814544601036,10.29255954778787
GA,64,1,19,15.165164893270546,-13.088663684077167,-23.582711840158613,10.756068396609713
GA,64,1,20,13.528755180860507,-14.979390265149853,-28.50814544601036,10.29255954778787
GA,64,1,21,2.5475468997437005,-16.028543254125566,-18.576090153869266,10.290119413552038
GA,64,1,22,12.287087272588245,-14.652753300510202,-26.939840573098447,10.147715233657163
GA,64,1,23,13.528755180860507,-14.979390265149853,-28.50814544601036,10.29255954778787
GA,64,1,24,13.528755180860507,-12.2470865214259,-19.929837600440802,10.551892375467578
GA,64,1,25,13.528755180860507,-12.290111153513655,-24.266669221892858,10.251806025875048
GA,64,1,26,13.528755180860507,-14.630469668319446,-20.713568840467627,10.327433404920273
GA,64,1,27,13.528755180860507,-15.670355724154884,-26.326972782009022,10.150562402541166
GA,64,1,28,13.528755180860507,-19.27227781710574,-22.057349267867124,10.123170658400042
GA,64,1,29,13.528755180860507,-14.979390265149853,-28.50814544601036,10.29255954778787
GA,64,1,30,10.656617057854138,-15.670355724154884,-26.326972782009022,10.150562402541166
GA,64,1,31,13.528755180860507,-14.979390265149853,-28.50814544601036,10.29255954778787
GA,64,1,32,13.528755180860507,-15.670355724154884,-26.326972782009022,10.150562402541166
GA,64,1,33,15.105685572962004,-13.601328950428451,-28.707014523390455,10.1748213637008
GA,64,1,34,15.105685572962004,-13.754565376819636,-21.6204686657349,10.48058551243371
GA,64,1,35,15.105685572962004,-14.979390265149853,-28.50814544601036,10.29255954778787
GA,64,1,36,15.105685572962004,-15.670355724154884,-26.326972782009022,10.150562402541166
GA,64,1,37,15.105685572962004,-12.67314872855634,-25.406476279618445,10.598432466072927
GA,64,1,38,15.105685572962004,-15.670355724154884,-26.326972782009022,10.150562402541166
GA,64,1,39,15.105685572962004,-12.729395663909166,-25.29865945604656,10.59651256091201
GA,64,1,40,10.656617057854138,-15.670355724154884,-26.326972782009022,10.150562402541166
GA,64,1,41,13.528755180860507,-14.979390265149853,-28.50814544601036,10.29255954778787
GA,64,1,42,13.528755180860507,-15.670355724154884,-26.326972782009022,10.150562402541166
GA,64,1,43,13.528755180860507,-14.979390265149853,-28.50814544601036,10.29255954778787
GA,64,1,44,13.528755180860507,-15.670355724154884,-26.326972782009022,10.150562402541166
GA,64,1,45,13.528755180860507,-12.967589470262196,-25.432571321767245,10.424975116180404
GA,64,1,46,13.528755180860507,-16.59257393613612,-24.46980723207032,10.179104780292851
GA,64,1,47,13.528755180860507,-12.886599326320297,-23.75692884914871,10.472992056347788
GA,64,1,48,13.528755180860507,-15.670355724154884,-26.326972782009022,10.150562402541166
GA,64,1,49,13.528755180860507,-12.808066244524705,-25.1365191951456,10.589449504299289
GA,64,1,50,10.656617057854138,-15.670355724154884,-26.326972782009022,10.150562402541166
PSO,64,0,1,28.705844048146144,33.52609001768301,4.820245969536868,21.149720233624556
PSO,64,0,2,28.705844048146144,27.126529661937887,3.3410789803573198,22.238236051009533
PSO,64,0,3,28.705844048146144,25.945075891078577,4.140577670386723,23.538704355403265
PSO,64,0,4,28.705844048146144,25.572868105850254,2.5320654228491084,23.56484797371507
PSO,64,0,5,28.705844048146144,21.665587405727326,1.489200876400479,20.861157752498073
PSO,64,0,6,28.705844048146144,21.31813327126237,-0.16799672353157633,19.213800798656177
PSO,64,0,7,28.705844048146144,19.49790079376283,-1.1822630611141485,18.30400577284516
PSO,64,0,8,28.705844048146144,16.602766758613473,2.311956387618865,19.133428830315886
PSO,64,0,9,28.705844048146144,15.922754991001145,2.8228708603088695,18.89425649731326
PSO,64,0,10,28.705844048146144,16.63439685138004,3.9773638411031054,18.424761249165993
PSO,64,0,11,28.705844048146144,18.880728939669897,6.808205894884907,22.359944501383534
PSO,64,0,12,28.705844048146144,19.042620772354585,5.775474613485165,22.04729093554816
PSO,64,0,13,28.705844048146144,18.855848152227836,4.9774818790175805,21.328729973620945
PSO,64,0,14,28.705844048146144,18.295202475494932,3.212689041134793,21.337386100039502
PSO,64,0,15,28.705844048146144,18.68500065371381,3.1905647344683588,21.535725184147946
PSO,64,0,16,28.705844048146144,17.519326979170945,2.1855331212473597,19.745445002932367
PSO,64,0,17,28.705844048146144,17.400063058078572,6.06585715225516,18.699110102426253
PSO,64,0,18,28.705844048146144,16.97392875317935,4.672954460938389,18.89553882047551
PSO,64,0,19,28.705844048146144,16.749640798600232,3.854742548575849,18.84932706634409
PSO,64,0,20,28.705844048146144,16.65965616185321,3.687783093712168,18.169694060891867
PSO,64,0,21,28.705844048146144,16.596330320311054,3.3839108899976913,17.363416177447768
PSO,64,0,22,28.705844048146144,14.624034206858575,0.36220816894862445,15.76880838126815
PSO,64,0,23,28.705844048146144,14.608583152955049,-0.19049403310280733,15.609682199656984
PSO,64,0,24,28.705844048146144,12.101985104359445,4.5470346232775505,14.341635379457818
PSO,64,0,25,28.705844048146144,11.805170149675055,2.2029947545538864,14.343209165854296
PSO,64,0,26,28.705844048146144,10.165326178471869,0.029166761974107572,11.71600428269847
PSO,64,0,27,28.705844048146144,3.369006220146135,-3.004261098202644,10.320573253457654
PSO,64,0,28,28.705844048146144,1.6034714628547926,-1.0820326038124117,11.584438655885446
PSO,64,0,29,28.705844048146144,1.750784418121762,-0.8230281100257245,11.678985591988793
PSO,64,0,30,28.705844048146144,0.9264988570309562,-0.6884730859619538,10.913471081308067
PSO,64,0,31,28.705844048146144,0.834985149453547,-1.513383032762481,11.393412281596927
PSO,64,0,32,28.705844048146144,-2.40400833685706,-2.608065654566042,8.141661204459336
PSO,64,0,33,28.705844048146144,-2.7797374657878198,-2.6004761848019298,8.529048068429573
PSO,64,0,34,28.705844048146144,-1.2878520443664585,-3.3511169074584433,9.861384192252958
PSO,64,0,35,28.705844048146144,-1.2148239003193397,-2.983595928534465,10.132995472287822
PSO,64,0,36,28.705844048146144,-0.8506119359967339,-3.0459033023275452,10.085247626895999
PSO,64,0,37,28.705844048146144,-9.1371335580683,-15.312644382071914,10.453513859150602
PSO,64,0,38,28.705844048146144,-12.762678244795518,-19.412247307063435,10.620282112451282
PSO,64,0,39,28.705844048146144,-15.486567067175276,-16.98452407558058,10.436270276334183
PSO,64,0,40,28.705844048146144,-13.036041067706137,-22.21108956258327,10.870077795790005
PSO,64,0,41,28.705844048146144,-11.853902128935223,-27.690273440406695,11.368627942710926
PSO,64,0,42,28.705844048146144,-13.614943404494912,-18.788760382438593,11.127788565207526
PSO,64,0,43,28.705844048146144,-11.530057392797758,-20.898235602568324,10.714508626842822
PSO,64,0,44,28.705844048146144,-9.560214078016982,-19.668420454039605,11.731557630907684
PSO,64,0,45,28.705844048146144,-5.754614728909901,-16.360213030976176,12.953676664927283
PSO,64,0,46,28.705844048146144,-6.0713919181907485,-14.066661181945824,12.13493997320426
PSO,64,0,47,28.705844048146144,-4.899708513186585,-12.948815404181621,10.854502115759836
PSO,64,0,48,28.705844048146144,-5.7219044729215724,-14.315894431977938,10.747353220200003
PSO,64,0,49,28.705844048146144,-3.570111912540095,-13.638542705473865,11.884483989142986
PSO,64,0,50,28.705844048146144,0.1618898761507576,-11.083098071008648,12.877086725090015
PSO,64,1,1,28.705844048146144,33.52609001768301,4.820245969536868,21.149720233624556
PSO,64,1,2,28.705844048146144,27.58177438122154,5.886289332677706,21.485938709067078
PSO,64,1,3,28.705844048146144,27.40337355773921,5.625191158449662,21.146063284623303
PSO,64,1,4,28.705844048146144,22.158780268391997,0.38967280426952583,23.199323878017832
PSO,64,1,5,28.705844048146144,7.718667867751156,2.3882882643588896,15.122322725010235
PSO,64,1,6,28.705844048146144,6.605124292906597,2.8270335073481863,15.307901976337623
PSO,64,1,7,28.705844048146144,8.238742721437182,-0.5912579887916724,14.432696474843516
PSO,64,1,8,28.705844048146144,3.343321376572016,-1.4722540569768563,14.364575619698478
PSO,64,1,9,28.705844048146144,4.185844177459742,-0.9918223036761629,15.031285689205118
PSO,64,1,10,28.705844048146144,7.421243730764662,1.7900056701528768,16.079159737000268
PSO,64,1,11,28.705844048146144,-2.2650058725862245,-0.38239630915016076,10.970963826512346
PSO,64,1,12,28.705844048146144,-0.049532839721220794,-2.3638055407479235,10.403990038671932
PSO,64,1,13,28.705844048146144,-5.062250221298824,-0.5834993997107246,11.22909824776797
PSO,64,1,14,28.705844048146144,-12.299307334097879,2.872857887812047,9.630673880509752
PSO,64,1,15,28.705844048146144,-17.964183694868726,0.2851514055719169,11.564966154864504
PSO,64,1,16,28.705844048146144,-2.091376638599716,-0.47139810773681984,10.801747625365843
PSO,64,1,17,28.705844048146144,-1.6755811644155372,-1.3017317504476926,9.805927058990115
PSO,64,1,18,28.705844048146144,-4.064642998632197,1.7425274277824185,9.76948235096636
PSO,64,1,19,28.705844048146144,-5.347673984198367,-1.0393160943736939,11.151239207250882
PSO,64,1,20,28.705844048146144,-1.1437112168102435,-1.797356850188595,10.895040980413404
PSO,64,1,21,28.705844048146144,-0.7114730234380675,-2.618872034905662,10.725064737141217
PSO,64,1,22,28.705844048146144,-0.44066874768705383,-2.894354821229738,10.80003746183053
PSO,64,1,23,28.705844048146144,-0.5228739592490128,-2.5518654292053493,9.84250869166906
PSO,64,1,24,28.705844048146144,-1.7680154207039402,0.3254388235660903,9.052809765261742
PSO,64,1,25,28.705844048146144,-1.7438114877883581,-2.1578477885182665,10.456699860020128
PSO,64,1,26,28.705844048146144,-0.4398533038926277,-2.6973852148339805,10.394132944766092
PSO,64,1,27,28.705844048146144,-0.24771419855354598,-4.107360832184862,11.274804438750191
PSO,64,1,28,28.705844048146144,-1.5194269103592983,-1.962517461879662,7.750657272961368
PSO,64,1,29,28.705844048146144,-0.13660748031706482,0.66337376787582,10.270246449832253
PSO,64,1,30,28.705844048146144,-9.547580147443227,-19.597036769468406,10.383560128757857
PSO,64,1,31,28.705844048146144,-6.505051645364389,-14.744647915938174,10.341141997538026
PSO,64,1,32,28.705844048146144,-10.174456692548134,-13.620893353566581,10.96494817507126
PSO,64,1,33,28.705844048146144,-6.002817910060658,-16.682040504966967,10.950558335566814
PSO,64,1,34,28.705844048146144,-2.4834786095126944,-14.898508187419862,12.04643664620299
PSO,64,1,35,28.705844048146144,-15.829743346448941,-19.745656827536376,10.206154044460003
PSO,64,1,36,28.705844048146144,-12.906090969273178,-23.96935697192292,10.534038525451166
PSO,64,1,37,28.705844048146144,-14.364685435930014,-26.403746256051516,10.900962760146719
PSO,64,1,38,28.705844048146144,-10.021448351628502,-21.50694983355613,11.832481028687631
PSO,64,1,39,28.705844048146144,-15.795359205299446,-28.788004603088808,10.738498851486371
PSO,64,1,40,28.705844048146144,-13.837305070461719,-29.483400957567266,10.996555784086453
PSO,64,1,41,28.705844048146144,-14.502652225549726,-21.091774670380996,10.39822277223093
PSO,64,1,42,28.705844048146144,-14.086119794026226,-20.090228805191007,10.370018191612038
PSO,64,1,43,28.705844048146144,-12.172929611711488,-20.689257337191133,10.476807801892175
PSO,64,1,44,28.705844048146144,-11.200118953781653,-20.861092275698038,11.377005388438848
PSO,64,1,45,28.705844048146144,-10.70597927583572,-25.706985230093085,11.203319554360995
PSO,64,1,46,28.705844048146144,-11.771928684306285,-27.373702822456128,10.436026772176001
PSO,64,1,47,28.705844048146144,-12.070475274931452,-32.87345892851216,10.556002856825625
PSO,64,1,48,28.705844048146144,-10.134199157913672,-21.24165733916687,11.841370030241977
PSO,64,1,49,28.705844048146144,-11.736591339380627,-20.702221533223803,10.534023659922973
PSO,64,1,50,28.705844048146144,-8.241886640049124,-18.85033261775503,11.014994708217298
AP-Only,64,0,1,27.44945132857615,33.538345383697816,6.088894055121667,21.219496296599377
AP-Only,64,0,2,23.956130256731456,33.33831606133889,9.382185804607431,21.866432091077243
AP-Only,64,0,3,19.221199287871443,32.55979078428988,13.338591496418436,23.754123496676563
AP-Only,64,0,4,18.817421666315745,32.179986413840666,13.362564747524921,24.142045297643033
AP-Only,64,0,5,18.977998531759923,32.1951259968288,13.217127465068879,23.830041111052367
AP-Only,64,0,6,19.144523653336122,32.019913150855714,12.875389497519594,23.417365724269814
AP-Only,64,0,7,19.280024495650736,32.02456675350283,12.744542257852094,23.172989805982546
AP-Only,64,0,8,19.38437918596979,32.02833531306074,12.643956127090945,22.955967822471305
AP-Only,64,0,9,19.496373977246783,32.03311007835364,12.536736101106854,22.72827491548221
AP-Only,64,0,10,19.632913878378872,32.034568902769,12.401655024390132,22.49982509796162
AP-Only,64,0,11,19.742271765819417,32.03788355045291,12.295611784633493,22.284171749094092
AP-Only,64,0,12,19.915545956619532,32.03725391496892,12.12170795834939,22.066741129765735
AP-Only,64,0,13,20.13360522725403,32.03557261114695,11.901967383892917,21.87367814979499
AP-Only,64,0,14,20.381733455672872,32.036347353345406,11.654613897672533,21.694804675364885
AP-Only,64,0,15,20.710268151522605,32.03444812822228,11.324179976699677,21.557518063648207
AP-Only,64,0,16,21.125573458428285,32.03109320255976,10.905519744131476,21.428121067038628
AP-Only,64,0,17,21.64730058708429,32.02471705038078,10.377416463296493,21.32455898529818
AP-Only,64,0,18,22.281576959004965,32.021280542091965,9.739703583086998,21.20090878676455
AP-Only,64,0,19,23.08672631748651,32.026284202943145,8.939557885456637,21.099418373353323
AP-Only,64,0,20,24.017646689345504,32.02881963988553,8.011172950540027,21.02145082464974
AP-Only,64,0,21,25.155496426433427,32.03035914228344,6.8748627158500115,20.953939489863668
AP-Only,64,0,22,26.817298319570522,32.0327779270927,5.215479607522181,20.88908717708588
AP-Only,64,0,23,29.18390154972762,32.038083968113476,2.8541824183858586,20.832895813311442
AP-Only,64,0,24,29.825420769387904,32.039867360798176,2.2144465914102724,20.793126935609788
AP-Only,64,0,25,28.49957133497565,32.03873825870954,3.539166923733896,20.76639821001581
AP-Only,64,0,26,27.40647360197149,32.03687003952945,4.630396437557956,20.737202532468856
AP-Only,64,0,27,26.673257151534113,32.03329184284962,5.360034691315508,20.696650271256367
AP-Only,64,0,28,26.07170089606286,32.028945696200424,5.957244800137562,20.651340996482848
AP-Only,64,0,29,25.244475887136886,32.021788578032485,6.777312690895598,20.589522625941417
AP-Only,64,0,30,24.875138683742204,32.021028685392004,7.145890001649801,20.52301591511589
AP-Only,64,0,31,24.51451110042418,32.02009989824955,7.505588797825367,20.45399578522918
AP-Only,64,0,32,24.17011880329488,32.016863439368734,7.846744636073853,20.38635261989762
AP-Only,64,0,33,23.94253544535797,32.012384538319004,8.069849092961038,20.342359088167655
AP-Only,64,0,34,23.53492718795664,32.0068020179404,8.471874829983763,20.28528517731742
AP-Only,64,0,35,23.295529481164486,32.00010505633815,8.704575575173664,20.23995981231237
AP-Only,64,0,36,23.035864240576018,31.99334390291918,8.957479662343163,20.19365570071151
AP-Only,64,0,37,22.80705716761799,31.987882225190813,9.18082505757282,20.139221254162937
AP-Only,64,0,38,22.631391926526078,31.98332187603773,9.351929949511655,20.10328463684572
AP-Only,64,0,39,22.53516687733726,31.981682384992606,9.446515507655347,20.07235687527988
AP-Only,64,0,40,22.47137667967757,31.9816765313092,9.51029985163163,20.03837333518338
AP-Only,64,0,41,22.47064158557631,31.98102013973864,9.51037855416233,20.011360674865646
AP-Only,64,0,42,22.458514279016036,31.981059701319037,9.522545422303002,19.983412347197948
AP-Only,64,0,43,22.490023227491918,31.98348585456297,9.493462627071052,19.979988508353394
AP-Only,64,0,44,22.494979544336445,31.98459233556088,9.489612791224436,19.96287534383545
AP-Only,64,0,45,22.479336152856725,31.98452113083842,9.505184977981694,19.937243589701183
AP-Only,64,0,46,22.482928828931946,31.983857732043575,9.50092890311163,19.911707843182352
AP-Only,64,0,47,22.546876819178415,31.98111931392433,9.434242494745918,19.8912618694262
AP-Only,64,0,48,22.585502978011334,31.982012227437572,9.396509249426236,19.88286360691676
AP-Only,64,0,49,22.614130456583908,31.98152503234581,9.367394575761905,19.864801453967026
AP-Only,64,0,50,22.63504865577072,31.98256652261701,9.347517866846289,19.8535284065318
AP-Only,64,1,1,27.44945132857615,33.538345383697816,6.088894055121667,21.219496296599377
AP-Only,64,1,2,23.956130256731456,33.33831606133889,9.382185804607431,21.866432091077243
AP-Only,64,1,3,19.221199287871443,32.55979078428988,13.338591496418436,23.754123496676563
AP-Only,64,1,4,18.817421666315745,32.179986413840666,13.362564747524921,24.142045297643033
AP-Only,64,1,5,18.977998531759923,32.1951259968288,13.217127465068879,23.830041111052367
AP-Only,64,1,6,19.144523653336122,32.019913150855714,12.875389497519594,23.417365724269814
AP-Only,64,1,7,19.280024495650736,32.02456675350283,12.744542257852094,23.172989805982546
AP-Only,64,1,8,19.38437918596979,32.02833531306074,12.643956127090945,22.955967822471305
AP-Only,64,1,9,19.496373977246783,32.03311007835364,12.536736101106854,22.72827491548221
AP-Only,64,1,10,19.632913878378872,32.034568902769,12.401655024390132,22.49982509796162
AP-Only,64,1,11,19.742271765819417,32.03788355045291,12.295611784633493,22.284171749094092
AP-Only,64,1,12,19.915545956619532,32.03725391496892,12.12170795834939,22.066741129765735
AP-Only,64,1,13,20.13360522725403,32.03557261114695,11.901967383892917,21.87367814979499
AP-Only,64,1,14,20.381733455672872,32.036347353345406,11.654613897672533,21.694804675364885
AP-Only,64,1,15,20.710268151522605,32.03444812822228,11.324179976699677,21.557518063648207
AP-Only,64,1,16,21.125573458428285,32.03109320255976,10.905519744131476,21.428121067038628
AP-Only,64,1,17,21.64730058708429,32.02471705038078,10.377416463296493,21.32455898529818
AP-Only,64,1,18,22.281576959004965,32.021280542091965,9.739703583086998,21.20090878676455
AP-Only,64,1,19,23.08672631748651,32.026284202943145,8.939557885456637,21.099418373353323
AP-Only,64,1,20,24.017646689345504,32.02881963988553,8.011172950540027,21.02145082464974
AP-Only,64,1,21,25.155496426433427,32.03035914228344,6.8748627158500115,20.953939489863668
AP-Only,64,1,22,26.817298319570522,32.0327779270927,5.215479607522181,20.88908717708588
AP-Only,64,1,23,29.18390154972762,32.038083968113476,2.8541824183858586,20.832895813311442
AP-Only,64,1,24,29.825420769387904,32.039867360798176,2.2144465914102724,20.793126935609788
AP-Only,64,1,25,28.49957133497565,32.03873825870954,3.539166923733896,20.76639821001581
AP-Only,64,1,26,27.40647360197149,32.03687003952945,4.630396437557956,20.737202532468856
AP-Only,64,1,27,26.673257151534113,32.03329184284962,5.360034691315508,20.696650271256367
AP-Only,64,1,28,26.07170089606286,32.028945696200424,5.957244800137562,20.651340996482848
AP-Only,64,1,29,25.244475887136886,32.021788578032485,6.777312690895598,20.589522625941417
AP-Only,64,1,30,24.875138683742204,32.021028685392004,7.145890001649801,20.52301591511589
AP-Only,64,1,31,24.51451110042418,32.02009989824955,7.505588797825367,20.45399578522918
AP-Only,64,1,32,24.17011880329488,32.016863439368734,7.846744636073853,20.38635261989762
AP-Only,64,1,33,23.94253544535797,32.012384538319004,8.069849092961038,20.342359088167655
AP-Only,64,1,34,23.53492718795664,32.0068020179404,8.471874829983763,20.28528517731742
AP-Only,64,1,35,23.295529481164486,32.00010505633815,8.704575575173664,20.23995981231237
AP-Only,64,1,36,23.035864240576018,31.99334390291918,8.957479662343163,20.19365570071151
AP-Only,64,1,37,22.80705716761799,31.987882225190813,9.18082505757282,20.139221254162937
AP-Only,64,1,38,22.631391926526078,31.98332187603773,9.351929949511655,20.10328463684572
AP-Only,64,1,39,22.53516687733726,31.981682384992606,9.446515507655347,20.07235687527988
AP-Only,64,1,40,22.47137667967757,31.9816765313092,9.51029985163163,20.03837333518338
AP-Only,64,1,41,22.47064158557631,31.98102013973864,9.51037855416233,20.011360674865646
AP-Only,64,1,42,22.458514279016036,31.981059701319037,9.522545422303002,19.983412347197948
AP-Only,64,1,43,22.490023227491918,31.98348585456297,9.493462627071052,19.979988508353394
AP-Only,64,1,44,22.494979544336445,31.98459233556088,9.489612791224436,19.96287534383545
AP-Only,64,1,45,22.479336152856725,31.98452113083842,9.505184977981694,19.937243589701183
AP-Only,64,1,46,22.482928828931946,31.983857732043575,9.50092890311163,19.911707843182352
AP-Only,64,1,47,22.546876819178415,31.98111931392433,9.434242494745918,19.8912618694262
AP-Only,64,1,48,22.585502978011334,31.982012227437572,9.396509249426236,19.88286360691676
AP-Only,64,1,49,22.614130456583908,31.98152503234581,9.367394575761905,19.864801453967026
AP-Only,64,1,50,22.63504865577072,31.98256652261701,9.347517866846289,19.8535284065318
PGD-Baseline,64,0,1,28.705844048146144,33.52609001768301,4.820245969536868,21.149720233624556
PGD-Baseline,64,0,2,24.93881313677624,33.31712651519191,8.378313378415669,21.799747520211653
PGD-Baseline,64,0,3,20.222002722446845,32.39893142658651,12.17692870413966,24.052494684320557
PGD-Baseline,64,0,4,19.60040563717682,32.108990832342855,12.508585195166035,24.40294706686832
PGD-Baseline,64,0,5,22.924913814263988,31.72388756327972,8.798973749015731,24.598664356316803
PGD-Baseline,64,0,6,16.88354347202023,30.86478171376447,13.981238241744242,22.406550251627287
PGD-Baseline,64,0,7,16.915438361236788,30.86920299752704,13.953764636290254,22.195889466194423
PGD-Baseline,64,0,8,16.92093740650361,30.873790222013298,13.952852815509686,22.04679597414346
PGD-Baseline,64,0,9,16.933954464648806,30.88191480469561,13.947960340046805,21.92277524536437
PGD-Baseline,64,0,10,16.949950429139868,30.88644692530203,13.936496496162164,21.80113569639948
PGD-Baseline,64,0,11,16.952375876623726,30.897403112566444,13.945027235942717,21.608389273390138
PGD-Baseline,64,0,12,16.986872023147413,30.905702241004448,13.918830217857035,21.459077952606012
PGD-Baseline,64,0,13,17.03559675019413,30.912024985651186,13.876428235457057,21.303201531576008
PGD-Baseline,64,0,14,17.140737008018057,30.919090069105927,13.77835306108787,21.20459352121294
PGD-Baseline,64,0,15,17.261523587876127,30.92860235841099,13.667078770534863,21.074802703164476
PGD-Baseline,64,0,16,17.353730093577777,30.936957554232794,13.583227460655017,20.98399231827689
PGD-Baseline,64,0,17,17.520244613503998,30.94759504269375,13.42735042918975,20.91255911718402
PGD-Baseline,64,0,18,17.73465013559185,30.95443455866393,13.21978442307208,20.85390244583757
PGD-Baseline,64,0,19,17.91628484027303,30.961505306391782,13.045220466118755,20.72702244749744
PGD-Baseline,64,0,20,18.13938823309789,30.969848954980463,12.830460721882574,20.62923281825502
PGD-Baseline,64,0,21,18.41653585118454,30.98060881762219,12.564072966437648,20.55861073037507
PGD-Baseline,64,0,22,18.753955252464223,30.98853833297868,12.23458308051446,20.54883569114162
PGD-Baseline,64,0,23,19.053030985074685,30.999036855259796,11.94600587018511,20.452475763609755
PGD-Baseline,64,0,24,19.28364377859196,31.006843733568434,11.723199954976478,20.392180746934937
PGD-Baseline,64,0,25,19.475469175124,31.014463912706187,11.538994737582186,20.361836092208666
PGD-Baseline,64,0,26,19.74302391399072,31.020213569831256,11.27718965584054,20.317339077701515
PGD-Baseline,64,0,27,19.95799469481286,31.026997299674846,11.069002604861984,20.27350914667053
PGD-Baseline,64,0,28,20.2486527409257,31.04421112542898,10.79555838450328,20.257713808673657
PGD-Baseline,64,0,29,20.54274738486363,31.059524554751242,10.516777169887613,20.23433230518401
PGD-Baseline,64,0,30,20.743148421040928,31.06220110580647,10.31905268476554,20.18273786410561
PGD-Baseline,64,0,31,20.935749607104583,31.065042636035116,10.129293028930535,20.135088827457142
PGD-Baseline,64,0,32,21.131072894051407,31.068116398213128,9.937043504161721,20.089825635816897
PGD-Baseline,64,0,33,21.306345538529378,31.072786415152365,9.766440876622985,20.05602716152594
PGD-Baseline,64,0,34,21.481910832922072,31.08020425398685,9.598293421064778,20.02099192829511
PGD-Baseline,64,0,35,21.74768424430203,31.092194439937582,9.344510195635555,20.01267137572499
PGD-Baseline,64,0,36,21.916038598992056,31.095846686726254,9.179808087734198,19.974853293920855
PGD-Baseline,64,0,37,22.096599861556605,31.099944761090107,9.003344899533502,19.937380648947624
PGD-Baseline,64,0,38,22.284024960768726,31.103442171016276,8.819417210247552,19.895718003935507
PGD-Baseline,64,0,39,22.440445397448592,31.10457190085004,8.664126503401448,19.857877255271127
PGD-Baseline,64,0,40,22.604812957460037,31.107014992663853,8.502202035203815,19.81519432484431
PGD-Baseline,64,0,41,22.88349646539168,31.117819971821675,8.234323506429993,19.805125165393463
PGD-Baseline,64,0,42,23.050937535777578,31.11820302367818,8.067265487900604,19.76629605133635
PGD-Baseline,64,0,43,23.38162974168793,31.12765114571355,7.74602140402562,19.744251197369053
PGD-Baseline,64,0,44,23.46287131614849,31.124005874518083,7.661134558369594,19.675415003706064
PGD-Baseline,64,0,45,23.580995121170492,31.12344474257715,7.542449621406658,19.624873088054407
PGD-Baseline,64,0,46,23.84753100445217,31.132445444137726,7.284914439685559,19.610831660004607
PGD-Baseline,64,0,47,23.967014942483956,31.131272370272548,7.164257427788591,19.54277022842249
PGD-Baseline,64,0,48,24.108578569803083,31.129774463855092,7.021195894052009,19.487006486045253
PGD-Baseline,64,0,49,24.27447990769056,31.131463899470507,6.8569839917799476,19.447432000246607
PGD-Baseline,64,0,50,24.472379635193448,31.134540368409045,6.662160733215596,19.414565995466717
PGD-Baseline,64,1,1,28.705844048146144,33.52609001768301,4.820245969536868,21.149720233624556
PGD-Baseline,64,1,2,24.93881313677624,33.31712651519191,8.378313378415669,21.799747520211653
PGD-Baseline,64,1,3,20.222002722446845,32.39893142658651,12.17692870413966,24.052494684320557
PGD-Baseline,64,1,4,19.60040563717682,32.108990832342855,12.508585195166035,24.40294706686832
PGD-Baseline,64,1,5,22.924913814263988,31.72388756327972,8.798973749015731,24.598664356316803
PGD-Baseline,64,1,6,16.88354347202023,30.86478171376447,13.981238241744242,22.406550251627287
PGD-Baseline,64,1,7,16.915438361236788,30.86920299752704,13.953764636290254,22.195889466194423
PGD-Baseline,64,1,8,16.92093740650361,30.873790222013298,13.952852815509686,22.04679597414346
PGD-Baseline,64,1,9,16.933954464648806,30.88191480469561,13.947960340046805,21.92277524536437
PGD-Baseline,64,1,10,16.949950429139868,30.88644692530203,13.936496496162164,21.80113569639948
PGD-Baseline,64,1,11,16.952375876623726,30.897403112566444,13.945027235942717,21.608389273390138
PGD-Baseline,64,1,12,16.986872023147413,30.905702241004448,13.918830217857035,21.459077952606012
PGD-Baseline,64,1,13,17.03559675019413,30.912024985651186,13.876428235457057,21.303201531576008
PGD-Baseline,64,1,14,17.140737008018057,30.919090069105927,13.77835306108787,21.20459352121294
PGD-Baseline,64,1,15,17.261523587876127,30.92860235841099,13.667078770534863,21.074802703164476
PGD-Baseline,64,1,16,17.353730093577777,30.936957554232794,13.583227460655017,20.98399231827689
PGD-Baseline,64,1,17,17.520244613503998,30.94759504269375,13.42735042918975,20.91255911718402
PGD-Baseline,64,1,18,17.73465013559185,30.95443455866393,13.21978442307208,20.85390244583757
PGD-Baseline,64,1,19,17.91628484027303,30.961505306391782,13.045220466118755,20.72702244749744
PGD-Baseline,64,1,20,18.13938823309789,30.969848954980463,12.830460721882574,20.62923281825502
PGD-Baseline,64,1,21,18.41653585118454,30.98060881762219,12.564072966437648,20.55861073037507
PGD-Baseline,64,1,22,18.753955252464223,30.98853833297868,12.23458308051446,20.54883569114162
PGD-Baseline,64,1,23,19.053030985074685,30.999036855259796,11.94600587018511,20.452475763609755
PGD-Baseline,64,1,24,19.28364377859196,31.006843733568434,11.723199954976478,20.392180746934937
PGD-Baseline,64,1,25,19.475469175124,31.014463912706187,11.538994737582186,20.361836092208666
PGD-Baseline,64,1,26,19.74302391399072,31.020213569831256,11.27718965584054,20.317339077701515
PGD-Baseline,64,1,27,19.95799469481286,31.026997299674846,11.069002604861984,20.27350914667053
PGD-Baseline,64,1,28,20.2486527409257,31.04421112542898,10.79555838450328,20.257713808673657
PGD-Baseline,64,1,29,20.54274738486363,31.059524554751242,10.516777169887613,20.23433230518401
PGD-Baseline,64,1,30,20.743148421040928,31.06220110580647,10.31905268476554,20.18273786410561
PGD-Baseline,64,1,31,20.935749607104583,31.065042636035116,10.129293028930535,20.135088827457142
PGD-Baseline,64,1,32,21.131072894051407,31.068116398213128,9.937043504161721,20.089825635816897
PGD-Baseline,64,1,33,21.306345538529378,31.072786415152365,9.766440876622985,20.05602716152594
PGD-Baseline,64,1,34,21.481910832922072,31.08020425398685,9.598293421064778,20.02099192829511
PGD-Baseline,64,1,35,21.74768424430203,31.092194439937582,9.344510195635555,20.01267137572499
PGD-Baseline,64,1,36,21.916038598992056,31.095846686726254,9.179808087734198,19.974853293920855
PGD-Baseline,64,1,37,22.096599861556605,31.099944761090107,9.003344899533502,19.937380648947624
PGD-Baseline,64,1,38,22.284024960768726,31.103442171016276,8.819417210247552,19.895718003935507
PGD-Baseline,64,1,39,22.440445397448592,31.10457190085004,8.664126503401448,19.857877255271127
PGD-Baseline,64,1,40,22.604812957460037,31.107014992663853,8.502202035203815,19.81519432484431
PGD-Baseline,64,1,41,22.88349646539168,31.117819971821675,8.234323506429993,19.805125165393463
PGD-Baseline,64,1,42,23.050937535777578,31.11820302367818,8.067265487900604,19.76629605133635
PGD-Baseline,64,1,43,23.38162974168793,31.12765114571355,7.74602140402562,19.744251197369053
PGD-Baseline,64,1,44,23.46287131614849,31.124005874518083,7.661134558369594,19.675415003706064
PGD-Baseline,64,1,45,23.580995121170492,31.12344474257715,7.542449621406658,19.624873088054407
PGD-Baseline,64,1,46,23.84753100445217,31.132445444137726,7.284914439685559,19.610831660004607
PGD-Baseline,64,1,47,23.967014942483956,31.131272370272548,7.164257427788591,19.54277022842249
PGD-Baseline,64,1,48,24.108578569803083,31.129774463855092,7.021195894052009,19.487006486045253
PGD-Baseline,64,1,49,24.27447990769056,31.131463899470507,6.8569839917799476,19.447432000246607
PGD-Baseline,64,1,50,24.472379635193448,31.134540368409045,6.662160733215596,19.414565995466717
Strain-Guided Pipeline,256,0,1,-2.3009003806725294,-2.0881946151230175,0.21270576554951207,21.654547378535245
Strain-Guided Pipeline,256,0,2,2.1334795682968877,6.059148469367168,3.92566890107028,22.320142480198083
Strain-Guided Pipeline,256,0,3,11.885037151829053,6.77766272318033,-5.107374428648723,18.537464318721057
Strain-Guided Pipeline,256,0,4,11.885037151829053,6.77766272318033,-5.107374428648723,18.537464318721057
Strain-Guided Pipeline,256,0,5,11.885037151829053,6.77766272318033,-5.107374428648723,18.537464318721057
Strain-Guided Pipeline,256,0,6,11.885037151829053,6.77766272318033,-5.107374428648723,18.537464318721057
Strain-Guided Pipeline,256,0,7,11.885037151829053,6.77766272318033,-5.107374428648723,18.537464318721057
Strain-Guided Pipeline,256,0,8,11.885037151829053,6.77766272318033,-5.107374428648723,18.537464318721057
Strain-Guided Pipeline,256,0,9,12.772801480682194,10.036126758895312,-2.736674721786882,19.704737534893837
Strain-Guided Pipeline,256,0,10,12.51267243868119,11.747113458215232,-0.7655589804659568,22.70005229207449
Strain-Guided Pipeline,256,0,11,8.001859550062504,10.256928722881543,2.2550691728190397,24.544628807126237
Strain-Guided Pipeline,256,0,12,6.976372178372035,9.971525113326917,2.9951529349548824,24.40611850051878
Strain-Guided Pipeline,256,0,13,7.287017519388483,8.682105227674956,1.3950877082864734,20.991583206059556
Strain-Guided Pipeline,256,0,14,6.305562130519239,8.083074203185813,1.777512072666574,19.206493335832548
Strain-Guided Pipeline,256,0,15,5.45928372323598,7.083221309720521,1.6239375864845416,18.27941165768862
Strain-Guided Pipeline,256,0,16,5.785424166318588,5.893467149374631,0.10804298305604328,21.40809617992078
Strain-Guided Pipeline,256,0,17,7.592459856761173,6.874015321897618,-0.7184445348635554,22.112900567772826
Strain-Guided Pipeline,256,0,18,8.26620238463743,7.6010906308742925,-0.6651117537631371,22.10534886175578
Strain-Guided Pipeline,256,0,19,8.26620238463743,7.6010906308742925,-0.6651117537631371,22.10534886175578
Strain-Guided Pipeline,256,0,20,8.26620238463743,7.6010906308742925,-0.6651117537631371,22.10534886175578
Strain-Guided Pipeline,256,0,21,16.965487061795738,9.740620214271964,-7.224866847523774,20.46188665730852
Strain-Guided Pipeline,256,0,22,16.965487061795738,9.740620214271964,-7.224866847523774,20.46188665730852
Strain-Guided Pipeline,256,0,23,16.965487061795738,9.740620214271964,-7.224866847523774,20.46188665730852
Strain-Guided Pipeline,256,0,24,18.18434304792651,8.646932187966192,-9.537410859960318,20.16746757243891
Strain-Guided Pipeline,256,0,25,20.780663426387072,8.68779493991838,-12.092868486468694,19.71638561810539
Strain-Guided Pipeline,256,0,26,20.780663426387072,8.68779493991838,-12.092868486468694,19.71638561810539
Strain-Guided Pipeline,256,0,27,20.425009127381678,10.51668723441431,-9.908321892967367,20.94495326664557
Strain-Guided Pipeline,256,0,28,20.425009127381678,10.51668723441431,-9.908321892967367,20.94495326664557
Strain-Guided Pipeline,256,0,29,22.725761421467904,10.53056257989219,-12.195198841575715,20.68692575668762
Strain-Guided Pipeline,256,0,30,22.725761421467904,10.53056257989219,-12.195198841575715,20.68692575668762
Strain-Guided Pipeline,256,0,31,22.725761421467904,10.53056257989219,-12.195198841575715,20.68692575668762
Strain-Guided Pipeline,256,0,32,22.725761421467904,10.53056257989219,-12.195198841575715,20.68692575668762
Strain-Guided Pipeline,256,0,33,23.414002817815863,8.903792279340706,-14.510210538475159,19.853707988625718
Strain-Guided Pipeline,256,0,34,24.68012387008624,8.954380840430385,-15.725743029655858,19.806165798990662
Strain-Guided Pipeline,256,0,35,24.68012387008624,8.954380840430385,-15.725743029655858,19.806165798990662
Strain-Guided Pipeline,256,0,36,24.68012387008624,8.954380840430385,-15.725743029655858,19.806165798990662
Strain-Guided Pipeline,256,0,37,27.13905142597687,8.876102340430933,-18.262949085545937,19.787246524276632
Strain-Guided Pipeline,256,0,38,27.13905142597687,8.876102340430933,-18.262949085545937,19.787246524276632
Strain-Guided Pipeline,256,0,39,27.13905142597687,8.876102340430933,-18.262949085545937,19.787246524276632
Strain-Guided Pipeline,256,0,40,27.13905142597687,8.876102340430933,-18.262949085545937,19.787246524276632
Strain-Guided Pipeline,256,0,41,27.13905142597687,8.876102340430933,-18.262949085545937,19.787246524276632
Strain-Guided Pipeline,256,0,42,27.13905142597687,8.876102340430933,-18.262949085545937,19.787246524276632
Strain-Guided Pipeline,256,0,43,27.13905142597687,8.876102340430933,-18.262949085545937,19.787246524276632
Strain-Guided Pipeline,256,0,44,32.31948787863759,8.604348788459541,-23.715139090178045,19.532768038253824
Strain-Guided Pipeline,256,0,45,32.31948787863759,8.604348788459541,-23.715139090178045,19.532768038253824
Strain-Guided Pipeline,256,0,46,32.31948787863759,8.604348788459541,-23.715139090178045,19.532768038253824
Strain-Guided Pipeline,256,0,47,32.31948787863759,8.604348788459541,-23.715139090178045,19.532768038253824
Strain-Guided Pipeline,256,0,48,32.31948787863759,8.604348788459541,-23.715139090178045,19.532768038253824
Strain-Guided Pipeline,256,0,49,32.31948787863759,8.604348788459541,-23.715139090178045,19.532768038253824
Strain-Guided Pipeline,256,0,50,32.31948787863759,8.604348788459541,-23.715139090178045,19.532768038253824
Strain-Guided Pipeline,256,1,1,-1.5997656386770815,4.028065412598865,5.627831051275947,22.07269313777491
Strain-Guided Pipeline,256,1,2,-4.360894629310773,0.4805874287986581,4.841482058109431,21.36502303674426
Strain-Guided Pipeline,256,1,3,-3.5066160401952766,1.5575530024411444,5.064169042636421,19.746072099063085
Strain-Guided Pipeline,256,1,4,2.8987642121659847,5.48072563613979,2.5819614239738056,19.954868452130757
Strain-Guided Pipeline,256,1,5,10.277130472016573,5.850877852189759,-4.426252619826814,21.005221607017617
Strain-Guided Pipeline,256,1,6,10.277130472016573,5.850877852189759,-4.426252619826814,21.005221607017617
Strain-Guided Pipeline,256,1,7,7.0843695838508856,7.528581466927355,0.4442118830764696,19.980816076663245
Strain-Guided Pipeline,256,1,8,7.0843695838508856,7.528581466927355,0.4442118830764696,19.980816076663245
Strain-Guided Pipeline,256,1,9,12.151891346939014,8.546068046889912,-3.6058233000491016,25.45575276646135
Strain-Guided Pipeline,256,1,10,14.731315127548218,7.493893838443805,-7.237421289104412,19.98745154585463
Strain-Guided Pipeline,256,1,11,14.731315127548218,7.493893838443805,-7.237421289104412,19.98745154585463
Strain-Guided Pipeline,256,1,12,14.731315127548218,7.493893838443805,-7.237421289104412,19.98745154585463
Strain-Guided Pipeline,256,1,13,14.731315127548218,7.493893838443805,-7.237421289104412,19.98745154585463
Strain-Guided Pipeline,256,1,14,14.731315127548218,7.493893838443805,-7.237421289104412,19.98745154585463
Strain-Guided Pipeline,256,1,15,14.731315127548218,7.493893838443805,-7.237421289104412,19.98745154585463
Strain-Guided Pipeline,256,1,16,23.497810859967558,6.754007340927752,-16.743803519039805,19.604314135401435
Strain-Guided Pipeline,256,1,17,23.497810859967558,6.754007340927752,-16.743803519039805,19.604314135401435
Strain-Guided Pipeline,256,1,18,23.497810859967558,6.754007340927752,-16.743803519039805,19.604314135401435
Strain-Guided Pipeline,256,1,19,23.497810859967558,6.754007340927752,-16.743803519039805,19.604314135401435
Strain-Guided Pipeline,256,1,20,21.606509440564647,6.943739499500234,-14.662769941064413,19.692483608544492
Strain-Guided Pipeline,256,1,21,21.606509440564647,6.943739499500234,-14.662769941064413,19.692483608544492
Strain-Guided Pipeline,256,1,22,21.606509440564647,6.943739499500234,-14.662769941064413,19.692483608544492
Strain-Guided Pipeline,256,1,23,21.606509440564647,6.943739499500234,-14.662769941064413,19.692483608544492
Strain-Guided Pipeline,256,1,24,21.606509440564647,6.943739499500234,-14.662769941064413,19.692483608544492
Strain-Guided Pipeline,256,1,25,21.606509440564647,6.943739499500234,-14.662769941064413,19.692483608544492
Strain-Guided Pipeline,256,1,26,21.606509440564647,6.943739499500234,-14.662769941064413,19.692483608544492
Strain-Guided Pipeline,256,1,27,21.606509440564647,6.943739499500234,-14.662769941064413,19.692483608544492
Strain-Guided Pipeline,256,1,28,21.606509440564647,6.943739499500234,-14.662769941064413,19.692483608544492
Strain-Guided Pipeline,256,1,29,21.606509440564647,6.943739499500234,-14.662769941064413,19.692483608544492
Strain-Guided Pipeline,256,1,30,21.606509440564647,6.943739499500234,-14.662769941064413,19.692483608544492
Strain-Guided Pipeline,256,1,31,21.606509440564647,6.943739499500234,-14.662769941064413,19.692483608544492
Strain-Guided Pipeline,256,1,32,21.606509440564647,6.943739499500234,-14.662769941064413,19.692483608544492
Strain-Guided Pipeline,256,1,33,21.606509440564647,6.943739499500234,-14.662769941064413,19.692483608544492
Strain-Guided Pipeline,256,1,34,21.606509440564647,6.943739499500234,-14.662769941064413,19.692483608544492
Strain-Guided Pipeline,256,1,35,21.606509440564647,6.943739499500234,-14.662769941064413,19.692483608544492
Strain-Guided Pipeline,256,1,36,21.606509440564647,6.943739499500234,-14.662769941064413,19.692483608544492
Strain-Guided Pipeline,256,1,37,21.606509440564647,6.943739499500234,-14.662769941064413,19.692483608544492
Strain-Guided Pipeline,256,1,38,21.606509440564647,6.943739499500234,-14.662769941064413,19.692483608544492
Strain-Guided Pipeline,256,1,39,21.606509440564647,6.943739499500234,-14.662769941064413,19.692483608544492
Strain-Guided Pipeline,256,1,40,21.606509440564647,6.943739499500234,-14.662769941064413,19.692483608544492
Strain-Guided Pipeline,256,1,41,21.606509440564647,6.943739499500234,-14.662769941064413,19.692483608544492
Strain-Guided Pipeline,256,1,42,21.606509440564647,6.943739499500234,-14.662769941064413,19.692483608544492
Strain-Guided Pipeline,256,1,43,21.606509440564647,6.943739499500234,-14.662769941064413,19.692483608544492
Strain-Guided Pipeline,256,1,44,21.606509440564647,6.943739499500234,-14.662769941064413,19.692483608544492
Strain-Guided Pipeline,256,1,45,21.606509440564647,6.943739499500234,-14.662769941064413,19.692483608544492
Strain-Guided Pipeline,256,1,46,21.606509440564647,6.943739499500234,-14.662769941064413,19.692483608544492
Strain-Guided Pipeline,256,1,47,21.606509440564647,6.943739499500234,-14.662769941064413,19.692483608544492
Strain-Guided Pipeline,256,1,48,21.424660067901886,7.373195944223221,-14.051464123678665,19.762575971050882
Strain-Guided Pipeline,256,1,49,21.424660067901886,7.373195944223221,-14.051464123678665,19.762575971050882
Strain-Guided Pipeline,256,1,50,21.424660067901886,7.373195944223221,-14.051464123678665,19.762575971050882
SA,256,0,1,-2.629522382784065,3.3629759402031163,5.992498322987181,22.485970262650863
SA,256,0,2,-1.0963933572122935,4.721558334655981,5.8179516918682745,22.435146525808847
SA,256,0,3,8.33869644551701,8.610073425479674,0.27137697996266336,21.715561810630035
SA,256,0,4,5.604172054916596,10.14742534188477,4.543253286968174,22.907852323354806
SA,256,0,5,5.669481319062638,10.25389864103297,4.584417321970332,21.515174565799935
SA,256,0,6,9.71423311179365,11.223280506445423,1.5090473946517733,23.366329741720303
SA,256,0,7,10.837933155221355,12.427184857839023,1.5892517026176674,23.884772102699948
SA,256,0,8,10.74038104930087,13.797262353027712,3.056881303726841,22.625505167434117
SA,256,0,9,13.011798130969552,13.78148463179037,0.7696865008208169,23.160851466589754
SA,256,0,10,12.855262476263315,14.50147217745712,1.6462097011938053,23.174105782883263
SA,256,0,11,12.984022125125804,14.864863786580845,1.8808416614550405,23.568322706604334
SA,256,0,12,13.249063689553429,14.895952235740795,1.6468885461873655,23.948650832987205
SA,256,0,13,13.756005964722524,14.58330720287444,0.8273012381519159,24.05926701966017
SA,256,0,14,13.729723650852337,12.839437976376422,-0.8902856744759163,25.296358362263295
SA,256,0,15,17.091156573290263,11.590512565297947,-5.5006440079923165,26.05290063386196
SA,256,0,16,27.820354040948196,11.945098380288567,-15.875255660659631,24.718412660481874
SA,256,0,17,27.820354040948196,11.945098380288567,-15.875255660659631,24.718412660481874
SA,256,0,18,27.820354040948196,11.945098380288567,-15.875255660659631,24.718412660481874
SA,256,0,19,28.31513727414311,11.959603995187562,-16.35553327895555,27.46623957165147
SA,256,0,20,29.345517857588543,10.882879800214166,-18.462638057374377,24.828336612846066
SA,256,0,21,33.23766691843417,10.209086263132019,-23.028580655302154,24.89921114028347
SA,256,0,22,35.39767878462694,10.222622867007765,-25.175055917619176,24.761464758492096
SA,256,0,23,55.591131997840364,10.126963414041914,-45.464168583798454,27.032292523004248
SA,256,0,24,55.591131997840364,10.126963414041914,-45.464168583798454,27.032292523004248
SA,256,0,25,55.591131997840364,10.126963414041914,-45.464168583798454,27.032292523004248
SA,256,0,26,55.591131997840364,10.126963414041914,-45.464168583798454,27.032292523004248
SA,256,0,27,55.591131997840364,10.126963414041914,-45.464168583798454,27.032292523004248
SA,256,0,28,55.591131997840364,10.126963414041914,-45.464168583798454,27.032292523004248
SA,256,0,29,65.3967335891561,10.212792691708696,-55.18394089744741,26.330757193914316
SA,256,0,30,65.3967335891561,10.212792691708696,-55.18394089744741,26.330757193914316
SA,256,0,31,65.3967335891561,10.212792691708696,-55.18394089744741,26.330757193914316
SA,256,0,32,65.3967335891561,10.212792691708696,-55.18394089744741,26.330757193914316
SA,256,0,33,65.3967335891561,10.212792691708696,-55.18394089744741,26.330757193914316
SA,256,0,34,65.3967335891561,10.212792691708696,-55.18394089744741,26.330757193914316
SA,256,0,35,65.3967335891561,10.212792691708696,-55.18394089744741,26.330757193914316
SA,256,0,36,65.3967335891561,10.212792691708696,-55.18394089744741,26.330757193914316
SA,256,0,37,65.3967335891561,10.212792691708696,-55.18394089744741,26.330757193914316
SA,256,0,38,65.3967335891561,10.212792691708696,-55.18394089744741,26.330757193914316
SA,256,0,39,65.3967335891561,10.212792691708696,-55.18394089744741,26.330757193914316
SA,256,0,40,65.3967335891561,10.212792691708696,-55.18394089744741,26.330757193914316
SA,256,0,41,65.3967335891561,10.212792691708696,-55.18394089744741,26.330757193914316
SA,256,0,42,65.3967335891561,10.212792691708696,-55.18394089744741,26.330757193914316
SA,256,0,43,65.3967335891561,10.212792691708696,-55.18394089744741,26.330757193914316
SA,256,0,44,65.3967335891561,10.212792691708696,-55.18394089744741,26.330757193914316
SA,256,0,45,65.3967335891561,10.212792691708696,-55.18394089744741,26.330757193914316
SA,256,0,46,65.3967335891561,10.212792691708696,-55.18394089744741,26.330757193914316
SA,256,0,47,65.3967335891561,10.212792691708696,-55.18394089744741,26.330757193914316
SA,256,0,48,65.3967335891561,10.212792691708696,-55.18394089744741,26.330757193914316
SA,256,0,49,65.3967335891561,10.212792691708696,-55.18394089744741,26.330757193914316
SA,256,0,50,65.3967335891561,10.212792691708696,-55.18394089744741,26.330757193914316
SA,256,1,1,-2.8726077610680396,3.2925203957202815,6.165128156788321,22.527427847251328
SA,256,1,2,-2.519427716519468,3.0846907068729497,5.604118423392418,22.500595414270247
SA,256,1,3,-2.023098591701828,3.145965067003737,5.169063658705565,22.40060798485954
SA,256,1,4,1.7592767843804271,4.800297650531165,3.0410208661507383,22.07772634557545
SA,256,1,5,1.8858915202500763,5.48879044732264,3.6028989270725638,22.202147991846033
SA,256,1,6,0.9092487600748438,6.848325472085741,5.939076712010897,21.82954573831633
SA,256,1,7,0.27215288308279195,7.524524971220174,7.252372088137382,21.431377748962888
SA,256,1,8,0.9532481710405749,8.15376355770389,7.200515386663315,21.494247151974825
SA,256,1,9,3.141682444952006,9.207120655600754,6.065438210648748,21.76825893964679
SA,256,1,10,-0.1312717198149569,7.664944011328453,7.79621573114341,21.377323132559518
SA,256,1,11,0.930590390810111,8.4140391698127,7.483448779002589,21.431375711070892
SA,256,1,12,0.930590390810111,8.4140391698127,7.483448779002589,21.431375711070892
SA,256,1,13,2.2005245528296866,8.83821427036474,6.637689717535053,21.47985241625051
SA,256,1,14,2.2005245528296866,8.83821427036474,6.637689717535053,21.47985241625051
SA,256,1,15,6.013597976981289,10.126339940615907,4.112741963634618,21.47322936584358
SA,256,1,16,6.197463734825178,10.402328772229524,4.204865037404345,21.447654432515275
SA,256,1,17,9.722703546937565,11.290299574559379,1.5675960276218148,21.242291820154303
SA,256,1,18,10.054817759214284,12.532438544184437,2.4776207849701533,20.729776545183313
SA,256,1,19,10.054817759214284,12.532438544184437,2.4776207849701533,20.729776545183313
SA,256,1,20,9.644719905885832,12.322910820572119,2.6781909146862866,20.371144716601812
SA,256,1,21,10.215846051704762,12.015007609892297,1.7991615581875358,20.16957543211584
SA,256,1,22,10.215846051704762,12.015007609892297,1.7991615581875358,20.16957543211584
SA,256,1,23,10.557180492358496,12.072594016472944,1.515413524114449,20.14391653382047
SA,256,1,24,10.557180492358496,12.072594016472944,1.515413524114449,20.14391653382047
SA,256,1,25,10.557180492358496,12.072594016472944,1.515413524114449,20.14391653382047
SA,256,1,26,8.37839295250628,11.313014315539933,2.934621363033653,20.211630770725513
SA,256,1,27,8.37839295250628,11.313014315539933,2.934621363033653,20.211630770725513
SA,256,1,28,8.49132129652578,11.760930155226186,3.269608858700407,20.252648576750257
SA,256,1,29,9.031531913337208,11.500929711346327,2.469397798009119,20.18942153932918
SA,256,1,30,8.998581200539329,11.572436545836261,2.5738553452969324,20.221726872169718
SA,256,1,31,8.990995338559587,11.951861853168126,2.9608665146085382,20.223867277584038
SA,256,1,32,9.027141904548328,11.043825599361767,2.016683694813439,20.310188015938277
SA,256,1,33,9.978131811218361,10.880862735919932,0.902730924701571,20.29058401255087
SA,256,1,34,9.978131811218361,10.880862735919932,0.902730924701571,20.29058401255087
SA,256,1,35,10.274221010228125,10.554477470157318,0.2802564599291936,20.600927862266943
SA,256,1,36,10.274221010228125,10.554477470157318,0.2802564599291936,20.600927862266943
SA,256,1,37,10.274221010228125,10.554477470157318,0.2802564599291936,20.600927862266943
SA,256,1,38,10.274221010228125,10.554477470157318,0.2802564599291936,20.600927862266943
SA,256,1,39,10.927633956784527,10.984014563442678,0.056380606658150846,20.525034129392978
SA,256,1,40,10.927633956784527,10.984014563442678,0.056380606658150846,20.525034129392978
SA,256,1,41,10.927633956784527,10.984014563442678,0.056380606658150846,20.525034129392978
SA,256,1,42,10.927633956784527,10.984014563442678,0.056380606658150846,20.525034129392978
SA,256,1,43,10.927633956784527,10.984014563442678,0.056380606658150846,20.525034129392978
SA,256,1,44,10.927633956784527,10.984014563442678,0.056380606658150846,20.525034129392978
SA,256,1,45,10.927633956784527,10.984014563442678,0.056380606658150846,20.525034129392978
SA,256,1,46,10.927633956784527,10.984014563442678,0.056380606658150846,20.525034129392978
SA,256,1,47,10.927633956784527,10.984014563442678,0.056380606658150846,20.525034129392978
SA,256,1,48,10.927633956784527,10.984014563442678,0.056380606658150846,20.525034129392978
SA,256,1,49,10.927633956784527,10.984014563442678,0.056380606658150846,20.525034129392978
SA,256,1,50,10.927633956784527,10.984014563442678,0.056380606658150846,20.525034129392978
GA,256,0,1,-6.787878200297625,0.014142455135142718,6.802020655432767,22.97412824383059
GA,256,0,2,-1.963501921736106,3.9898933047251504,5.953395226461256,19.972966465186914
GA,256,0,3,0.6940111965482134,2.9377783975258316,2.243767200977618,18.90548125507063
GA,256,0,4,0.6940111965482134,3.252200085889588,3.2250771600144787,19.851374331463767
GA,256,0,5,3.995282839494756,6.623740984651877,2.628458145157121,21.238541169195095
GA,256,0,6,4.499871863430428,7.396844427684059,2.8969725642536304,19.958021220640237
GA,256,0,7,6.981176618875702,9.338152495687815,2.3569758768121134,20.492147399486473
GA,256,0,8,6.981176618875702,8.022661166499718,3.752513019150102,23.275426313168815
GA,256,0,9,6.981176618875702,7.8390951041194645,5.532801635809306,24.171104821365205
GA,256,0,10,4.37437473206962,4.33117280772005,-0.04320192434956945,22.207820525021653
GA,256,0,11,3.791123800986296,6.233857079406762,2.4427332784204654,18.342559392186097
GA,256,0,12,4.233426343172097,6.299036983268551,2.065610640096455,18.316059632292507
GA,256,0,13,5.224766529401853,6.68152558687842,1.4567590574765672,18.33624025128463
GA,256,0,14,5.224766529401853,5.957995709750352,3.2661828321778468,24.314561106343568
GA,256,0,15,5.224766529401853,5.224951404358759,0.650288055801346,18.327845577074903
GA,256,0,16,5.224766529401853,3.8283458539303936,3.1520820158242535,24.557121529377813
GA,256,0,17,5.224766529401853,4.132118831522042,3.430292830305947,21.356610821856364
GA,256,0,18,5.224766529401853,1.9369557020130712,-0.05067912806932268,22.611941084335868
GA,256,0,19,5.224766529401853,3.1274095781125446,0.6002361721699215,21.17655460205726
GA,256,0,20,0.348189454623693,3.2802500218136204,2.9320605671899274,25.2670975535963
GA,256,0,21,1.998966197147488,2.530308295409652,0.531342098262164,19.958430560780194
GA,256,0,22,2.2330139357280756,2.57428427167058,0.34127033594250406,19.953490590457598
GA,256,0,23,2.5431744097709252,2.8740158786009267,0.3308414688300016,19.71594200542369
GA,256,0,24,2.814209305047522,3.3076862218530803,0.4934769168055582,19.99229021561507
GA,256,0,25,6.276976922723529,8.297163965119914,2.0201870423963846,21.423432191274724
GA,256,0,26,8.487208146967182,9.72295956840149,1.235751421434309,21.688090677057804
GA,256,0,27,8.83791790655047,9.623567632208506,0.7856497256580365,21.730496647996837
GA,256,0,28,8.83791790655047,5.008713812461414,-3.0995731044892483,22.18202393000381
GA,256,0,29,8.83791790655047,5.133025890657511,-3.2338126211212255,21.87480474450596
GA,256,0,30,8.595686502084229,5.365337260506263,-3.2303492415779655,22.095632471966113
GA,256,0,31,5.727378169611715,5.5673497652214765,-0.16002840439023794,22.240492518516714
GA,256,0,32,7.1823755373218425,5.616712005323212,-1.5656635319986307,21.920775390589185
GA,256,0,33,8.036957171183605,5.655209091051031,-2.381748080132574,21.92729833407718
GA,256,0,34,8.036957171183605,6.9244084491808255,-0.39392377889516084,21.62567842944985
GA,256,0,35,8.264936014055575,7.558045625325871,-0.7068903887297034,21.477441635865652
GA,256,0,36,8.264936014055575,3.764348770318441,-3.4197463507303603,22.162634228658277
GA,256,0,37,8.264936014055575,5.628864619604178,-1.6433789366542708,21.948021005554892
GA,256,0,38,8.434586502870424,5.800213900887502,-2.6343726019829226,22.298160646510485
GA,256,0,39,9.093510483177019,5.946038813716377,-3.1474716694606424,21.656604051983642
GA,256,0,40,8.48869916633687,5.876353583318594,-2.6123455830182754,22.266298572283702
GA,256,0,41,8.508819368708771,2.4322162397139815,-6.07660312899479,22.571461920393837
GA,256,0,42,8.508819368708771,-8.961320500451848,-11.932924208937408,22.537317060184193
GA,256,0,43,9.952136458332019,-3.7439645324729454,-13.696100990804965,21.849987938282673
GA,256,0,44,9.952136458332019,-6.781236290047782,-10.863421563836292,22.610566813351
GA,256,0,45,9.952136458332019,-6.060305345812784,-12.234859507558182,22.571334013259175
GA,256,0,46,11.71210626314321,-0.6685120808816087,-12.38061834402482,21.876892969402594
GA,256,0,47,12.875473554677445,-6.886877237762679,-19.762350792440124,22.33215524437881
GA,256,0,48,12.875473554677445,-13.878585238720778,-23.094376483723636,22.188605528247756
GA,256,0,49,12.875473554677445,-13.765655021879263,-16.70633161306482,22.17822325580519
GA,256,0,50,17.622336866093086,-16.540048066816816,-34.1623849329099,22.12104979330004
GA,256,1,1,-6.787878200297625,0.014142455135142718,6.802020655432767,22.97412824383059
GA,256,1,2,-1.7896280917294973,4.178545282486016,5.968173374215513,20.00782272719785
GA,256,1,3,-3.3642182314517095,5.280468634316185,8.644686865767895,22.15217903511149
GA,256,1,4,-6.287760134049852,1.157088282686793,7.444848416736645,23.531674089986943
GA,256,1,5,-4.589746335729936,1.5268909477837602,6.116637283513696,23.22903415292108
GA,256,1,6,-0.4209132195941905,4.468983534395864,4.889896753990055,22.797113444740226
GA,256,1,7,1.6260429759395403,5.171555109889834,3.5455121339502935,22.692997199171437
GA,256,1,8,8.476387573281603,5.655051143574913,-2.82133642970669,23.1958364588698
GA,256,1,9,8.997047896865336,6.28882453055776,-2.7082233663075765,23.92045861218335
GA,256,1,10,6.335846835017004,7.164219921310857,0.8283730862938526,24.88778911918434
GA,256,1,11,6.477629251657518,7.611281595210655,1.1336523435531367,21.537054547499096
GA,256,1,12,7.975299629770058,4.537736407178123,-3.437563222591935,22.095850759572464
GA,256,1,13,8.564403401270091,4.7008374167890885,-3.8635659844810024,22.08809373350259
GA,256,1,14,8.564403401270091,5.960586053727508,-1.7518005978677937,22.157244718090134
GA,256,1,15,8.564403401270091,4.569773339293474,-3.0577073509027755,21.21263731890638
GA,256,1,16,8.564403401270091,-2.523822895802633,-3.990487584225017,22.25654317492124
GA,256,1,17,8.564403401270091,-0.46537686763601716,-1.4092997702297694,21.545064470524554
GA,256,1,18,8.564403401270091,0.4827848134226586,-1.2612276305474237,22.393574149533304
GA,256,1,19,8.564403401270091,1.7252194057852743,-0.8566117749441872,23.707838110577256
GA,256,1,20,0.15803481854370593,-2.175296401812084,-2.33333122035579,21.94036058450297
GA,256,1,21,1.3850781080482877,1.2236377172836157,-0.1614403907646719,22.792690467670656
GA,256,1,22,1.3850781080482877,-1.9371394377832032,-2.326969306010112,21.769882185376595
GA,256,1,23,1.3850781080482877,1.2236377172836157,-0.1614403907646719,22.792690467670656
GA,256,1,24,1.3850781080482877,-0.8092994873771898,-2.070818923140515,22.263444049315346
GA,256,1,25,1.9035660490546409,-0.6894501140819522,-2.593016163136593,22.442938344087008
GA,256,1,26,1.9035660490546409,-1.849578896741838,-2.2100583481820526,22.175374962225973
GA,256,1,27,1.9035660490546409,1.2236377172836157,-0.1614403907646719,22.792690467670656
GA,256,1,28,1.9035660490546409,-2.1173633467565423,-2.39373831278914,21.922495530700527
GA,256,1,29,1.9035660490546409,-0.28190479931508405,-1.9115129066545007,22.06890891494949
GA,256,1,30,0.15803481854370593,-2.175296401812084,-2.33333122035579,21.94036058450297
GA,256,1,31,1.9260292121895208,-1.1529552839619512,-3.078984496151472,22.22679995852232
GA,256,1,32,1.9260292121895208,-2.21817795984498,-2.408278671353973,21.89709682884154
GA,256,1,33,1.9260292121895208,-1.4491937248391231,-2.6191804191416836,22.304324313085022
GA,256,1,34,1.9260292121895208,-0.7855335094866494,-2.5122618365849525,22.168863665009173
GA,256,1,35,1.9260292121895208,-0.44099404455031477,-2.1405709463325433,21.766015921708192
GA,256,1,36,4.956716283907561,-7.891133701417175,-12.847849985324736,22.303675085297993
GA,256,1,37,5.821991511428564,-6.95572852728035,-12.777720038708914,22.30753186106125
GA,256,1,38,5.821991511428564,-6.5615955300570326,-7.951150262433693,22.074711058398215
GA,256,1,39,10.142263293450737,-13.208773965991485,-23.351037259442222,22.220554604902006
GA,256,1,40,4.861232122908714,-14.041349139883767,-18.90258126279248,22.207404236599256
GA,256,1,41,7.539745091941567,-13.368156720721968,-20.907901812663535,22.211442417909172
GA,256,1,42,11.156408262385616,-14.982218215973058,-26.138626478358674,22.20409296019308
GA,256,1,43,11.156408262385616,-13.368156720721968,-20.907901812663535,22.211442417909172
GA,256,1,44,11.156408262385616,-11.93443726586011,-22.990585234585463,22.199107900977353
GA,256,1,45,11.156408262385616,-14.982218215973058,-26.138626478358674,22.20409296019308
GA,256,1,46,11.156408262385616,-13.368156720721968,-20.907901812663535,22.211442417909172
GA,256,1,47,11.156408262385616,-12.439258835150078,-20.334908032107553,23.08938983995268
GA,256,1,48,11.156408262385616,-13.368156720721968,-20.907901812663535,22.211442417909172
GA,256,1,49,11.156408262385616,-14.982218215973058,-26.138626478358674,22.20409296019308
GA,256,1,50,7.539745091941567,-13.368156720721968,-20.907901812663535,22.211442417909172
PSO,256,0,1,-6.787878200297625,0.014142455135142718,6.802020655432767,22.97412824383059
PSO,256,0,2,-1.963501921736106,3.9898933047251504,5.953395226461256,19.972966465186914
PSO,256,0,3,0.6940111965482134,2.9377783975258316,2.243767200977618,18.90548125507063
PSO,256,0,4,0.6940111965482134,3.252200085889588,3.2250771600144787,19.851374331463767
PSO,256,0,5,3.995282839494756,6.623740984651877,2.628458145157121,21.238541169195095
PSO,256,0,6,4.499871863430428,7.396844427684059,2.8969725642536304,19.958021220640237
PSO,256,0,7,6.981176618875702,9.338152495687815,2.3569758768121134,20.492147399486473
PSO,256,0,8,6.981176618875702,8.022661166499718,3.752513019150102,23.275426313168815
PSO,256,0,9,6.981176618875702,7.8390951041194645,5.532801635809306,24.171104821365205
PSO,256,0,10,6.981176618875702,4.33117280772005,-0.04320192434956945,22.207820525021653
PSO,256,0,11,6.981176618875702,5.293216965012723,0.36929270170353456,21.361936373142584
PSO,256,0,12,8.077467030640387,5.38539085364263,-2.6920761769977575,21.631381240299724
PSO,256,0,13,8.077467030640387,5.340705919132187,-2.008593643770714,20.2588510537425
PSO,256,0,14,8.077467030640387,5.5302264874264315,-2.292073588132761,20.233656157025656
PSO,256,0,15,8.077467030640387,4.344979092464445,-3.5690570291622326,20.901749813193334
PSO,256,0,16,8.077467030640387,2.647699258121591,-5.285045464077678,21.02849889369978
PSO,256,0,17,8.736822137752188,2.771445698936859,-5.96537643881533,20.50765846647202
PSO,256,0,18,8.736822137752188,3.80659074167949,-4.644799110779728,20.632907345479488
PSO,256,0,19,8.736822137752188,2.6207291444183642,-4.211057331776399,19.059259139698174
PSO,256,0,20,8.736822137752188,3.1171878802805386,-3.6572182929100303,19.033882658979927
PSO,256,0,21,9.951559771783423,5.5599096516381366,-4.391650120145285,19.15127378392391
PSO,256,0,22,9.951559771783423,2.3015023228946303,-0.46809961129442995,21.066810015112548
PSO,256,0,23,9.951559771783423,2.0971956883569276,-0.28387452395852136,21.097299140654133
PSO,256,0,24,9.951559771783423,3.044709999057307,0.24425260453019285,21.048194660450797
PSO,256,0,25,9.951559771783423,3.2791244998744573,-0.3336582319567976,19.854833992832564
PSO,256,0,26,9.951559771783423,4.620015976313476,-1.1230668763627534,20.861376945658794
PSO,256,0,27,9.951559771783423,6.0812020737455175,-0.8044318946984745,20.938774988071454
PSO,256,0,28,9.951559771783423,5.168692246709998,-0.8252289472372435,19.78534935945423
PSO,256,0,29,9.951559771783423,4.765472266953998,1.403931247658493,21.531006159792362
PSO,256,0,30,9.951559771783423,9.028746183605197,1.1721302758531487,19.72381404524983
PSO,256,0,31,9.951559771783423,7.815696051482055,1.191980954166015,23.197790272610792
PSO,256,0,32,9.951559771783423,7.359432568063392,0.44535045727987815,18.034392998654628
PSO,256,0,33,9.951559771783423,7.886337559445964,1.3277240217066633,17.93103232375994
PSO,256,0,34,9.951559771783423,7.952550493656492,1.2034800092839597,17.96908358267412
PSO,256,0,35,9.951559771783423,7.942522484591477,0.47735468691645916,17.972709472513024
PSO,256,0,36,9.951559771783423,9.341274975163012,1.6690817369168485,21.63050291169425
PSO,256,0,37,10.651126669463647,10.512400706282817,-0.13872596318083077,21.976078786674925
PSO,256,0,38,10.651126669463647,9.729210905214114,1.105092627290439,19.938238913541525
PSO,256,0,39,12.013499646468428,10.985672941535679,-1.0278267049327494,22.405869173117004
PSO,256,0,40,15.06207813368847,10.465377542883832,-4.596700590804637,22.450056938308126
PSO,256,0,41,16.23612354560077,10.439739993384563,-5.796383552216206,21.92489420773925
PSO,256,0,42,16.23612354560077,10.429775440085196,-5.313676524239239,21.948364654355487
PSO,256,0,43,16.23612354560077,10.268314201193823,-5.125799665922172,21.024310131870042
PSO,256,0,44,18.191950947404624,10.238647337959083,-7.953303609445542,20.91895142639766
PSO,256,0,45,20.46071437248613,10.445060291969657,-10.015654080516471,20.671978355942272
PSO,256,0,46,20.46071437248613,10.451732301674888,-7.911903274698485,21.30596489122953
PSO,256,0,47,20.46071437248613,10.126176349409214,-2.983920023383705,23.121424408358827
PSO,256,0,48,20.46071437248613,10.419992630756203,-9.536363751388306,22.996732973699462
PSO,256,0,49,20.46071437248613,10.484733772273142,-7.216834396339141,23.414565204717515
PSO,256,0,50,20.46071437248613,10.282608397996782,-8.417391629680063,23.67145319679773
PSO,256,1,1,-6.787878200297625,0.014142455135142718,6.802020655432767,22.97412824383059
PSO,256,1,2,-1.7896280917294973,4.178545282486016,5.968173374215513,20.00782272719785
PSO,256,1,3,-1.7896280917294973,5.280468634316185,8.644686865767895,22.15217903511149
PSO,256,1,4,-1.7896280917294973,1.157088282686793,7.444848416736645,23.531674089986943
PSO,256,1,5,-1.7896280917294973,1.5268909477837602,6.116637283513696,23.22903415292108
PSO,256,1,6,-0.4209132195941905,4.468983534395864,4.889896753990055,22.797113444740226
PSO,256,1,7,1.6260429759395403,5.171555109889834,3.5455121339502935,22.692997199171437
PSO,256,1,8,8.476387573281603,5.655051143574913,-2.82133642970669,23.1958364588698
PSO,256,1,9,8.997047896865336,6.28882453055776,-2.7082233663075765,23.92045861218335
PSO,256,1,10,8.997047896865336,7.164219921310857,0.8283730862938526,24.88778911918434
PSO,256,1,11,8.997047896865336,7.681147611659935,-0.06304586702324078,23.76993257063237
PSO,256,1,12,8.997047896865336,7.030838987618038,-0.8734949619022202,23.625804178577027
PSO,256,1,13,8.997047896865336,7.303632135503776,0.5483811370289603,23.140009911694193
PSO,256,1,14,8.997047896865336,6.2236751767377,-1.5226742167932354,23.337172360911463
PSO,256,1,15,8.997047896865336,6.342978636141362,-2.206608473903367,21.80148571594218
PSO,256,1,16,8.997047896865336,6.969619471774321,-1.899038425788235,21.44573687067965
PSO,256,1,17,9.44007482234129,7.012496369205944,-2.4275784531353457,21.30662757324888
PSO,256,1,18,10.143708985864304,7.136454024178044,-3.0072549616862596,21.39554699867201
PSO,256,1,19,10.347455583382754,7.298883361621497,-3.048572221761257,21.386264528754218
PSO,256,1,20,10.901492884247583,7.394998783725168,-3.506494100522415,21.351675640126537
PSO,256,1,21,10.901492884247583,5.352433513732433,-0.40428815645434657,23.282624554883
PSO,256,1,22,10.901492884247583,2.4831957498354553,-1.2572812824808839,20.187044738967014
PSO,256,1,23,10.901492884247583,3.9142865650200527,-0.5265218987120385,23.20851060615101
PSO,256,1,24,10.901492884247583,4.192494048110231,0.4682571450179666,21.09817974533412
PSO,256,1,25,10.901492884247583,5.951844711363447,-0.42285139030839974,23.361733115241815
PSO,256,1,26,10.901492884247583,6.378895234081958,-0.5476716697340182,23.28505966836799
PSO,256,1,27,10.901492884247583,6.514746033555618,-0.43497132870560584,23.425508533044315
PSO,256,1,28,10.901492884247583,6.630385551018856,-0.3593147513940682,23.591465519624432
PSO,256,1,29,10.901492884247583,6.647246414473297,-0.5240199095651382,23.073690508406646
PSO,256,1,30,10.901492884247583,6.208036477289495,-1.3784626841346679,22.163059510933074
PSO,256,1,31,10.901492884247583,6.497124115717644,-1.470127661167613,24.069286100357886
PSO,256,1,32,10.901492884247583,6.876143610282868,0.3687829179527971,22.451988069521885
PSO,256,1,33,10.901492884247583,6.602153821225762,-0.5673827985764373,24.120662153475315
PSO,256,1,34,10.901492884247583,6.681932417908296,-0.8245413318026854,23.72540112998449
PSO,256,1,35,10.901492884247583,6.112266281374151,-1.584111518145166,22.873252889196365
PSO,256,1,36,10.901492884247583,6.026887254356316,-2.3516731443653365,20.530164403742184
PSO,256,1,37,10.901492884247583,6.418393308479409,-2.603084706678523,20.533796402232248
PSO,256,1,38,11.936584723770167,6.6044633817873875,-5.332121341982779,21.292565809594805
PSO,256,1,39,12.111549381655934,6.949501287377982,-5.162048094277952,20.58198977877337
PSO,256,1,40,12.111549381655934,7.103194894044421,-2.136385365395902,21.732251898472548
PSO,256,1,41,12.111549381655934,5.95081044167519,-0.4536848862136435,21.776819234667105
PSO,256,1,42,12.111549381655934,6.587315630114449,-1.2738124186342532,23.206386191081137
PSO,256,1,43,12.111549381655934,4.377709635890998,-4.495364910338836,21.049330331810093
PSO,256,1,44,12.111549381655934,4.883193774968289,-3.472158013106357,21.634953940690696
PSO,256,1,45,12.111549381655934,5.124147616569527,-4.903520576685492,21.919332020076972
PSO,256,1,46,12.111549381655934,4.5659063665566535,-2.9918723900918285,20.409704847274448
PSO,256,1,47,12.111549381655934,4.697424210205681,-3.3743006533416176,20.416401517577402
PSO,256,1,48,12.111549381655934,5.025140616887601,-2.821101952553333,20.684021520438538
PSO,256,1,49,12.111549381655934,4.937470837535896,-2.539489407100483,20.93252915956642
PSO,256,1,50,12.111549381655934,6.268662221062799,-2.740667997480262,22.596156291221085
AP-Only,256,0,1,-7.206377176465908,-0.4818838128574065,6.724493363608502,22.98141407070125
AP-Only,256,0,2,-6.958435658368876,-0.4028463776108948,6.555589280757981,22.980058123248114
AP-Only,256,0,3,-6.73036130533755,-0.334675617693124,6.395685687644426,22.97732895511063
AP-Only,256,0,4,-6.542715411064662,-0.29781088214043583,6.244904528924226,22.97553804020022
AP-Only,256,0,5,-6.337610034825046,-0.21567202603325955,6.121938008791786,22.97302054498653
AP-Only,256,0,6,-6.147119306362654,-0.1254114684000879,6.021707837962566,22.97161651076408
AP-Only,256,0,7,-5.988429090643897,-0.057470364256824856,5.930958726387072,22.968979653935104
AP-Only,256,0,8,-5.835289639505945,0.011117798283294737,5.84640743778924,22.966044472667186
AP-Only,256,0,9,-5.685497624787954,0.07714257662077073,5.762640201408725,22.9633296592366
AP-Only,256,0,10,-5.563971149971538,0.11731432250954929,5.681285472481087,22.96300211296903
AP-Only,256,0,11,-5.4893579478131125,0.12192786484962045,5.611285812662733,22.964531440433568
AP-Only,256,0,12,-5.4294902307257535,0.11492331145815687,5.544413542183911,22.966550544242427
AP-Only,256,0,13,-5.3779297052794455,0.09788745542905516,5.475817160708501,22.968177338094826
AP-Only,256,0,14,-5.335366563760104,0.07061448866020426,5.405981052420309,22.969313818081073
AP-Only,256,0,15,-5.261292897217542,0.09310239011224179,5.354395287329784,22.96856414480152
AP-Only,256,0,16,-5.177852121535002,0.131660662466951,5.309512784001953,22.966143482203883
AP-Only,256,0,17,-5.096140358548424,0.16747587024853078,5.263616228796955,22.963882620960362
AP-Only,256,0,18,-5.016934919339328,0.20062509439606493,5.217560013735393,22.962123972184443
AP-Only,256,0,19,-4.937508536602025,0.233856061224524,5.17136459782655,22.960519828125314
AP-Only,256,0,20,-4.8357231578327,0.29547281289754634,5.1311959707302455,22.959191147027944
AP-Only,256,0,21,-4.75695409325637,0.32765344711632316,5.084607540372693,22.957979439413513
AP-Only,256,0,22,-4.679944026103012,0.3567317769752667,5.036675803078278,22.95660378245378
AP-Only,256,0,23,-4.60746929353046,0.37524883668228914,4.982718130212749,22.955541032290746
AP-Only,256,0,24,-4.536894115280256,0.38769291999424227,4.924587035274498,22.954932523105555
AP-Only,256,0,25,-4.4805334315722005,0.39090854206568937,4.87144197363789,22.9541923771615
AP-Only,256,0,26,-4.436558374492505,0.38657139115763794,4.823129765650143,22.952936584454005
AP-Only,256,0,27,-4.379347104122187,0.39023001336751323,4.769577117489701,22.95228062359598
AP-Only,256,0,28,-4.308717169125564,0.4014556487439319,4.710172817869496,22.95172626580467
AP-Only,256,0,29,-4.237696645209045,0.4109677582898686,4.6486644034989135,22.951351942772597
AP-Only,256,0,30,-4.1831393410706985,0.39758565974412713,4.580725000814826,22.951732169348986
AP-Only,256,0,31,-4.138693223997752,0.3726038494877465,4.5112970734854985,22.95243454055166
AP-Only,256,0,32,-4.09667272326755,0.3456616051869226,4.442334328454472,22.953455806768602
AP-Only,256,0,33,-4.05421384293552,0.31777564058180185,4.371989483517322,22.95501989234161
AP-Only,256,0,34,-4.005600909185595,0.2942789376075582,4.299879846793153,22.957319043924596
AP-Only,256,0,35,-3.9641726750533937,0.2675701798478509,4.231742854901245,22.959917186133612
AP-Only,256,0,36,-3.9391595737649983,0.23019485043664742,4.169354424201646,22.961873747197856
AP-Only,256,0,37,-3.9456303393238077,0.17222947212682432,4.117859811450632,22.962119961616292
AP-Only,256,0,38,-3.9640447719407406,0.08918273061373647,4.053227502554477,22.96276952537212
AP-Only,256,0,39,-3.9727965808809707,-0.014144153237356773,3.9586524276436137,22.96424382430111
AP-Only,256,0,40,-3.9764323841007854,-0.06955741193255972,3.9068749721682257,22.964769063654696
AP-Only,256,0,41,-3.979737322585611,-0.10108014840024213,3.8786571741853693,22.964926982555358
AP-Only,256,0,42,-3.9737263273903984,-0.11342052702639543,3.860305800364003,22.96432163230127
AP-Only,256,0,43,-3.9636015795315704,-0.11158758534445673,3.852013994187114,22.963787330135183
AP-Only,256,0,44,-3.9636015795315704,-0.11158758534445673,3.852013994187114,22.963787330135183
AP-Only,256,0,45,-3.9636015795315704,-0.11158758534445673,3.852013994187114,22.963787330135183
AP-Only,256,0,46,-3.9636015795315704,-0.11158758534445673,3.852013994187114,22.963787330135183
AP-Only,256,0,47,-3.9636015795315704,-0.11158758534445673,3.852013994187114,22.963787330135183
AP-Only,256,0,48,-3.9636015795315704,-0.11158758534445673,3.852013994187114,22.963787330135183
AP-Only,256,0,49,-3.9636015795315704,-0.11158758534445673,3.852013994187114,22.963787330135183
AP-Only,256,0,50,-3.9636015795315704,-0.11158758534445673,3.852013994187114,22.963787330135183
AP-Only,256,1,1,-7.206377176465908,-0.4818838128574065,6.724493363608502,22.98141407070125
AP-Only,256,1,2,-6.958435658368876,-0.4028463776108948,6.555589280757981,22.980058123248114
AP-Only,256,1,3,-6.73036130533755,-0.334675617693124,6.395685687644426,22.97732895511063
AP-Only,256,1,4,-6.542715411064662,-0.29781088214043583,6.244904528924226,22.97553804020022
AP-Only,256,1,5,-6.337610034825046,-0.21567202603325955,6.121938008791786,22.97302054498653
AP-Only,256,1,6,-6.147119306362654,-0.1254114684000879,6.021707837962566,22.97161651076408
AP-Only,256,1,7,-5.988429090643897,-0.057470364256824856,5.930958726387072,22.968979653935104
AP-Only,256,1,8,-5.835289639505945,0.011117798283294737,5.84640743778924,22.966044472667186
AP-Only,256,1,9,-5.685497624787954,0.07714257662077073,5.762640201408725,22.9633296592366
AP-Only,256,1,10,-5.563971149971538,0.11731432250954929,5.681285472481087,22.96300211296903
AP-Only,256,1,11,-5.4893579478131125,0.12192786484962045,5.611285812662733,22.964531440433568
AP-Only,256,1,12,-5.4294902307257535,0.11492331145815687,5.544413542183911,22.966550544242427
AP-Only,256,1,13,-5.3779297052794455,0.09788745542905516,5.475817160708501,22.968177338094826
AP-Only,256,1,14,-5.335366563760104,0.07061448866020426,5.405981052420309,22.969313818081073
AP-Only,256,1,15,-5.261292897217542,0.09310239011224179,5.354395287329784,22.96856414480152
AP-Only,256,1,16,-5.177852121535002,0.131660662466951,5.309512784001953,22.966143482203883
AP-Only,256,1,17,-5.096140358548424,0.16747587024853078,5.263616228796955,22.963882620960362
AP-Only,256,1,18,-5.016934919339328,0.20062509439606493,5.217560013735393,22.962123972184443
AP-Only,256,1,19,-4.937508536602025,0.233856061224524,5.17136459782655,22.960519828125314
AP-Only,256,1,20,-4.8357231578327,0.29547281289754634,5.1311959707302455,22.959191147027944
AP-Only,256,1,21,-4.75695409325637,0.32765344711632316,5.084607540372693,22.957979439413513
AP-Only,256,1,22,-4.679944026103012,0.3567317769752667,5.036675803078278,22.95660378245378
AP-Only,256,1,23,-4.60746929353046,0.37524883668228914,4.982718130212749,22.955541032290746
AP-Only,256,1,24,-4.536894115280256,0.38769291999424227,4.924587035274498,22.954932523105555
AP-Only,256,1,25,-4.4805334315722005,0.39090854206568937,4.87144197363789,22.9541923771615
AP-Only,256,1,26,-4.436558374492505,0.38657139115763794,4.823129765650143,22.952936584454005
AP-Only,256,1,27,-4.379347104122187,0.39023001336751323,4.769577117489701,22.95228062359598
AP-Only,256,1,28,-4.308717169125564,0.4014556487439319,4.710172817869496,22.95172626580467
AP-Only,256,1,29,-4.237696645209045,0.4109677582898686,4.6486644034989135,22.951351942772597
AP-Only,256,1,30,-4.1831393410706985,0.39758565974412713,4.580725000814826,22.951732169348986
AP-Only,256,1,31,-4.138693223997752,0.3726038494877465,4.5112970734854985,22.95243454055166
AP-Only,256,1,32,-4.09667272326755,0.3456616051869226,4.442334328454472,22.953455806768602
AP-Only,256,1,33,-4.05421384293552,0.31777564058180185,4.371989483517322,22.95501989234161
AP-Only,256,1,34,-4.005600909185595,0.2942789376075582,4.299879846793153,22.957319043924596
AP-Only,256,1,35,-3.9641726750533937,0.2675701798478509,4.231742854901245,22.959917186133612
AP-Only,256,1,36,-3.9391595737649983,0.23019485043664742,4.169354424201646,22.961873747197856
AP-Only,256,1,37,-3.9456303393238077,0.17222947212682432,4.117859811450632,22.962119961616292
AP-Only,256,1,38,-3.9640447719407406,0.08918273061373647,4.053227502554477,22.96276952537212
AP-Only,256,1,39,-3.9727965808809707,-0.014144153237356773,3.9586524276436137,22.96424382430111
AP-Only,256,1,40,-3.9764323841007854,-0.06955741193255972,3.9068749721682257,22.964769063654696
AP-Only,256,1,41,-3.979737322585611,-0.10108014840024213,3.8786571741853693,22.964926982555358
AP-Only,256,1,42,-3.9737263273903984,-0.11342052702639543,3.860305800364003,22.96432163230127
AP-Only,256,1,43,-3.9636015795315704,-0.11158758534445673,3.852013994187114,22.963787330135183
AP-Only,256,1,44,-3.9636015795315704,-0.11158758534445673,3.852013994187114,22.963787330135183
AP-Only,256,1,45,-3.9636015795315704,-0.11158758534445673,3.852013994187114,22.963787330135183
AP-Only,256,1,46,-3.9636015795315704,-0.11158758534445673,3.852013994187114,22.963787330135183
AP-Only,256,1,47,-3.9636015795315704,-0.11158758534445673,3.852013994187114,22.963787330135183
AP-Only,256,1,48,-3.9636015795315704,-0.11158758534445673,3.852013994187114,22.963787330135183
AP-Only,256,1,49,-3.9636015795315704,-0.11158758534445673,3.852013994187114,22.963787330135183
AP-Only,256,1,50,-3.9636015795315704,-0.11158758534445673,3.852013994187114,22.963787330135183
PGD-Baseline,256,0,1,-6.787878200297625,0.014142455135142718,6.802020655432767,22.97412824383059
PGD-Baseline,256,0,2,-5.856929266925352,0.6466354066214282,6.50356467354678,22.947212059143833
PGD-Baseline,256,0,3,-5.480857368198132,0.8666389489657587,6.34749631716389,22.935979901161602
PGD-Baseline,256,0,4,-5.009495438653309,1.1827248831221313,6.19222032177544,22.950488575314154
PGD-Baseline,256,0,5,-4.666266486342536,1.4137088918846712,6.079975378227208,22.940815771606317
PGD-Baseline,256,0,6,-4.078559858359809,1.8496246024814778,5.928184460841287,22.959156698127437
PGD-Baseline,256,0,7,-3.7369059294007076,2.144371176561859,5.881277105962567,22.95619506303613
PGD-Baseline,256,0,8,-3.273381740232285,2.596096335520854,5.869478075753139,22.961012013341836
PGD-Baseline,256,0,9,-2.6458870954371623,3.06564345756607,5.711530553003232,22.979862699800265
PGD-Baseline,256,0,10,-2.1694785689302245,3.3269212310415934,5.496399799971818,22.982705606381373
PGD-Baseline,256,0,11,-1.6201294216665114,3.717786821688182,5.337916243354694,22.987083571652267
PGD-Baseline,256,0,12,-1.5034191229010512,3.8736712533809445,5.377090376281996,22.981677219965203
PGD-Baseline,256,0,13,-1.2112547452969622,4.0465864205446325,5.257841165841595,22.981966830200186
PGD-Baseline,256,0,14,-1.0082510158427134,4.378287402795171,5.386538418637884,22.981655198276663
PGD-Baseline,256,0,15,-0.6059921853149328,4.745898370614393,5.351890555929326,23.005277415313593
PGD-Baseline,256,0,16,-0.301403094343355,5.02117301900843,5.322576113351785,22.98420821682548
PGD-Baseline,256,0,17,0.49884259244666307,5.4664939335830525,4.967651341136389,23.01371906720719
PGD-Baseline,256,0,18,0.8171838726586129,5.661928604666714,4.844744732008101,23.017529520612374
PGD-Baseline,256,0,19,0.9659904634680929,5.818851560546328,4.852861097078235,23.036736371471616
PGD-Baseline,256,0,20,1.1669338283035815,6.061523905262285,4.894590076958703,23.031479315758236
PGD-Baseline,256,0,21,1.2320828841717182,6.1519565224684705,4.919873638296752,23.027027508101234
PGD-Baseline,256,0,22,1.3032262524502283,6.195031858279161,4.8918056058289325,23.02394883071215
PGD-Baseline,256,0,23,1.3784964567297875,6.2381002255414835,4.859603768811696,23.017355425539044
PGD-Baseline,256,0,24,1.4165757231566047,6.254765128474848,4.838189405318243,23.01611115827491
PGD-Baseline,256,0,25,1.4474843636284245,6.2815920846300095,4.834107721001585,23.01856661262085
PGD-Baseline,256,0,26,1.5775795779483328,6.470460124884716,4.892880546936383,23.020536738503186
PGD-Baseline,256,0,27,1.6050059029522892,6.578335148179645,4.973329245227355,23.01919257157997
PGD-Baseline,256,0,28,1.6443004929718343,6.589760925768302,4.945460432796468,23.011402579064853
PGD-Baseline,256,0,29,1.6625480589470314,6.596944082998321,4.934396024051289,23.01507116335938
PGD-Baseline,256,0,30,1.6939762176589,6.611717433612321,4.917741215953421,23.015030859862563
PGD-Baseline,256,0,31,1.6936392040639747,6.602923699893637,4.909284495829662,23.0132003184047
PGD-Baseline,256,0,32,1.7303809449295482,6.614245071955,4.8838641270254515,23.01394340395827
PGD-Baseline,256,0,33,1.810948093805436,6.658445655126354,4.8474975613209175,23.010565737954046
PGD-Baseline,256,0,34,1.8214950444928464,6.6680855131142085,4.846590468621362,23.010196815432273
PGD-Baseline,256,0,35,1.788514268354664,6.643942668730103,4.855428400375439,22.990297811888297
PGD-Baseline,256,0,36,1.7911377160833712,6.646799493024695,4.855661776941324,22.98990443693964
PGD-Baseline,256,0,37,1.7594672224830017,6.625327297149349,4.865860074666347,22.973204909079328
PGD-Baseline,256,0,38,1.7620254962074657,6.628576133534159,4.866550637326693,22.97294319094815
PGD-Baseline,256,0,39,2.135226705477267,6.859357697253853,4.724130991776586,22.93665456424946
PGD-Baseline,256,0,40,2.1535643049753155,6.872027229357269,4.718462924381954,22.93552431057371
PGD-Baseline,256,0,41,2.316077362854042,7.011126624103112,4.69504926124907,22.91552293464982
PGD-Baseline,256,0,42,2.342770546905662,7.0323834010774,4.689612854171738,22.912230100369555
PGD-Baseline,256,0,43,2.377779117205826,7.070254915049201,4.692475797843375,22.908327565300382
PGD-Baseline,256,0,44,2.5664569588109867,7.184369789353631,4.617912830542644,22.909114545951095
PGD-Baseline,256,0,45,2.575006146121919,7.19032656349453,4.615320417372611,22.908810447461356
PGD-Baseline,256,0,46,2.5753793988786473,7.190406212847764,4.615026813969116,22.909295396413093
PGD-Baseline,256,0,47,2.5751025379020485,7.190344963489208,4.61524242558716,22.908659554886512
PGD-Baseline,256,0,48,2.57537940505006,7.190406213990345,4.615026808940285,22.909295386854964
PGD-Baseline,256,0,49,2.5751025379020485,7.190344963489208,4.61524242558716,22.908659554886512
PGD-Baseline,256,0,50,2.57537940505006,7.190406213990345,4.615026808940285,22.909295386854964
PGD-Baseline,256,1,1,-6.787878200297625,0.014142455135142718,6.802020655432767,22.97412824383059
PGD-Baseline,256,1,2,-5.856929266925352,0.6466354066214282,6.50356467354678,22.947212059143833
PGD-Baseline,256,1,3,-5.480857368198132,0.8666389489657587,6.34749631716389,22.935979901161602
PGD-Baseline,256,1,4,-5.009495438653309,1.1827248831221313,6.19222032177544,22.950488575314154
PGD-Baseline,256,1,5,-4.666266486342536,1.4137088918846712,6.079975378227208,22.940815771606317
PGD-Baseline,256,1,6,-4.078559858359809,1.8496246024814778,5.928184460841287,22.959156698127437
PGD-Baseline,256,1,7,-3.7369059294007076,2.144371176561859,5.881277105962567,22.95619506303613
PGD-Baseline,256,1,8,-3.273381740232285,2.596096335520854,5.869478075753139,22.961012013341836
PGD-Baseline,256,1,9,-2.6458870954371623,3.06564345756607,5.711530553003232,22.979862699800265
PGD-Baseline,256,1,10,-2.1694785689302245,3.3269212310415934,5.496399799971818,22.982705606381373
PGD-Baseline,256,1,11,-1.6201294216665114,3.717786821688182,5.337916243354694,22.987083571652267
PGD-Baseline,256,1,12,-1.5034191229010512,3.8736712533809445,5.377090376281996,22.981677219965203
PGD-Baseline,256,1,13,-1.2112547452969622,4.0465864205446325,5.257841165841595,22.981966830200186
PGD-Baseline,256,1,14,-1.0082510158427134,4.378287402795171,5.386538418637884,22.981655198276663
PGD-Baseline,256,1,15,-0.6059921853149328,4.745898370614393,5.351890555929326,23.005277415313593
PGD-Baseline,256,1,16,-0.301403094343355,5.02117301900843,5.322576113351785,22.98420821682548
PGD-Baseline,256,1,17,0.49884259244666307,5.4664939335830525,4.967651341136389,23.01371906720719
PGD-Baseline,256,1,18,0.8171838726586129,5.661928604666714,4.844744732008101,23.017529520612374
PGD-Baseline,256,1,19,0.9659904634680929,5.818851560546328,4.852861097078235,23.036736371471616
PGD-Baseline,256,1,20,1.1669338283035815,6.061523905262285,4.894590076958703,23.031479315758236
PGD-Baseline,256,1,21,1.2320828841717182,6.1519565224684705,4.919873638296752,23.027027508101234
PGD-Baseline,256,1,22,1.3032262524502283,6.195031858279161,4.8918056058289325,23.02394883071215
PGD-Baseline,256,1,23,1.3784964567297875,6.2381002255414835,4.859603768811696,23.017355425539044
PGD-Baseline,256,1,24,1.4165757231566047,6.254765128474848,4.838189405318243,23.01611115827491
PGD-Baseline,256,1,25,1.4474843636284245,6.2815920846300095,4.834107721001585,23.01856661262085
PGD-Baseline,256,1,26,1.5775795779483328,6.470460124884716,4.892880546936383,23.020536738503186
PGD-Baseline,256,1,27,1.6050059029522892,6.578335148179645,4.973329245227355,23.01919257157997
PGD-Baseline,256,1,28,1.6443004929718343,6.589760925768302,4.945460432796468,23.011402579064853
PGD-Baseline,256,1,29,1.6625480589470314,6.596944082998321,4.934396024051289,23.01507116335938
PGD-Baseline,256,1,30,1.6939762176589,6.611717433612321,4.917741215953421,23.015030859862563
PGD-Baseline,256,1,31,1.6936392040639747,6.602923699893637,4.909284495829662,23.0132003184047
PGD-Baseline,256,1,32,1.7303809449295482,6.614245071955,4.8838641270254515,23.01394340395827
PGD-Baseline,256,1,33,1.810948093805436,6.658445655126354,4.8474975613209175,23.010565737954046
PGD-Baseline,256,1,34,1.8214950444928464,6.6680855131142085,4.846590468621362,23.010196815432273
PGD-Baseline,256,1,35,1.788514268354664,6.643942668730103,4.855428400375439,22.990297811888297
PGD-Baseline,256,1,36,1.7911377160833712,6.646799493024695,4.855661776941324,22.98990443693964
PGD-Baseline,256,1,37,1.7594672224830017,6.625327297149349,4.865860074666347,22.973204909079328
PGD-Baseline,256,1,38,1.7620254962074657,6.628576133534159,4.866550637326693,22.97294319094815
PGD-Baseline,256,1,39,2.135226705477267,6.859357697253853,4.724130991776586,22.93665456424946
PGD-Baseline,256,1,40,2.1535643049753155,6.872027229357269,4.718462924381954,22.93552431057371
PGD-Baseline,256,1,41,2.316077362854042,7.011126624103112,4.69504926124907,22.91552293464982
PGD-Baseline,256,1,42,2.342770546905662,7.0323834010774,4.689612854171738,22.912230100369555
PGD-Baseline,256,1,43,2.377779117205826,7.070254915049201,4.692475797843375,22.908327565300382
PGD-Baseline,256,1,44,2.5664569588109867,7.184369789353631,4.617912830542644,22.909114545951095
PGD-Baseline,256,1,45,2.575006146121919,7.19032656349453,4.615320417372611,22.908810447461356
PGD-Baseline,256,1,46,2.5753793988786473,7.190406212847764,4.615026813969116,22.909295396413093
PGD-Baseline,256,1,47,2.5751025379020485,7.190344963489208,4.61524242558716,22.908659554886512
PGD-Baseline,256,1,48,2.57537940505006,7.190406213990345,4.615026808940285,22.909295386854964
PGD-Baseline,256,1,49,2.5751025379020485,7.190344963489208,4.61524242558716,22.908659554886512
PGD-Baseline,256,1,50,2.57537940505006,7.190406213990345,4.615026808940285,22.909295386854964
