algorithm,seed,iteration,PTNR,gain,null_depth,lr_step,offset_changes
Fixed (Baseline),0,1,36.18996581154611,33.46417812275707,-2.725787688789039,0.05,0
Fixed (Baseline),0,2,36.803973270434696,33.44802908264718,-3.3559441877875114,0.025,0
Fixed (Baseline),0,3,37.67129323982719,33.41342977821026,-4.2578634616169335,0.027500000000000004,0
Fixed (Baseline),0,4,38.16610813465731,33.38630796483248,-4.779800169824825,0.013750000000000002,0
Fixed (Baseline),0,5,38.449379447380075,33.355638522103575,-5.0937409252764985,0.015125000000000003,0
Fixed (Baseline),0,6,38.5797818527354,33.32046581288498,-5.259316039850418,0.016637500000000003,0
Fixed (Baseline),0,7,38.68741973102923,33.28575668343888,-5.401663047590347,0.018301250000000005,0
Fixed (Baseline),0,8,38.76053044552914,33.244005028707434,-5.516525416821704,0.020131375000000007,0
Fixed (Baseline),0,9,38.76937625448396,33.23853914048634,-5.530837113997619,0.02214451250000001,0
Fixed (Baseline),0,10,38.769316107941776,33.23855006229806,-5.530766045643719,0.02435896375000001,0
Fixed (Baseline),0,11,38.76918258776284,33.23859772786901,-5.530584859893826,0.026794860125000014,0
Fixed (Baseline),0,12,38.76915924447588,33.23859199023053,-5.530567254245345,0.013397430062500007,0
Fixed (Baseline),0,13,38.76934421935389,33.23861680829499,-5.5307274110589,0.0066987150312500035,0
Fixed (Baseline),0,14,38.76930884448581,33.23864937020299,-5.530659474282818,0.0033493575156250018,0
Fixed (Baseline),0,15,38.76927119313909,33.238587554695044,-5.530683638444046,0.0016746787578125009,0
Fixed (Baseline),0,16,38.769497059516176,33.23846718265794,-5.531029876858234,0.001,0
Fixed (Baseline),0,17,38.769497059516176,33.23846718265794,-5.531029876858234,0.001,0
Fixed (Baseline),0,18,38.769497059516176,33.23846718265794,-5.531029876858234,0.001,0
Fixed (Baseline),0,19,38.769497059516176,33.23846718265794,-5.531029876858234,0.001,0
Fixed (Baseline),0,20,38.769497059516176,33.23846718265794,-5.531029876858234,0.001,0
Fixed (Baseline),0,21,38.769497059516176,33.23846718265794,-5.531029876858234,0.001,0
Fixed (Baseline),0,22,38.769497059516176,33.23846718265794,-5.531029876858234,0.001,0
Fixed (Baseline),0,23,38.769497059516176,33.23846718265794,-5.531029876858234,0.001,0
Fixed (Baseline),0,24,38.769497059516176,33.23846718265794,-5.531029876858234,0.001,0
Fixed (Baseline),0,25,38.769497059516176,33.23846718265794,-5.531029876858234,0.001,0
Fixed (Baseline),0,26,38.769497059516176,33.23846718265794,-5.531029876858234,0.001,0
Fixed (Baseline),0,27,38.769497059516176,33.23846718265794,-5.531029876858234,0.001,0
Fixed (Baseline),0,28,38.769497059516176,33.23846718265794,-5.531029876858234,0.001,0
Fixed (Baseline),0,29,38.769497059516176,33.23846718265794,-5.531029876858234,0.001,0
Fixed (Baseline),0,30,38.769497059516176,33.23846718265794,-5.531029876858234,0.001,0
Fixed (Baseline),0,31,38.769497059516176,33.23846718265794,-5.531029876858234,0.001,0
Fixed (Baseline),0,32,38.769497059516176,33.23846718265794,-5.531029876858234,0.001,0
Fixed (Baseline),0,33,38.769497059516176,33.23846718265794,-5.531029876858234,0.001,0
Fixed (Baseline),0,34,38.769497059516176,33.23846718265794,-5.531029876858234,0.001,0
Fixed (Baseline),0,35,38.769497059516176,33.23846718265794,-5.531029876858234,0.001,0
Fixed (Baseline),0,36,38.769497059516176,33.23846718265794,-5.531029876858234,0.001,0
Fixed (Baseline),0,37,38.769497059516176,33.23846718265794,-5.531029876858234,0.001,0
Fixed (Baseline),0,38,38.769497059516176,33.23846718265794,-5.531029876858234,0.001,0
Fixed (Baseline),0,39,38.769497059516176,33.23846718265794,-5.531029876858234,0.001,0
Fixed (Baseline),0,40,38.769497059516176,33.23846718265794,-5.531029876858234,0.001,0
Fixed (Baseline),0,41,38.769497059516176,33.23846718265794,-5.531029876858234,0.001,0
Fixed (Baseline),0,42,38.769497059516176,33.23846718265794,-5.531029876858234,0.001,0
Fixed (Baseline),0,43,38.769497059516176,33.23846718265794,-5.531029876858234,0.001,0
Fixed (Baseline),0,44,38.769497059516176,33.23846718265794,-5.531029876858234,0.001,0
Fixed (Baseline),0,45,38.769497059516176,33.23846718265794,-5.531029876858234,0.001,0
Fixed (Baseline),0,46,38.769497059516176,33.23846718265794,-5.531029876858234,0.001,0
Fixed (Baseline),0,47,38.769497059516176,33.23846718265794,-5.531029876858234,0.001,0
Fixed (Baseline),0,48,38.769497059516176,33.23846718265794,-5.531029876858234,0.001,0
Fixed (Baseline),0,49,38.769497059516176,33.23846718265794,-5.531029876858234,0.001,0
Fixed (Baseline),0,50,38.769497059516176,33.23846718265794,-5.531029876858234,0.001,0
Fixed (Baseline),0,51,38.769497059516176,33.23846718265794,-5.531029876858234,0.001,0
Fixed (Baseline),0,52,38.769497059516176,33.23846718265794,-5.531029876858234,0.001,0
Fixed (Baseline),0,53,38.769497059516176,33.23846718265794,-5.531029876858234,0.001,0
Fixed (Baseline),0,54,38.769497059516176,33.23846718265794,-5.531029876858234,0.001,0
Fixed (Baseline),0,55,38.769497059516176,33.23846718265794,-5.531029876858234,0.001,0
Fixed (Baseline),0,56,38.769497059516176,33.23846718265794,-5.531029876858234,0.001,0
Fixed (Baseline),0,57,38.769497059516176,33.23846718265794,-5.531029876858234,0.001,0
Fixed (Baseline),0,58,38.769497059516176,33.23846718265794,-5.531029876858234,0.001,0
Fixed (Baseline),0,59,38.769497059516176,33.23846718265794,-5.531029876858234,0.001,0
Fixed (Baseline),0,60,38.769497059516176,33.23846718265794,-5.531029876858234,0.001,0
Fixed (Baseline),0,61,38.769497059516176,33.23846718265794,-5.531029876858234,0.001,0
Fixed (Baseline),0,62,38.769497059516176,33.23846718265794,-5.531029876858234,0.001,0
Fixed (Baseline),0,63,38.769497059516176,33.23846718265794,-5.531029876858234,0.001,0
Fixed (Baseline),0,64,38.769497059516176,33.23846718265794,-5.531029876858234,0.001,0
Fixed (Baseline),0,65,38.769497059516176,33.23846718265794,-5.531029876858234,0.001,0
Fixed (Baseline),0,66,38.769497059516176,33.23846718265794,-5.531029876858234,0.001,0
Fixed (Baseline),0,67,38.769497059516176,33.23846718265794,-5.531029876858234,0.001,0
Fixed (Baseline),0,68,38.769497059516176,33.23846718265794,-5.531029876858234,0.001,0
Fixed (Baseline),0,69,38.769497059516176,33.23846718265794,-5.531029876858234,0.001,0
Fixed (Baseline),0,70,38.769497059516176,33.23846718265794,-5.531029876858234,0.001,0
Fixed (Baseline),0,71,38.769497059516176,33.23846718265794,-5.531029876858234,0.001,0
Fixed (Baseline),0,72,38.769497059516176,33.23846718265794,-5.531029876858234,0.001,0
Fixed (Baseline),0,73,38.769497059516176,33.23846718265794,-5.531029876858234,0.001,0
Fixed (Baseline),0,74,38.769497059516176,33.23846718265794,-5.531029876858234,0.001,0
Fixed (Baseline),0,75,38.769497059516176,33.23846718265794,-5.531029876858234,0.001,0
Fixed (Baseline),0,76,38.769497059516176,33.23846718265794,-5.531029876858234,0.001,0
Fixed (Baseline),0,77,38.769497059516176,33.23846718265794,-5.531029876858234,0.001,0
Fixed (Baseline),0,78,38.769497059516176,33.23846718265794,-5.531029876858234,0.001,0
Fixed (Baseline),0,79,38.769497059516176,33.23846718265794,-5.531029876858234,0.001,0
Fixed (Baseline),0,80,38.769497059516176,33.23846718265794,-5.531029876858234,0.001,0
Fixed (Baseline),0,81,38.769497059516176,33.23846718265794,-5.531029876858234,0.001,0
Fixed (Baseline),0,82,38.769497059516176,33.23846718265794,-5.531029876858234,0.001,0
Fixed (Baseline),0,83,38.769497059516176,33.23846718265794,-5.531029876858234,0.001,0
Fixed (Baseline),0,84,38.769497059516176,33.23846718265794,-5.531029876858234,0.001,0
Fixed (Baseline),0,85,38.769497059516176,33.23846718265794,-5.531029876858234,0.001,0
Fixed (Baseline),0,86,38.769497059516176,33.23846718265794,-5.531029876858234,0.001,0
Fixed (Baseline),0,87,38.769497059516176,33.23846718265794,-5.531029876858234,0.001,0
Fixed (Baseline),0,88,38.769497059516176,33.23846718265794,-5.531029876858234,0.001,0
Fixed (Baseline),0,89,38.769497059516176,33.23846718265794,-5.531029876858234,0.001,0
Fixed (Baseline),0,90,38.769497059516176,33.23846718265794,-5.531029876858234,0.001,0
Fixed (Baseline),0,91,38.769497059516176,33.23846718265794,-5.531029876858234,0.001,0
Fixed (Baseline),0,92,38.769497059516176,33.23846718265794,-5.531029876858234,0.001,0
Fixed (Baseline),0,93,38.769497059516176,33.23846718265794,-5.531029876858234,0.001,0
Fixed (Baseline),0,94,38.769497059516176,33.23846718265794,-5.531029876858234,0.001,0
Fixed (Baseline),0,95,38.769497059516176,33.23846718265794,-5.531029876858234,0.001,0
Fixed (Baseline),0,96,38.769497059516176,33.23846718265794,-5.531029876858234,0.001,0
Fixed (Baseline),0,97,38.769497059516176,33.23846718265794,-5.531029876858234,0.001,0
Fixed (Baseline),0,98,38.769497059516176,33.23846718265794,-5.531029876858234,0.001,0
Fixed (Baseline),0,99,38.769497059516176,33.23846718265794,-5.531029876858234,0.001,0
Fixed (Baseline),0,100,38.769497059516176,33.23846718265794,-5.531029876858234,0.001,0
Fixed (Baseline),0,101,38.769497059516176,33.23846718265794,-5.531029876858234,0.001,0
Fixed (Baseline),0,102,38.769497059516176,33.23846718265794,-5.531029876858234,0.001,0
Fixed (Baseline),0,103,38.769497059516176,33.23846718265794,-5.531029876858234,0.001,0
Fixed (Baseline),0,104,38.769497059516176,33.23846718265794,-5.531029876858234,0.001,0
Fixed (Baseline),0,105,38.769497059516176,33.23846718265794,-5.531029876858234,0.001,0
Fixed (Baseline),0,106,38.769497059516176,33.23846718265794,-5.531029876858234,0.001,0
Fixed (Baseline),0,107,38.769497059516176,33.23846718265794,-5.531029876858234,0.001,0
Fixed (Baseline),0,108,38.769497059516176,33.23846718265794,-5.531029876858234,0.001,0
Fixed (Baseline),0,109,38.769497059516176,33.23846718265794,-5.531029876858234,0.001,0
Fixed (Baseline),0,110,38.769497059516176,33.23846718265794,-5.531029876858234,0.001,0
Fixed (Baseline),0,111,38.769497059516176,33.23846718265794,-5.531029876858234,0.001,0
Fixed (Baseline),0,112,38.769497059516176,33.23846718265794,-5.531029876858234,0.001,0
Fixed (Baseline),0,113,38.769497059516176,33.23846718265794,-5.531029876858234,0.001,0
Fixed (Baseline),0,114,38.769497059516176,33.23846718265794,-5.531029876858234,0.001,0
Fixed (Baseline),0,115,38.769497059516176,33.23846718265794,-5.531029876858234,0.001,0
Fixed (Baseline),0,116,38.769497059516176,33.23846718265794,-5.531029876858234,0.001,0
Fixed (Baseline),0,117,38.769497059516176,33.23846718265794,-5.531029876858234,0.001,0
Fixed (Baseline),0,118,38.769497059516176,33.23846718265794,-5.531029876858234,0.001,0
Fixed (Baseline),0,119,38.769497059516176,33.23846718265794,-5.531029876858234,0.001,0
Fixed (Baseline),0,120,38.769497059516176,33.23846718265794,-5.531029876858234,0.001,0
Fixed (Baseline),0,121,38.769497059516176,33.23846718265794,-5.531029876858234,0.001,0
Fixed (Baseline),0,122,38.769497059516176,33.23846718265794,-5.531029876858234,0.001,0
Fixed (Baseline),0,123,38.769497059516176,33.23846718265794,-5.531029876858234,0.001,0
Fixed (Baseline),0,124,38.769497059516176,33.23846718265794,-5.531029876858234,0.001,0
Fixed (Baseline),0,125,38.769497059516176,33.23846718265794,-5.531029876858234,0.001,0
Fixed (Baseline),0,126,38.769497059516176,33.23846718265794,-5.531029876858234,0.001,0
Fixed (Baseline),0,127,38.769497059516176,33.23846718265794,-5.531029876858234,0.001,0
Fixed (Baseline),0,128,38.769497059516176,33.23846718265794,-5.531029876858234,0.001,0
Fixed (Baseline),0,129,38.769497059516176,33.23846718265794,-5.531029876858234,0.001,0
Fixed (Baseline),0,130,38.769497059516176,33.23846718265794,-5.531029876858234,0.001,0
Fixed (Baseline),0,131,38.769497059516176,33.23846718265794,-5.531029876858234,0.001,0
Fixed (Baseline),0,132,38.769497059516176,33.23846718265794,-5.531029876858234,0.001,0
Fixed (Baseline),0,133,38.769497059516176,33.23846718265794,-5.531029876858234,0.001,0
Fixed (Baseline),0,134,38.769497059516176,33.23846718265794,-5.531029876858234,0.001,0
Fixed (Baseline),0,135,38.769497059516176,33.23846718265794,-5.531029876858234,0.001,0
Fixed (Baseline),0,136,38.769497059516176,33.23846718265794,-5.531029876858234,0.001,0
Fixed (Baseline),0,137,38.769497059516176,33.23846718265794,-5.531029876858234,0.001,0
Fixed (Baseline),0,138,38.769497059516176,33.23846718265794,-5.531029876858234,0.001,0
Fixed (Baseline),0,139,38.769497059516176,33.23846718265794,-5.531029876858234,0.001,0
Fixed (Baseline),0,140,38.769497059516176,33.23846718265794,-5.531029876858234,0.001,0
Fixed (Baseline),0,141,38.769497059516176,33.23846718265794,-5.531029876858234,0.001,0
Fixed (Baseline),0,142,38.769497059516176,33.23846718265794,-5.531029876858234,0.001,0
Fixed (Baseline),0,143,38.769497059516176,33.23846718265794,-5.531029876858234,0.001,0
Fixed (Baseline),0,144,38.769497059516176,33.23846718265794,-5.531029876858234,0.001,0
Fixed (Baseline),0,145,38.769497059516176,33.23846718265794,-5.531029876858234,0.001,0
Fixed (Baseline),0,146,38.769497059516176,33.23846718265794,-5.531029876858234,0.001,0
Fixed (Baseline),0,147,38.769497059516176,33.23846718265794,-5.531029876858234,0.001,0
Fixed (Baseline),0,148,38.769497059516176,33.23846718265794,-5.531029876858234,0.001,0
Fixed (Baseline),0,149,38.769497059516176,33.23846718265794,-5.531029876858234,0.001,0
Fixed (Baseline),0,150,38.769497059516176,33.23846718265794,-5.531029876858234,0.001,0
Fixed (Baseline),1,1,50.37577657492009,33.81207683801427,-16.563699736905818,0.05,0
Fixed (Baseline),1,2,49.25158020957304,33.78573262877668,-15.465847580796364,0.025,0
Fixed (Baseline),1,3,47.91122887098024,33.76113365677349,-14.150095214206752,0.027500000000000004,0
Fixed (Baseline),1,4,47.250127741696346,33.756795590327854,-13.493332151368493,0.030250000000000006,0
Fixed (Baseline),1,5,46.816928113272766,33.751096223519696,-13.065831889753069,0.033275000000000006,0
Fixed (Baseline),1,6,46.32814381462669,33.74404446599858,-12.584099348628115,0.03660250000000001,0
Fixed (Baseline),1,7,49.878568836028826,33.724243706729396,-16.15432512929943,0.040262750000000014,0
Fixed (Baseline),1,8,52.332535054899054,33.68000421747203,-18.652530837427022,0.04428902500000002,0
Fixed (Baseline),1,9,53.907378952185184,33.65062968636315,-20.25674926582203,0.02214451250000001,0
Fixed (Baseline),1,10,54.83766956690744,33.62468096917051,-21.212988597736924,0.02435896375000001,0
Fixed (Baseline),1,11,53.13775907447675,33.60697717778019,-19.530781896696563,0.026794860125000014,0
Fixed (Baseline),1,12,53.859774841584326,33.582967006155904,-20.276807835428418,0.029474346137500017,0
Fixed (Baseline),1,13,53.525489512957414,33.55364792662262,-19.971841586334797,0.03242178075125002,0
Fixed (Baseline),1,14,35.78449548935222,33.31866538886558,-2.4658301004866363,0.03566395882637502,0
Fixed (Baseline),1,15,36.66158544620868,32.6349246710867,-4.026660775121985,0.039230354709012524,0
Fixed (Baseline),1,16,25.747425505893332,31.973135192758182,6.225709686864849,0.019615177354506262,0
Fixed (Baseline),1,17,26.246940600061315,31.978762659224202,5.731822059162887,0.009807588677253131,0
Fixed (Baseline),1,18,24.109672395868344,31.728776578656014,7.6191041827876695,0.0049037943386265655,0
Fixed (Baseline),1,19,24.297126964323198,31.71753283442172,7.420405870098523,0.005394173772489222,0
Fixed (Baseline),1,20,24.26834300080749,31.736381176491754,7.4680381756842635,0.002697086886244611,0
Fixed (Baseline),1,21,24.211532666117204,31.74388604286073,7.532353376743527,0.0029667955748690724,0
Fixed (Baseline),1,22,24.283946973818924,31.752182723948863,7.468235750129939,0.00326347513235598,0
Fixed (Baseline),1,23,24.356605759472046,31.733952024374354,7.377346264902307,0.0035898226455915784,0
Fixed (Baseline),1,24,27.125088961884238,31.493224561158343,4.368135599274103,0.003948804910150736,0
Fixed (Baseline),1,25,29.83684310540202,31.253058754348153,1.4162156489461326,0.0043436854011658105,0
Fixed (Baseline),1,26,29.983607127776963,31.23123810317847,1.2476309754015062,0.0021718427005829053,0
Fixed (Baseline),1,27,30.050897116215904,31.22865102536434,1.1777539091484361,0.0010859213502914526,0
Fixed (Baseline),1,28,30.446465997431304,31.219917919395055,0.7734519219637527,0.001194513485320598,0
Fixed (Baseline),1,29,31.089676455634986,31.197372156256744,0.10769570062175908,0.001313964833852658,0
Fixed (Baseline),1,30,28.068803664792302,31.009175083432922,2.940371418640621,0.001445361317237924,0
Fixed (Baseline),1,31,29.981437555722067,31.034696458602852,1.0532589028807848,0.0015898974489617164,0
Fixed (Baseline),1,32,27.536304441193472,30.76869532314728,3.2323908819538083,0.001,0
Fixed (Baseline),1,33,27.964034438547365,30.761586382135235,2.79755194358787,0.0011,0
Fixed (Baseline),1,34,28.342391827380602,30.749106716316085,2.4067148889354844,0.001,0
Fixed (Baseline),1,35,28.480745914403734,30.733883873255095,2.253137958851361,0.0011,0
Fixed (Baseline),1,36,25.445879265965907,30.456942119920612,5.011062853954703,0.0012100000000000001,0
Fixed (Baseline),1,37,25.690008639571644,30.446077404498155,4.756068764926511,0.0013310000000000002,0
Fixed (Baseline),1,38,26.000242869649064,30.434030378458836,4.433787508809772,0.001,0
Fixed (Baseline),1,39,26.292878409109054,30.418955014214568,4.1260766051055136,0.0011,0
Fixed (Baseline),1,40,26.56987248339429,30.403159051577838,3.8332865681835493,0.0012100000000000001,0
Fixed (Baseline),1,41,26.82809434930131,30.38999080215149,3.56189645285018,0.0013310000000000002,0
Fixed (Baseline),1,42,27.05204465721705,30.377438291511613,3.3253936342945636,0.0014641000000000003,0
Fixed (Baseline),1,43,27.219850949238356,30.37025617932577,3.150405230087417,0.0016105100000000005,0
Fixed (Baseline),1,44,27.36421532451603,30.36079759782542,2.996582273309388,0.0017715610000000007,0
Fixed (Baseline),1,45,27.449423058989673,30.363411300807446,2.913988241817771,0.0019487171000000009,0
Fixed (Baseline),1,46,27.59703079313046,30.36621615691397,2.7691853637835115,0.002143588810000001,0
Fixed (Baseline),1,47,27.85717327769918,30.37035654714041,2.513183269441232,0.0023579476910000016,0
Fixed (Baseline),1,48,28.2334903317483,30.373057874002406,2.1395675422541056,0.002593742460100002,0
Fixed (Baseline),1,49,28.601407695603946,30.379125345995778,1.7777176503918308,0.0028531167061100022,0
Fixed (Baseline),1,50,28.951645533197087,30.38306741593884,1.4314218827417509,0.003138428376721003,0
Fixed (Baseline),1,51,29.32309218143129,30.39218402244847,1.0690918410171804,0.0034522712143931033,0
Fixed (Baseline),1,52,29.945683239270203,30.392203318943633,0.44652007967342894,0.003797498335832414,0
Fixed (Baseline),1,53,30.622222473963614,30.400422682857776,-0.22179979110583817,0.004177248169415656,0
Fixed (Baseline),1,54,31.408513171998543,30.39917588837081,-1.009337283627735,0.004594972986357222,0
Fixed (Baseline),1,55,31.731999172835913,30.401065696397183,-1.3309334764387284,0.005054470284992944,0
Fixed (Baseline),1,56,31.75975952408853,30.398503168330162,-1.3612563557583677,0.005559917313492239,0
Fixed (Baseline),1,57,31.83450898215348,30.393469599752557,-1.4410393824009244,0.006115909044841464,0
Fixed (Baseline),1,58,31.817999203416626,30.397089779738383,-1.4209094236782416,0.003057954522420732,0
Fixed (Baseline),1,59,31.903681268386727,30.399970024790225,-1.5037112435965014,0.001528977261210366,0
Fixed (Baseline),1,60,31.89127855871392,30.39905765422418,-1.4922209044897412,0.0016818749873314027,0
Fixed (Baseline),1,61,31.861781870555703,30.3979856673414,-1.4637962032143041,0.0018500624860645432,0
Fixed (Baseline),1,62,31.859180368169575,30.394130812653902,-1.4650495555156728,0.0020350687346709978,0
Fixed (Baseline),1,63,31.889601519847147,30.391041411182616,-1.49856010866453,0.0022385756081380976,0
Fixed (Baseline),1,64,31.87161816814634,30.38692739529683,-1.4846907728495127,0.0024624331689519076,0
Fixed (Baseline),1,65,31.829907836941885,30.382362223916903,-1.4475456130249815,0.0027086764858470984,0
Fixed (Baseline),1,66,31.821920585759912,30.377247242241964,-1.4446733435179466,0.0029795441344318083,0
Fixed (Baseline),1,67,31.7875413052959,30.37174598081027,-1.4157953244856276,0.0032774985478749895,0
Fixed (Baseline),1,68,31.791645385490362,30.371054282893397,-1.4205911025969664,0.0016387492739374948,0
Fixed (Baseline),1,69,31.747997948270573,30.369375256643135,-1.3786226916274391,0.0018026242013312443,0
Fixed (Baseline),1,70,31.72270000578473,30.36380716226877,-1.358892843515959,0.001982886621464369,0
Fixed (Baseline),1,71,31.70991918532008,30.357915395996812,-1.352003789323266,0.002181175283610806,0
Fixed (Baseline),1,72,31.738577867235406,30.351461005432515,-1.3871168618028922,0.0023992928119718868,0
Fixed (Baseline),1,73,31.743227523911585,30.34812263598762,-1.3951048879239636,0.002639222093169076,0
Fixed (Baseline),1,74,31.714582806598205,30.34615718211612,-1.3684256244820867,0.0029031443024859836,0
Fixed (Baseline),1,75,31.67812623738497,30.344194075971647,-1.3339321614133237,0.0031934587327345824,0
Fixed (Baseline),1,76,31.6390483153285,30.342207623102105,-1.2968406922263944,0.003512804606008041,0
Fixed (Baseline),1,77,31.600528801408164,30.340342292769517,-1.260186508638647,0.0038640850666088454,0
Fixed (Baseline),1,78,31.5617791194666,30.338123738227623,-1.2236553812389765,0.0042504935732697305,0
Fixed (Baseline),1,79,31.52161541847233,30.331020574226315,-1.1905948442460141,0.004675542930596704,0
Fixed (Baseline),1,80,31.48906689617097,30.32820418544951,-1.160862710721459,0.002337771465298352,0
Fixed (Baseline),1,81,31.455137765716813,30.328887704662367,-1.126250061054446,0.001168885732649176,0
Fixed (Baseline),1,82,31.424365527261507,30.32764761722906,-1.0967179100324456,0.0012857743059140937,0
Fixed (Baseline),1,83,31.394202371357345,30.32641062568885,-1.0677917456684944,0.0014143517365055032,0
Fixed (Baseline),1,84,31.36481180010563,30.325146565407334,-1.039665234698298,0.0015557869101560536,0
Fixed (Baseline),1,85,31.343153398533683,30.32394089149904,-1.0192125070346434,0.0017113656011716592,0
Fixed (Baseline),1,86,31.319626124570647,30.322844806243037,-0.9967813183276114,0.0018825021612888253,0
Fixed (Baseline),1,87,31.303438104239273,30.321530072675955,-0.9819080315633171,0.002070752377417708,0
Fixed (Baseline),1,88,31.28011157553871,30.32219774845803,-0.9579138270806803,0.001035376188708854,0
Fixed (Baseline),1,89,31.262332319388555,30.321238602812972,-0.9410937165755837,0.0011389138075797395,0
Fixed (Baseline),1,90,31.245436207041454,30.320281252657818,-0.9251549543836352,0.0012528051883377135,0
Fixed (Baseline),1,91,31.225675342459617,30.31927311023495,-0.9064022322246689,0.001378085707171485,0
Fixed (Baseline),1,92,31.23124059034704,30.319077073483474,-0.9121635168635639,0.0015158942778886336,0
Fixed (Baseline),1,93,31.220302492901073,30.31855818140062,-0.9017443115004545,0.0016674837056774971,0
Fixed (Baseline),1,94,31.219813577171575,30.318053224515896,-0.901760352655678,0.001834232076245247,0
Fixed (Baseline),1,95,31.22510828425875,30.317311097676743,-0.9077971865820055,0.002017655283869772,0
Fixed (Baseline),1,96,31.225758774668417,30.318782366159365,-0.9069764085090511,0.001008827641934886,0
Fixed (Baseline),1,97,31.239581721073357,30.31886775633317,-0.9207139647401871,0.0011097104061283747,0
Fixed (Baseline),1,98,31.233461907439967,30.318384403877744,-0.9150775035622237,0.0012206814467412123,0
Fixed (Baseline),1,99,31.240492060429233,30.3182436555897,-0.9222484048395319,0.0013427495914153337,0
Fixed (Baseline),1,100,31.256181073195854,30.318346355562436,-0.9378347176334191,0.0014770245505568672,0
Fixed (Baseline),1,101,31.249367852481306,30.317994173685893,-0.931373678795414,0.0016247270056125541,0
Fixed (Baseline),1,102,31.257994491993994,30.317674146145777,-0.9403203458482187,0.0017871997061738097,0
Fixed (Baseline),1,103,31.27578843840182,30.317760766460104,-0.9580276719417157,0.001965919676791191,0
Fixed (Baseline),1,104,31.25980744035684,30.317004102197092,-0.9428033381597473,0.0021625116444703102,0
Fixed (Baseline),1,105,31.265758491780606,30.31700218129825,-0.9487563104823552,0.0023787628089173415,0
Fixed (Baseline),1,106,31.275415099866017,30.317119321164196,-0.9582957787018223,0.002616639089809076,0
Fixed (Baseline),1,107,31.305676713495373,30.320500014051937,-0.9851766994434348,0.001308319544904538,0
Fixed (Baseline),1,108,31.296830919987713,30.32020560504353,-0.976625314944184,0.001439151499394992,0
Fixed (Baseline),1,109,31.28736556890185,30.31986667632809,-0.9674988925737625,0.0015830666493344913,0
Fixed (Baseline),1,110,31.288787837669616,30.319906620231315,-0.9688812174383029,0.0017413733142679405,0
Fixed (Baseline),1,111,31.26728687170149,30.319608861705746,-0.9476780099957461,0.0019155106456947347,0
Fixed (Baseline),1,112,31.24525164904725,30.318770467684377,-0.9264811813628738,0.0021070617102642085,0
Fixed (Baseline),1,113,31.260701484433262,30.32098934869619,-0.939712135737071,0.0010535308551321042,0
Fixed (Baseline),1,114,31.236070986556676,30.320568655402408,-0.9155023311542688,0.0011588839406453148,0
Fixed (Baseline),1,115,31.241295053003316,30.320783975608194,-0.9205110773951234,0.0012747723347098464,0
Fixed (Baseline),1,116,31.228569249679158,30.32057710256566,-0.9079921471134957,0.001402249568180831,0
Fixed (Baseline),1,117,31.234843939602946,30.320760683157758,-0.9140832564451874,0.0015424745249989144,0
Fixed (Baseline),1,118,31.242759675660675,30.32093210844909,-0.9218275672115857,0.001696721977498806,0
Fixed (Baseline),1,119,31.246231171432587,30.320961546148784,-0.9252696252838036,0.0018663941752486868,0
Fixed (Baseline),1,120,31.22345729311334,30.32024841378348,-0.9032088793298603,0.0020530335927735556,0
Fixed (Baseline),1,121,31.209371543362273,30.31971248715198,-0.8896590562102945,0.0022583369520509113,0
Fixed (Baseline),1,122,31.215605239068854,30.32177793912193,-0.8938272999469233,0.0011291684760254557,0
Fixed (Baseline),1,123,31.220951237727892,30.32175732261433,-0.8991939151135608,0.0012420853236280013,0
Fixed (Baseline),1,124,31.220921539120702,30.32158306094289,-0.8993384781778152,0.0013662938559908017,0
Fixed (Baseline),1,125,31.22060057151829,30.32211446647078,-0.8984861050475113,0.001,0
Fixed (Baseline),1,126,31.22060057151829,30.32211446647078,-0.8984861050475113,0.001,0
Fixed (Baseline),1,127,31.22060057151829,30.32211446647078,-0.8984861050475113,0.001,0
Fixed (Baseline),1,128,31.22060057151829,30.32211446647078,-0.8984861050475113,0.001,0
Fixed (Baseline),1,129,31.22060057151829,30.32211446647078,-0.8984861050475113,0.001,0
Fixed (Baseline),1,130,31.22060057151829,30.32211446647078,-0.8984861050475113,0.001,0
Fixed (Baseline),1,131,31.22060057151829,30.32211446647078,-0.8984861050475113,0.001,0
Fixed (Baseline),1,132,31.22060057151829,30.32211446647078,-0.8984861050475113,0.001,0
Fixed (Baseline),1,133,31.22060057151829,30.32211446647078,-0.8984861050475113,0.001,0
Fixed (Baseline),1,134,31.22060057151829,30.32211446647078,-0.8984861050475113,0.001,0
Fixed (Baseline),1,135,31.22060057151829,30.32211446647078,-0.8984861050475113,0.001,0
Fixed (Baseline),1,136,31.22060057151829,30.32211446647078,-0.8984861050475113,0.001,0
Fixed (Baseline),1,137,31.22060057151829,30.32211446647078,-0.8984861050475113,0.001,0
Fixed (Baseline),1,138,31.22060057151829,30.32211446647078,-0.8984861050475113,0.001,0
Fixed (Baseline),1,139,31.22060057151829,30.32211446647078,-0.8984861050475113,0.001,0
Fixed (Baseline),1,140,31.22060057151829,30.32211446647078,-0.8984861050475113,0.001,0
Fixed (Baseline),1,141,31.22060057151829,30.32211446647078,-0.8984861050475113,0.001,0
Fixed (Baseline),1,142,31.22060057151829,30.32211446647078,-0.8984861050475113,0.001,0
Fixed (Baseline),1,143,31.22060057151829,30.32211446647078,-0.8984861050475113,0.001,0
Fixed (Baseline),1,144,31.22060057151829,30.32211446647078,-0.8984861050475113,0.001,0
Fixed (Baseline),1,145,31.22060057151829,30.32211446647078,-0.8984861050475113,0.001,0
Fixed (Baseline),1,146,31.22060057151829,30.32211446647078,-0.8984861050475113,0.001,0
Fixed (Baseline),1,147,31.22060057151829,30.32211446647078,-0.8984861050475113,0.001,0
Fixed (Baseline),1,148,31.22060057151829,30.32211446647078,-0.8984861050475113,0.001,0
Fixed (Baseline),1,149,31.22060057151829,30.32211446647078,-0.8984861050475113,0.001,0
Fixed (Baseline),1,150,31.22060057151829,30.32211446647078,-0.8984861050475113,0.001,0
Fixed (Baseline),2,1,52.882027652788366,33.72943365328502,-19.15259399950335,0.05,0
Fixed (Baseline),2,2,52.08832935801445,33.72791555338141,-18.360413804633044,0.025,0
Fixed (Baseline),2,3,51.8595432508381,33.72359964782757,-18.135943603010528,0.027500000000000004,0
Fixed (Baseline),2,4,37.71405226204831,33.52480849848375,-4.189243763564563,0.030250000000000006,0
Fixed (Baseline),2,5,37.140944605761675,33.31617354886446,-3.824771056897214,0.033275000000000006,0
Fixed (Baseline),2,6,39.23139218413829,33.30274649016956,-5.9286456939687335,0.016637500000000003,0
Fixed (Baseline),2,7,40.15559941011989,33.290100106887394,-6.865499303232499,0.008318750000000001,0
Fixed (Baseline),2,8,40.937579934347795,33.27324310151786,-7.664336832829932,0.009150625000000003,0
Fixed (Baseline),2,9,41.971800990868076,33.25303136799114,-8.718769622876932,0.010065687500000003,0
Fixed (Baseline),2,10,30.194548297150167,32.829094770369956,2.6345464732197903,0.011072256250000004,0
Fixed (Baseline),2,11,29.17600492857312,32.57705346436184,3.401048535788719,0.012179481875000005,0
Fixed (Baseline),2,12,29.327600957553116,32.336813374765725,3.009212417212611,0.006089740937500003,0
Fixed (Baseline),2,13,28.43381365889801,31.90442490031718,3.4706112414191694,0.0030448704687500014,0
Fixed (Baseline),2,14,29.156536436141046,31.74635781891052,2.589821382769474,0.0015224352343750007,0
Fixed (Baseline),2,15,28.82789833043752,31.743631306263783,2.915732975826264,0.001,0
Fixed (Baseline),2,16,28.479114019655977,31.725740393825497,3.24662637416952,0.0011,0
Fixed (Baseline),2,17,28.225761458266778,31.700572737617495,3.474811279350719,0.0012100000000000001,0
Fixed (Baseline),2,18,27.897890160731844,31.679267955529724,3.7813777947978786,0.0013310000000000002,0
Fixed (Baseline),2,19,26.14578689976553,31.42908786273268,5.283300962967149,0.0014641000000000003,0
Fixed (Baseline),2,20,25.99722217920191,31.402561781390844,5.405339602188934,0.0016105100000000005,0
Fixed (Baseline),2,21,25.80244501591669,31.375358997257962,5.572913981341273,0.001,0
Fixed (Baseline),2,22,25.617853756271664,31.335954037930765,5.718100281659101,0.0011,0
Fixed (Baseline),2,23,25.468569599928077,31.297133157645224,5.828563557717146,0.0012100000000000001,0
Fixed (Baseline),2,24,25.469150334834968,31.262239802399584,5.793089467564617,0.0013310000000000002,0
Fixed (Baseline),2,25,25.4804019366215,31.22201864313553,5.741616706514029,0.0014641000000000003,0
Fixed (Baseline),2,26,28.867581739453286,30.95679392502837,2.0892121855750863,0.0016105100000000005,0
Fixed (Baseline),2,27,28.947769383546706,30.913403096985782,1.9656337134390742,0.0017715610000000007,0
Fixed (Baseline),2,28,29.057381532221296,30.883886979627132,1.826505447405835,0.001,0
Fixed (Baseline),2,29,28.976403434360833,30.83896447100621,1.862561036645377,0.0011,0
Fixed (Baseline),2,30,22.615543341222523,30.37817267158813,7.762629330365605,0.0012100000000000001,0
Fixed (Baseline),2,31,22.57329194687901,30.330896585736127,7.757604638857116,0.0013310000000000002,0
Fixed (Baseline),2,32,22.671184705458636,30.293133962119647,7.621949256661011,0.001,0
Fixed (Baseline),2,33,25.297498929081144,30.06276570441611,4.765266775334964,0.0011,0
Fixed (Baseline),2,34,25.33212774954513,30.01947936764669,4.687351618101558,0.0012100000000000001,0
Fixed (Baseline),2,35,25.53718008468499,29.977865367485954,4.440685282800963,0.001,0
Fixed (Baseline),2,36,25.80922160203832,29.93464961292176,4.125428010883439,0.0011,0
Fixed (Baseline),2,37,26.131448506500362,29.895116889169024,3.7636683826686634,0.0012100000000000001,0
Fixed (Baseline),2,38,26.456459742803823,29.847156433359924,3.390696690556103,0.0013310000000000002,0
Fixed (Baseline),2,39,27.02320859923317,29.796581178959872,2.7733725797267046,0.0014641000000000003,0
Fixed (Baseline),2,40,27.022701598904547,29.758890496670794,2.7361888977662487,0.0016105100000000005,0
Fixed (Baseline),2,41,27.364391617190403,29.627999896529076,2.2636082793386723,0.0017715610000000007,0
Fixed (Baseline),2,42,27.25587973287062,29.509006825625093,2.253127092754473,0.0019487171000000009,0
Fixed (Baseline),2,43,27.358640899542134,29.455651086287777,2.097010186745643,0.001,0
Fixed (Baseline),2,44,24.53134096491714,29.522973183375495,4.9916322184583555,0.001,0
Fixed (Baseline),2,45,24.533489674868846,29.465959559917636,4.93246988504879,0.0011,0
Fixed (Baseline),2,46,24.546324795052836,29.394047685961464,4.847722890908628,0.001,0
Fixed (Baseline),2,47,24.55011594926236,29.332475025912046,4.782359076649687,0.0011,0
Fixed (Baseline),2,48,24.544275051064584,29.272673778492777,4.728398727428192,0.0012100000000000001,0
Fixed (Baseline),2,49,24.490599524067253,29.210552437493025,4.719952913425771,0.0013310000000000002,0
Fixed (Baseline),2,50,24.45351133405724,29.139299464878164,4.685788130820925,0.0014641000000000003,0
Fixed (Baseline),2,51,24.388358004000057,29.087204369601967,4.698846365601909,0.0016105100000000005,0
Fixed (Baseline),2,52,24.4586326675319,29.0319680544868,4.573335386954897,0.0017715610000000007,0
Fixed (Baseline),2,53,24.584760166628893,28.97517517846897,4.390415011840076,0.0019487171000000009,0
Fixed (Baseline),2,54,24.660332371787977,28.922625309181118,4.26229293739314,0.002143588810000001,0
Fixed (Baseline),2,55,24.81387020222813,28.87136205593651,4.057491853708378,0.0023579476910000016,0
Fixed (Baseline),2,56,24.87802463129571,28.827813899919008,3.9497892686232983,0.002593742460100002,0
Fixed (Baseline),2,57,24.839398019832792,28.78293261559343,3.943534595760637,0.0028531167061100022,0
Fixed (Baseline),2,58,24.10409365612357,28.565294484436585,4.4612008283130145,0.003138428376721003,0
Fixed (Baseline),2,59,24.162961696206136,28.55335850811066,4.390396811904523,0.0034522712143931033,0
Fixed (Baseline),2,60,24.230638928243643,28.534663868279605,4.304024940035961,0.0017261356071965517,0
Fixed (Baseline),2,61,24.23588068401551,28.519614733212677,4.283734049197167,0.001898749167916207,0
Fixed (Baseline),2,62,24.232499814130772,28.499842716694456,4.267342902563683,0.002088624084707828,0
Fixed (Baseline),2,63,24.171949269725978,28.476587186490278,4.304637916764299,0.002297486493178611,0
Fixed (Baseline),2,64,24.110153608072935,28.454360563280282,4.344206955207349,0.002527235142496472,0
Fixed (Baseline),2,65,24.017152574482182,28.433758256202996,4.416605681720813,0.0027799586567461196,0
Fixed (Baseline),2,66,23.97178652260231,28.421170108254366,4.449383585652054,0.003057954522420732,0
Fixed (Baseline),2,67,28.833641432924708,28.287247459999236,-0.5463939729254731,0.0033637499746628054,0
Fixed (Baseline),2,68,28.819218467098995,28.2731323194167,-0.5460861476822961,0.0016818749873314027,0
Fixed (Baseline),2,69,28.485446237379044,28.25625354937565,-0.22919268800339232,0.001,0
Fixed (Baseline),2,70,30.017521853819588,28.364201636797013,-1.6533202170225765,0.0011,0
Fixed (Baseline),2,71,30.19020541133103,28.336618858141488,-1.8535865531895415,0.0012100000000000001,0
Fixed (Baseline),2,72,29.813392357830516,28.309656532843736,-1.5037358249867818,0.001,0
Fixed (Baseline),2,73,29.541140244752246,28.28464159378507,-1.256498650967175,0.0011,0
Fixed (Baseline),2,74,29.389377122840187,28.25903678341743,-1.1303403394227576,0.0012100000000000001,0
Fixed (Baseline),2,75,29.048631342164146,28.2331135823436,-0.8155177598205464,0.0013310000000000002,0
Fixed (Baseline),2,76,28.828950642342114,28.211714537507618,-0.6172361048344985,0.0014641000000000003,0
Fixed (Baseline),2,77,28.781847742134346,28.19744357895212,-0.5844041631822225,0.0016105100000000005,0
Fixed (Baseline),2,78,28.885370917109686,28.18348101138617,-0.7018899057235167,0.0017715610000000007,0
Fixed (Baseline),2,79,28.941139135919215,28.170447685328387,-0.7706914505908292,0.0019487171000000009,0
Fixed (Baseline),2,80,28.977348514984484,28.1555278950224,-0.8218206199620844,0.002143588810000001,0
Fixed (Baseline),2,81,29.052362581065218,28.142223137934472,-0.9101394431307467,0.0023579476910000016,0
Fixed (Baseline),2,82,28.9484879937994,28.129155429306874,-0.8193325644925252,0.002593742460100002,0
Fixed (Baseline),2,83,28.773276572250328,28.11561342763605,-0.6576631446142797,0.0028531167061100022,0
Fixed (Baseline),2,84,28.65783726225185,28.105534469140338,-0.5523027931115102,0.003138428376721003,0
Fixed (Baseline),2,85,28.442129395041924,28.10167364175097,-0.3404557532909518,0.0034522712143931033,0
Fixed (Baseline),2,86,28.297793616596042,28.09505830861613,-0.20273530797991027,0.003797498335832414,0
Fixed (Baseline),2,87,28.404988976172433,28.087369192900194,-0.3176197832722396,0.004177248169415656,0
Fixed (Baseline),2,88,28.311735973315972,28.08398566815479,-0.22775030516118408,0.004594972986357222,0
Fixed (Baseline),2,89,28.49463142067067,28.07225541037594,-0.4223760102947309,0.002297486493178611,0
Fixed (Baseline),2,90,28.6311132043881,28.058726752087924,-0.5723864523001753,0.002527235142496472,0
Fixed (Baseline),2,91,28.55876987053949,28.0528648511326,-0.5059050194068897,0.0027799586567461196,0
Fixed (Baseline),2,92,28.587178871913025,28.043992015058446,-0.5431868568545783,0.003057954522420732,0
Fixed (Baseline),2,93,28.65921318208955,28.034125047049304,-0.6250881350402467,0.0033637499746628054,0
Fixed (Baseline),2,94,28.917499695006196,28.02149051384511,-0.8960091811610877,0.0037001249721290864,0
Fixed (Baseline),2,95,29.03730107271134,28.010696574632853,-1.026604498078487,0.0040701374693419955,0
Fixed (Baseline),2,96,29.107981259321903,28.004028688139986,-1.1039525711819178,0.004477151216276195,0
Fixed (Baseline),2,97,29.36199525437651,28.000198767666838,-1.3617964867096726,0.004924866337903815,0
Fixed (Baseline),2,98,29.343876796670365,27.99023579430854,-1.353641002361826,0.0024624331689519076,0
Fixed (Baseline),2,99,29.289088819926683,27.983715692035016,-1.3053731278916672,0.0027086764858470984,0
Fixed (Baseline),2,100,29.175408223620387,27.978058400602105,-1.197349823018283,0.0029795441344318083,0
Fixed (Baseline),2,101,29.12407787986073,27.968856325934475,-1.155221553926256,0.0032774985478749895,0
Fixed (Baseline),2,102,29.098043412899887,27.956821746198173,-1.1412216667017157,0.0036052484026624886,0
Fixed (Baseline),2,103,29.222104301399767,27.94713455119556,-1.2749697502042066,0.003965773242928738,0
Fixed (Baseline),2,104,29.351493862069937,27.940224244711068,-1.41126961735887,0.004362350567221612,0
Fixed (Baseline),2,105,29.2816709747514,27.934157367724254,-1.3475136070271472,0.002181175283610806,0
Fixed (Baseline),2,106,29.220615442403812,27.928395460106632,-1.2922199822971814,0.0023992928119718868,0
Fixed (Baseline),2,107,29.213885911688415,27.92343528913866,-1.290450622549755,0.0011996464059859434,0
Fixed (Baseline),2,108,29.09269876558331,27.917894836580267,-1.1748039290030452,0.001319611046584538,0
Fixed (Baseline),2,109,28.96270772625081,27.915745988250116,-1.0469617380006928,0.0014515721512429918,0
Fixed (Baseline),2,110,28.885232479412178,27.913947898210736,-0.9712845812014401,0.0015967293663672912,0
Fixed (Baseline),2,111,28.777913057263135,27.912562517275838,-0.8653505399872979,0.0017564023030040205,0
Fixed (Baseline),2,112,28.807009621873586,27.905042796600096,-0.9019668252734913,0.0019320425333044227,0
Fixed (Baseline),2,113,28.797684153048426,27.90077011755578,-0.8969140354926456,0.0021252467866348652,0
Fixed (Baseline),2,114,28.776796683797535,27.901353737330716,-0.8754429464668192,0.002337771465298352,0
Fixed (Baseline),2,115,28.84816909587311,27.89085911122377,-0.9573099846493408,0.001168885732649176,0
Fixed (Baseline),2,116,28.730080634490545,27.888953426127152,-0.8411272083633922,0.001,0
Fixed (Baseline),2,117,28.67082757106894,27.88434252167546,-0.7864850493934817,0.0011,0
Fixed (Baseline),2,118,28.630055714924836,27.879431247693688,-0.7506244672311485,0.0012100000000000001,0
Fixed (Baseline),2,119,28.598453795807206,27.873690715394286,-0.7247630804129197,0.0013310000000000002,0
Fixed (Baseline),2,120,28.56148249772438,27.868535011779457,-0.6929474859449235,0.0014641000000000003,0
Fixed (Baseline),2,121,28.534008981381504,27.86250199073698,-0.6715069906445229,0.0016105100000000005,0
Fixed (Baseline),2,122,28.513969519507587,27.855778926145835,-0.6581905933617508,0.0017715610000000007,0
Fixed (Baseline),2,123,28.71301821903263,27.84266836483127,-0.8703498542013618,0.0019487171000000009,0
Fixed (Baseline),2,124,28.784009196044696,27.8339679701679,-0.9500412258767946,0.002143588810000001,0
Fixed (Baseline),2,125,28.808983181346743,27.82904715553144,-0.9799360258153024,0.0023579476910000016,0
Fixed (Baseline),2,126,28.925026376974067,27.818928995948127,-1.1060973810259396,0.002593742460100002,0
Fixed (Baseline),2,127,29.00402099428996,27.81023375334838,-1.1937872409415788,0.001296871230050001,0
Fixed (Baseline),2,128,29.013428668345618,27.803073474773257,-1.2103551935723602,0.0014265583530550011,0
Fixed (Baseline),2,129,29.023431081594538,27.79576639055503,-1.2276646910395066,0.0015692141883605014,0
Fixed (Baseline),2,130,29.0611063397687,27.79169306913788,-1.2694132706308157,0.0017261356071965517,0
Fixed (Baseline),2,131,29.094231072080866,27.790404625500564,-1.303826446580303,0.001898749167916207,0
Fixed (Baseline),2,132,29.07572110724233,27.787902853968838,-1.2878182532734914,0.001,0
Fixed (Baseline),2,133,29.09189079339731,27.78503589148424,-1.306854901913071,0.0011,0
Fixed (Baseline),2,134,29.106634712405324,27.78198036330167,-1.324654349103652,0.0012100000000000001,0
Fixed (Baseline),2,135,29.120088516187604,27.778732975915016,-1.341355540272587,0.0013310000000000002,0
Fixed (Baseline),2,136,29.13148359689358,27.77511057897291,-1.3563730179206699,0.0014641000000000003,0
Fixed (Baseline),2,137,29.14151607183658,27.77119267424859,-1.370323397587993,0.0016105100000000005,0
Fixed (Baseline),2,138,29.15055822376469,27.767058590275006,-1.3834996334896843,0.0017715610000000007,0
Fixed (Baseline),2,139,29.200750555144822,27.763167172748698,-1.4375833823961237,0.0019487171000000009,0
Fixed (Baseline),2,140,29.209863290069443,27.76088848552702,-1.448974804542425,0.001,0
Fixed (Baseline),2,141,29.2301641674463,27.759077408480376,-1.471086758965923,0.0011,0
Fixed (Baseline),2,142,29.251826111664883,27.758018143639198,-1.4938079680256848,0.001,0
Fixed (Baseline),2,143,29.279905315269943,27.755982728864605,-1.5239225864053367,0.0011,0
Fixed (Baseline),2,144,29.301418750339327,27.754039010872695,-1.547379739466631,0.0012100000000000001,0
Fixed (Baseline),2,145,29.322680005973076,27.751959374159483,-1.5707206318135947,0.001,0
Fixed (Baseline),2,146,29.345088410363985,27.74987058341445,-1.595217826949536,0.001,0
Fixed (Baseline),2,147,29.368097201221417,27.74772092393631,-1.6203762772851065,0.001,0
Fixed (Baseline),2,148,29.391708702111906,27.745510191301452,-1.646198510810452,0.001,0
Fixed (Baseline),2,149,29.41592702057884,27.743237463287386,-1.672689557291455,0.001,0
Fixed (Baseline),2,150,29.440754106011497,27.740902533597552,-1.6998515724139462,0.001,0
Fixed (Baseline),3,1,36.82891246303848,33.376323512929346,-3.452588950109129,0.05,0
Fixed (Baseline),3,2,39.06751060114929,33.2656578306185,-5.801852770530787,0.025,0
Fixed (Baseline),3,3,39.569453948923396,33.25405275698305,-6.315401191940347,0.0125,0
Fixed (Baseline),3,4,39.59072458640212,33.234693276932816,-6.356031309469299,0.013750000000000002,0
Fixed (Baseline),3,5,39.71608666002973,33.212484267843145,-6.503602392186587,0.015125000000000003,0
Fixed (Baseline),3,6,39.88140491033035,33.20769669318385,-6.673708217146506,0.016637500000000003,0
Fixed (Baseline),3,7,39.918271425125624,33.206153241307575,-6.712118183818052,0.018301250000000005,0
Fixed (Baseline),3,8,39.95370850164316,33.2046790620811,-6.749029439562069,0.020131375000000007,0
Fixed (Baseline),3,9,39.98866070537112,33.20326430792075,-6.785396397450373,0.02214451250000001,0
Fixed (Baseline),3,10,40.023556344321605,33.20189749004081,-6.821658854280798,0.02435896375000001,0
Fixed (Baseline),3,11,40.05561816849787,33.20062548137024,-6.854992687127638,0.026794860125000014,0
Fixed (Baseline),3,12,40.092322792199006,33.199361700094904,-6.892961092104102,0.029474346137500017,0
Fixed (Baseline),3,13,40.14160757055426,33.19780105792802,-6.943806512626236,0.03242178075125002,0
Fixed (Baseline),3,14,40.196436899125075,33.19608644287673,-7.000350456248349,0.03566395882637502,0
Fixed (Baseline),3,15,40.25097866940998,33.194394724688166,-7.056583944721815,0.039230354709012524,0
Fixed (Baseline),3,16,40.30497365109731,33.192711230763116,-7.1122624203342,0.04315339017991378,0
Fixed (Baseline),3,17,40.35836314232023,33.19104353930477,-7.1673196030154545,0.04746872919790516,0
Fixed (Baseline),3,18,40.411206505275956,33.18938857658972,-7.221817928686236,0.05221560211769568,0
Fixed (Baseline),3,19,40.46356135272238,33.187751566558944,-7.275809786163438,0.057437162329465254,0
Fixed (Baseline),3,20,40.51514178335534,33.18613028630398,-7.329011497051362,0.06318087856241178,0
Fixed (Baseline),3,21,40.5661483374946,33.18452940188483,-7.381618935609772,0.06949896641865297,0
Fixed (Baseline),3,22,40.616733155483914,33.18294183584578,-7.433791319638133,0.07644886306051828,0
Fixed (Baseline),3,23,40.6664632875563,33.181375068213065,-7.485088219343235,0.08409374936657012,0
Fixed (Baseline),3,24,40.71593342635048,33.179824199851346,-7.536109226499135,0.09250312430322713,0
Fixed (Baseline),3,25,40.764357220698926,33.178299266462126,-7.586057954236803,0.10175343673354985,0
Fixed (Baseline),3,26,40.81365095916356,33.17678505292018,-7.636865906243382,0.11192878040690485,0
Fixed (Baseline),3,27,40.85943798195736,33.17529723022954,-7.6841407517278215,0.12312165844759534,0
Fixed (Baseline),3,28,40.8954225984064,33.173934424495066,-7.721488173911332,0.1354338242923549,0
Fixed (Baseline),3,29,40.954471054073814,33.17236354927986,-7.7821075047939585,0.1489772067215904,0
Fixed (Baseline),3,30,40.99785640354508,33.17095394386707,-7.82690245967801,0.16387492739374945,0
Fixed (Baseline),3,31,41.0428262701681,33.16954860939654,-7.8732776607715556,0.1802624201331244,0
Fixed (Baseline),3,32,41.08661245141031,33.16817192716056,-7.918440524249754,0.19828866214643687,0
Fixed (Baseline),3,33,41.1352929629468,33.16676698053911,-7.968525982407688,0.2,0
Fixed (Baseline),3,34,41.17231706989467,33.16547599646364,-8.006841073431026,0.2,0
Fixed (Baseline),3,35,41.1850822125405,33.165080684215425,-8.020001528325077,0.2,0
Fixed (Baseline),3,36,41.1850822125405,33.165080684215425,-8.020001528325077,0.2,0
Fixed (Baseline),3,37,41.1850036688164,33.16508113528787,-8.01992253352853,0.1,0
Fixed (Baseline),3,38,41.184980789399425,33.16508073897759,-8.019900050421832,0.05,0
Fixed (Baseline),3,39,41.18497351299233,33.165081010356204,-8.019892502636125,0.025,0
Fixed (Baseline),3,40,41.18507805621034,33.16507960814831,-8.019998448062026,0.0125,0
Fixed (Baseline),3,41,41.18496976554524,33.165080310915414,-8.019889454629828,0.00625,0
Fixed (Baseline),3,42,41.18492141069552,33.165081163594174,-8.01984024710135,0.003125,0
Fixed (Baseline),3,43,41.18991813234816,33.16504309463638,-8.02487503771178,0.0015625,0
Fixed (Baseline),3,44,41.17586524624282,33.165438580264166,-8.010426665978656,0.001,0
Fixed (Baseline),3,45,41.17586524624282,33.165438580264166,-8.010426665978656,0.001,0
Fixed (Baseline),3,46,41.17586524624282,33.165438580264166,-8.010426665978656,0.001,0
Fixed (Baseline),3,47,41.17586524624282,33.165438580264166,-8.010426665978656,0.001,0
Fixed (Baseline),3,48,41.17586524624282,33.165438580264166,-8.010426665978656,0.001,0
Fixed (Baseline),3,49,41.17586524624282,33.165438580264166,-8.010426665978656,0.001,0
Fixed (Baseline),3,50,41.17586524624282,33.165438580264166,-8.010426665978656,0.001,0
Fixed (Baseline),3,51,41.17586524624282,33.165438580264166,-8.010426665978656,0.001,0
Fixed (Baseline),3,52,41.17586524624282,33.165438580264166,-8.010426665978656,0.001,0
Fixed (Baseline),3,53,41.17586524624282,33.165438580264166,-8.010426665978656,0.001,0
Fixed (Baseline),3,54,41.17586524624282,33.165438580264166,-8.010426665978656,0.001,0
Fixed (Baseline),3,55,41.17586524624282,33.165438580264166,-8.010426665978656,0.001,0
Fixed (Baseline),3,56,41.17586524624282,33.165438580264166,-8.010426665978656,0.001,0
Fixed (Baseline),3,57,41.17586524624282,33.165438580264166,-8.010426665978656,0.001,0
Fixed (Baseline),3,58,41.17586524624282,33.165438580264166,-8.010426665978656,0.001,0
Fixed (Baseline),3,59,41.17586524624282,33.165438580264166,-8.010426665978656,0.001,0
Fixed (Baseline),3,60,41.17586524624282,33.165438580264166,-8.010426665978656,0.001,0
Fixed (Baseline),3,61,41.17586524624282,33.165438580264166,-8.010426665978656,0.001,0
Fixed (Baseline),3,62,41.17586524624282,33.165438580264166,-8.010426665978656,0.001,0
Fixed (Baseline),3,63,41.17586524624282,33.165438580264166,-8.010426665978656,0.001,0
Fixed (Baseline),3,64,41.17586524624282,33.165438580264166,-8.010426665978656,0.001,0
Fixed (Baseline),3,65,41.17586524624282,33.165438580264166,-8.010426665978656,0.001,0
Fixed (Baseline),3,66,41.17586524624282,33.165438580264166,-8.010426665978656,0.001,0
Fixed (Baseline),3,67,41.17586524624282,33.165438580264166,-8.010426665978656,0.001,0
Fixed (Baseline),3,68,41.17586524624282,33.165438580264166,-8.010426665978656,0.001,0
Fixed (Baseline),3,69,41.17586524624282,33.165438580264166,-8.010426665978656,0.001,0
Fixed (Baseline),3,70,41.17586524624282,33.165438580264166,-8.010426665978656,0.001,0
Fixed (Baseline),3,71,41.17586524624282,33.165438580264166,-8.010426665978656,0.001,0
Fixed (Baseline),3,72,41.17586524624282,33.165438580264166,-8.010426665978656,0.001,0
Fixed (Baseline),3,73,41.17586524624282,33.165438580264166,-8.010426665978656,0.001,0
Fixed (Baseline),3,74,41.17586524624282,33.165438580264166,-8.010426665978656,0.001,0
Fixed (Baseline),3,75,41.17586524624282,33.165438580264166,-8.010426665978656,0.001,0
Fixed (Baseline),3,76,41.17586524624282,33.165438580264166,-8.010426665978656,0.001,0
Fixed (Baseline),3,77,41.17586524624282,33.165438580264166,-8.010426665978656,0.001,0
Fixed (Baseline),3,78,41.17586524624282,33.165438580264166,-8.010426665978656,0.001,0
Fixed (Baseline),3,79,41.17586524624282,33.165438580264166,-8.010426665978656,0.001,0
Fixed (Baseline),3,80,41.17586524624282,33.165438580264166,-8.010426665978656,0.001,0
Fixed (Baseline),3,81,41.17586524624282,33.165438580264166,-8.010426665978656,0.001,0
Fixed (Baseline),3,82,41.17586524624282,33.165438580264166,-8.010426665978656,0.001,0
Fixed (Baseline),3,83,41.17586524624282,33.165438580264166,-8.010426665978656,0.001,0
Fixed (Baseline),3,84,41.17586524624282,33.165438580264166,-8.010426665978656,0.001,0
Fixed (Baseline),3,85,41.17586524624282,33.165438580264166,-8.010426665978656,0.001,0
Fixed (Baseline),3,86,41.17586524624282,33.165438580264166,-8.010426665978656,0.001,0
Fixed (Baseline),3,87,41.17586524624282,33.165438580264166,-8.010426665978656,0.001,0
Fixed (Baseline),3,88,41.17586524624282,33.165438580264166,-8.010426665978656,0.001,0
Fixed (Baseline),3,89,41.17586524624282,33.165438580264166,-8.010426665978656,0.001,0
Fixed (Baseline),3,90,41.17586524624282,33.165438580264166,-8.010426665978656,0.001,0
Fixed (Baseline),3,91,41.17586524624282,33.165438580264166,-8.010426665978656,0.001,0
Fixed (Baseline),3,92,41.17586524624282,33.165438580264166,-8.010426665978656,0.001,0
Fixed (Baseline),3,93,41.17586524624282,33.165438580264166,-8.010426665978656,0.001,0
Fixed (Baseline),3,94,41.17586524624282,33.165438580264166,-8.010426665978656,0.001,0
Fixed (Baseline),3,95,41.17586524624282,33.165438580264166,-8.010426665978656,0.001,0
Fixed (Baseline),3,96,41.17586524624282,33.165438580264166,-8.010426665978656,0.001,0
Fixed (Baseline),3,97,41.17586524624282,33.165438580264166,-8.010426665978656,0.001,0
Fixed (Baseline),3,98,41.17586524624282,33.165438580264166,-8.010426665978656,0.001,0
Fixed (Baseline),3,99,41.17586524624282,33.165438580264166,-8.010426665978656,0.001,0
Fixed (Baseline),3,100,41.17586524624282,33.165438580264166,-8.010426665978656,0.001,0
Fixed (Baseline),3,101,41.17586524624282,33.165438580264166,-8.010426665978656,0.001,0
Fixed (Baseline),3,102,41.17586524624282,33.165438580264166,-8.010426665978656,0.001,0
Fixed (Baseline),3,103,41.17586524624282,33.165438580264166,-8.010426665978656,0.001,0
Fixed (Baseline),3,104,41.17586524624282,33.165438580264166,-8.010426665978656,0.001,0
Fixed (Baseline),3,105,41.17586524624282,33.165438580264166,-8.010426665978656,0.001,0
Fixed (Baseline),3,106,41.17586524624282,33.165438580264166,-8.010426665978656,0.001,0
Fixed (Baseline),3,107,41.17586524624282,33.165438580264166,-8.010426665978656,0.001,0
Fixed (Baseline),3,108,41.17586524624282,33.165438580264166,-8.010426665978656,0.001,0
Fixed (Baseline),3,109,41.17586524624282,33.165438580264166,-8.010426665978656,0.001,0
Fixed (Baseline),3,110,41.17586524624282,33.165438580264166,-8.010426665978656,0.001,0
Fixed (Baseline),3,111,41.17586524624282,33.165438580264166,-8.010426665978656,0.001,0
Fixed (Baseline),3,112,41.17586524624282,33.165438580264166,-8.010426665978656,0.001,0
Fixed (Baseline),3,113,41.17586524624282,33.165438580264166,-8.010426665978656,0.001,0
Fixed (Baseline),3,114,41.17586524624282,33.165438580264166,-8.010426665978656,0.001,0
Fixed (Baseline),3,115,41.17586524624282,33.165438580264166,-8.010426665978656,0.001,0
Fixed (Baseline),3,116,41.17586524624282,33.165438580264166,-8.010426665978656,0.001,0
Fixed (Baseline),3,117,41.17586524624282,33.165438580264166,-8.010426665978656,0.001,0
Fixed (Baseline),3,118,41.17586524624282,33.165438580264166,-8.010426665978656,0.001,0
Fixed (Baseline),3,119,41.17586524624282,33.165438580264166,-8.010426665978656,0.001,0
Fixed (Baseline),3,120,41.17586524624282,33.165438580264166,-8.010426665978656,0.001,0
Fixed (Baseline),3,121,41.17586524624282,33.165438580264166,-8.010426665978656,0.001,0
Fixed (Baseline),3,122,41.17586524624282,33.165438580264166,-8.010426665978656,0.001,0
Fixed (Baseline),3,123,41.17586524624282,33.165438580264166,-8.010426665978656,0.001,0
Fixed (Baseline),3,124,41.17586524624282,33.165438580264166,-8.010426665978656,0.001,0
Fixed (Baseline),3,125,41.17586524624282,33.165438580264166,-8.010426665978656,0.001,0
Fixed (Baseline),3,126,41.17586524624282,33.165438580264166,-8.010426665978656,0.001,0
Fixed (Baseline),3,127,41.17586524624282,33.165438580264166,-8.010426665978656,0.001,0
Fixed (Baseline),3,128,41.17586524624282,33.165438580264166,-8.010426665978656,0.001,0
Fixed (Baseline),3,129,41.17586524624282,33.165438580264166,-8.010426665978656,0.001,0
Fixed (Baseline),3,130,41.17586524624282,33.165438580264166,-8.010426665978656,0.001,0
Fixed (Baseline),3,131,41.17586524624282,33.165438580264166,-8.010426665978656,0.001,0
Fixed (Baseline),3,132,41.17586524624282,33.165438580264166,-8.010426665978656,0.001,0
Fixed (Baseline),3,133,41.17586524624282,33.165438580264166,-8.010426665978656,0.001,0
Fixed (Baseline),3,134,41.17586524624282,33.165438580264166,-8.010426665978656,0.001,0
Fixed (Baseline),3,135,41.17586524624282,33.165438580264166,-8.010426665978656,0.001,0
Fixed (Baseline),3,136,41.17586524624282,33.165438580264166,-8.010426665978656,0.001,0
Fixed (Baseline),3,137,41.17586524624282,33.165438580264166,-8.010426665978656,0.001,0
Fixed (Baseline),3,138,41.17586524624282,33.165438580264166,-8.010426665978656,0.001,0
Fixed (Baseline),3,139,41.17586524624282,33.165438580264166,-8.010426665978656,0.001,0
Fixed (Baseline),3,140,41.17586524624282,33.165438580264166,-8.010426665978656,0.001,0
Fixed (Baseline),3,141,41.17586524624282,33.165438580264166,-8.010426665978656,0.001,0
Fixed (Baseline),3,142,41.17586524624282,33.165438580264166,-8.010426665978656,0.001,0
Fixed (Baseline),3,143,41.17586524624282,33.165438580264166,-8.010426665978656,0.001,0
Fixed (Baseline),3,144,41.17586524624282,33.165438580264166,-8.010426665978656,0.001,0
Fixed (Baseline),3,145,41.17586524624282,33.165438580264166,-8.010426665978656,0.001,0
Fixed (Baseline),3,146,41.17586524624282,33.165438580264166,-8.010426665978656,0.001,0
Fixed (Baseline),3,147,41.17586524624282,33.165438580264166,-8.010426665978656,0.001,0
Fixed (Baseline),3,148,41.17586524624282,33.165438580264166,-8.010426665978656,0.001,0
Fixed (Baseline),3,149,41.17586524624282,33.165438580264166,-8.010426665978656,0.001,0
Fixed (Baseline),3,150,41.17586524624282,33.165438580264166,-8.010426665978656,0.001,0
Fixed (Baseline),4,1,31.335549688750678,32.880092632039364,1.5445429432886861,0.05,0
Fixed (Baseline),4,2,30.8568680019697,32.18033893605238,1.3234709340826776,0.025,0
Fixed (Baseline),4,3,26.375526742327377,31.93287244151839,5.557345699191015,0.0125,0
Fixed (Baseline),4,4,26.659557617538358,31.9317157950921,5.2721581775537425,0.00625,0
Fixed (Baseline),4,5,27.107396012265188,31.929675954305043,4.822279942039856,0.003125,0
Fixed (Baseline),4,6,27.476072524415418,31.918176233372822,4.442103708957403,0.0034375000000000005,0
Fixed (Baseline),4,7,27.780544794089323,31.911257308990237,4.130712514900915,0.0037812500000000008,0
Fixed (Baseline),4,8,28.07209859719107,31.89955122608142,3.8274526288903528,0.004159375000000001,0
Fixed (Baseline),4,9,28.24976035243462,31.882921925278787,3.633161572844168,0.004575312500000001,0
Fixed (Baseline),4,10,28.595639579362025,31.86464936279613,3.269009783434104,0.005032843750000002,0
Fixed (Baseline),4,11,29.006021215197386,31.84037133263876,2.8343501174413728,0.005536128125000002,0
Fixed (Baseline),4,12,29.33341850125304,31.81642113137182,2.4830026301187793,0.006089740937500003,0
Fixed (Baseline),4,13,25.463964619101766,31.760533235730506,6.29656861662874,0.0066987150312500035,0
Fixed (Baseline),4,14,25.70457571712953,31.74954972662257,6.04497400949304,0.007368586534375004,0
Fixed (Baseline),4,15,26.012938157654528,31.741179876120924,5.728241718466396,0.008105445187812504,0
Fixed (Baseline),4,16,26.342801799384045,31.726995429649072,5.384193630265027,0.008915989706593755,0
Fixed (Baseline),4,17,26.5058900614089,31.714230821244467,5.208340759835567,0.009807588677253131,0
Fixed (Baseline),4,18,26.758866696145788,31.70848899209267,4.94962229594688,0.010788347544978445,0
Fixed (Baseline),4,19,26.973031454411004,31.717723079086795,4.744691624675791,0.01186718229947629,0
Fixed (Baseline),4,20,27.055672735311532,31.700332608929934,4.644659873618402,0.01305390052942392,0
Fixed (Baseline),4,21,27.292632780998368,31.68564298744831,4.393010206449943,0.014359290582366313,0
Fixed (Baseline),4,22,27.46345405839635,31.667374321124036,4.203920262727685,0.015795219640602945,0
Fixed (Baseline),4,23,27.420377120791727,31.652500219914895,4.232123099123166,0.007897609820301472,0
Fixed (Baseline),4,24,27.467474830058723,31.640904593536426,4.173429763477704,0.003948804910150736,0
Fixed (Baseline),4,25,24.26898545085889,31.43331883765235,7.164333386793463,0.001974402455075368,0
Fixed (Baseline),4,26,25.985042458098217,31.21787113822659,5.232828680128375,0.0021718427005829053,0
Fixed (Baseline),4,27,26.181435829014205,30.75092348913692,4.569487660122715,0.0010859213502914526,0
Fixed (Baseline),4,28,24.308982297735128,30.158596411665165,5.849614113930038,0.001,0
Fixed (Baseline),4,29,24.840946001978306,29.47778932476778,4.636843322789475,0.001,0
Fixed (Baseline),4,30,26.984907327958936,29.290281829044304,2.305374501085369,0.001,0
Fixed (Baseline),4,31,24.906050448757078,29.092854032029262,4.186803583272185,0.0011,0
Fixed (Baseline),4,32,24.444575165648953,29.098543207964227,4.653968042315275,0.001,0
Fixed (Baseline),4,33,24.139802692688193,29.09441389686457,4.954611204176377,0.0011,0
Fixed (Baseline),4,34,23.909684495674046,29.078766183050778,5.169081687376731,0.0012100000000000001,0
Fixed (Baseline),4,35,23.74270749882165,29.06097033132443,5.318262832502778,0.0013310000000000002,0
Fixed (Baseline),4,36,23.598652758556725,29.04828448669835,5.449631728141625,0.0014641000000000003,0
Fixed (Baseline),4,37,23.494202869678823,29.031718830638347,5.537515960959524,0.0016105100000000005,0
Fixed (Baseline),4,38,23.4385271666678,29.013234831599046,5.574707664931246,0.0017715610000000007,0
Fixed (Baseline),4,39,23.35698468296174,28.9960909738777,5.639106290915957,0.0019487171000000009,0
Fixed (Baseline),4,40,23.30299688857427,28.979041665836114,5.676044777261843,0.002143588810000001,0
Fixed (Baseline),4,41,23.228268231831553,28.965139888886586,5.736871657055033,0.0023579476910000016,0
Fixed (Baseline),4,42,23.170860811634615,28.95402692268096,5.783166111046346,0.002593742460100002,0
Fixed (Baseline),4,43,23.182422660902837,28.937850874577848,5.755428213675011,0.0028531167061100022,0
Fixed (Baseline),4,44,23.20095656231795,28.924999990376286,5.724043428058336,0.003138428376721003,0
Fixed (Baseline),4,45,23.152308536356227,28.926260712108267,5.773952175752041,0.0034522712143931033,0
Fixed (Baseline),4,46,23.116429874122424,28.92850639752652,5.812076523404095,0.003797498335832414,0
Fixed (Baseline),4,47,23.1016032001132,28.936252568940468,5.834649368827267,0.004177248169415656,0
Fixed (Baseline),4,48,23.10425123713915,28.93230998348716,5.8280587463480105,0.004594972986357222,0
Fixed (Baseline),4,49,23.174982120284643,28.92882237898002,5.753840258695376,0.005054470284992944,0
Fixed (Baseline),4,50,23.195008732973417,28.94183987137245,5.746831138399034,0.005559917313492239,0
Fixed (Baseline),4,51,23.319249169246078,28.940071749025922,5.620822579779845,0.006115909044841464,0
Fixed (Baseline),4,52,23.35659766895224,28.95028416837242,5.59368649942018,0.006727499949325611,0
Fixed (Baseline),4,53,23.468074199154213,28.958424816861378,5.490350617707166,0.007400249944258173,0
Fixed (Baseline),4,54,23.470102216804953,28.972855106724843,5.502752889919891,0.008140274938683991,0
Fixed (Baseline),4,55,23.60641253218646,28.96936707242601,5.36295454023955,0.00895430243255239,0
Fixed (Baseline),4,56,23.697517635120217,28.9585000359138,5.2609824007935835,0.00984973267580763,0
Fixed (Baseline),4,57,23.760022888529033,28.955569321054014,5.1955464325249805,0.010834705943388393,0
Fixed (Baseline),4,58,23.794708562707935,28.94545623319741,5.150747670489477,0.011918176537727233,0
Fixed (Baseline),4,59,23.77813189109534,28.93597420113979,5.1578423100444475,0.013109994191499958,0
Fixed (Baseline),4,60,23.87410098345312,28.921616038262165,5.047515054809047,0.014420993610649954,0
Fixed (Baseline),4,61,23.9084743458624,28.908985105539976,5.000510759677578,0.01586309297171495,0
Fixed (Baseline),4,62,23.880092479436694,28.89812641444859,5.018033935011897,0.007931546485857475,0
Fixed (Baseline),4,63,23.875292469854497,28.88749470996563,5.012202240111133,0.008724701134443224,0
Fixed (Baseline),4,64,23.853236435571468,28.879689308227388,5.02645287265592,0.009597171247887547,0
Fixed (Baseline),4,65,23.804996124302413,28.875912963013015,5.070916838710603,0.010556888372676303,0
Fixed (Baseline),4,66,23.79834934149419,28.870311287426546,5.071961945932355,0.011612577209943934,0
Fixed (Baseline),4,67,23.791671759420883,28.862302149683018,5.070630390262136,0.01277383493093833,0
Fixed (Baseline),4,68,23.741693280730445,28.85556612735901,5.113872846628563,0.014051218424032164,0
Fixed (Baseline),4,69,23.68295579803773,28.851473970299708,5.168518172261976,0.015456340266435381,0
Fixed (Baseline),4,70,23.658296347239016,28.847458878001483,5.189162530762465,0.017001974293078922,0
Fixed (Baseline),4,71,23.600984910291828,28.842180772108463,5.241195861816636,0.018702171722386817,0
Fixed (Baseline),4,72,23.581617296130208,28.840447408742342,5.258830112612135,0.0205723888946255,0
Fixed (Baseline),4,73,23.538837188283242,28.837199616451294,5.29836242816805,0.02262962778408805,0
Fixed (Baseline),4,74,23.497845850636637,28.83145104013638,5.333605189499742,0.024892590562496857,0
Fixed (Baseline),4,75,23.44540565182153,28.830803738535216,5.385398086713686,0.027381849618746547,0
Fixed (Baseline),4,76,23.48630644892055,28.830481265890427,5.3441748169698755,0.030120034580621204,0
Fixed (Baseline),4,77,23.488329573767373,28.822440506070937,5.334110932303562,0.03313203803868333,0
Fixed (Baseline),4,78,23.366835079684172,28.82820825566081,5.46137317597664,0.016566019019341665,0
Fixed (Baseline),4,79,23.30552841756152,28.827754199059164,5.522225781497646,0.018222620921275832,0
Fixed (Baseline),4,80,23.309645157205427,28.826872629189587,5.517227471984161,0.020044883013403417,0
Fixed (Baseline),4,81,23.282485470116423,28.82156940730679,5.539083937190365,0.02204937131474376,0
Fixed (Baseline),4,82,23.21088359467991,28.82147918816973,5.61059559348982,0.024254308446218138,0
Fixed (Baseline),4,83,23.230776226205247,28.820721434848817,5.58994520864357,0.026679739290839954,0
Fixed (Baseline),4,84,23.207642129803993,28.813815955262445,5.606173825458453,0.02934771321992395,0
Fixed (Baseline),4,85,23.108347581322416,28.816745239404845,5.70839765808243,0.014673856609961976,0
Fixed (Baseline),4,86,23.047715482459832,28.815996200409955,5.768280717950122,0.016141242270958176,0
Fixed (Baseline),4,87,23.04119920706966,28.81478204577877,5.7735828387091095,0.017755366498053995,0
Fixed (Baseline),4,88,23.006963960365546,28.809749207770942,5.802785247405396,0.019530903147859397,0
Fixed (Baseline),4,89,22.94138734598144,28.809162803899767,5.867775457918327,0.02148399346264534,0
Fixed (Baseline),4,90,22.9579697868147,28.809492545153322,5.8515227583386205,0.023632392808909875,0
Fixed (Baseline),4,91,22.93893901579621,28.804989349752105,5.866050333955898,0.025995632089800866,0
Fixed (Baseline),4,92,22.86401534521791,28.809092990639677,5.945077645421766,0.012997816044900433,0
Fixed (Baseline),4,93,22.824107496330374,28.81023397908992,5.986126482759546,0.014297597649390478,0
Fixed (Baseline),4,94,22.79110714042759,28.81082769452288,6.01972055409529,0.007148798824695239,0
Fixed (Baseline),4,95,22.75986626117941,28.81199765289879,6.052131391719377,0.0035743994123476194,0
Fixed (Baseline),4,96,22.732441038451825,28.812053083211655,6.07961204475983,0.003931839353582382,0
Fixed (Baseline),4,97,22.708915504388163,28.812066056628233,6.103150552240071,0.0043250232889406205,0
Fixed (Baseline),4,98,22.683785881795,28.811689261504867,6.127903379709866,0.004757525617834683,0
Fixed (Baseline),4,99,22.66066795183225,28.811709004453316,6.151041052621069,0.005233278179618152,0
Fixed (Baseline),4,100,22.635998118871846,28.811216722872132,6.1752186040002846,0.005756605997579968,0
Fixed (Baseline),4,101,22.613365737931314,28.811208855853554,6.197843117922239,0.006332266597337965,0
Fixed (Baseline),4,102,22.588447721850592,28.810641431501985,6.222193709651393,0.006965493257071762,0
Fixed (Baseline),4,103,22.583801987053928,28.811999372379695,6.228197385325768,0.007662042582778939,0
Fixed (Baseline),4,104,22.566029741620127,28.811961807322,6.245932065701873,0.008428246841056834,0
Fixed (Baseline),4,105,22.561470710242833,28.813589376996028,6.252118666753195,0.009271071525162518,0
Fixed (Baseline),4,106,22.561800790818562,28.814779157824777,6.2529783670062145,0.010198178677678771,0
Fixed (Baseline),4,107,22.55616965320757,28.81512362807467,6.258953974867101,0.011217996545446649,0
Fixed (Baseline),4,108,22.539807890396492,28.8154021928379,6.275594302441408,0.012339796199991315,0
Fixed (Baseline),4,109,22.538653218758657,28.816249344034773,6.2775961252761165,0.013573775819990449,0
Fixed (Baseline),4,110,22.56045448791922,28.819787388818256,6.259332900899035,0.014931153401989495,0
Fixed (Baseline),4,111,22.537645978015956,28.819140518430633,6.281494540414678,0.016424268742188445,0
Fixed (Baseline),4,112,22.514264502267494,28.82135806473339,6.307093562465895,0.008212134371094222,0
Fixed (Baseline),4,113,22.522270982959036,28.82494498733561,6.302674004376574,0.009033347808203645,0
Fixed (Baseline),4,114,22.488422368242876,28.82431321322148,6.3358908449786036,0.004516673904101823,0
Fixed (Baseline),4,115,22.476203413059572,28.826323206674562,6.350119793614989,0.0022583369520509113,0
Fixed (Baseline),4,116,22.476196600309994,28.82860046308157,6.352403862771578,0.0024841706472560027,0
Fixed (Baseline),4,117,22.462700273502296,28.829349089130236,6.36664881562794,0.0012420853236280013,0
Fixed (Baseline),4,118,22.470365944331974,28.829693781441858,6.359327837109884,0.0013662938559908017,0
Fixed (Baseline),4,119,22.489493025774397,28.83070622774559,6.341213201971192,0.001502923241589882,0
Fixed (Baseline),4,120,22.508761197882436,28.831800209631446,6.323039011749009,0.0016532155657488703,0
Fixed (Baseline),4,121,22.512481163926278,28.83132077809064,6.31883961416436,0.0018185371223237575,0
Fixed (Baseline),4,122,22.525738355468455,28.831800819999845,6.306062464531391,0.0020003908345561333,0
Fixed (Baseline),4,123,22.545568355745857,28.833017258602304,6.287448902856448,0.0022004299180117468,0
Fixed (Baseline),4,124,22.565586190456532,28.834291658533857,6.268705468077326,0.0024204729098129215,0
Fixed (Baseline),4,125,22.58744441729096,28.835834400174374,6.248389982883414,0.002662520200794214,0
Fixed (Baseline),4,126,22.605838228858815,28.83702558603508,6.231187357176265,0.0029287722208736354,0
Fixed (Baseline),4,127,22.6144248441709,28.83688057124234,6.222455727071437,0.003221649442960999,0
Fixed (Baseline),4,128,22.6253470067363,28.837676915593345,6.212329908857048,0.0035438143872570994,0
Fixed (Baseline),4,129,22.65100782304603,28.83924935452569,6.188241531479662,0.0038981958259828096,0
Fixed (Baseline),4,130,22.6678056551967,28.840852819042762,6.17304716384606,0.004288015408581091,0
Fixed (Baseline),4,131,22.69691784808043,28.842271290687414,6.145353442606983,0.0047168169494392,0
Fixed (Baseline),4,132,22.71269887906765,28.84406290042714,6.1313640213594915,0.005188498644383121,0
Fixed (Baseline),4,133,22.73985171403345,28.84450693349793,6.104655219464479,0.005707348508821434,0
Fixed (Baseline),4,134,22.754007225084063,28.845898126873433,6.09189090178937,0.006278083359703578,0
Fixed (Baseline),4,135,22.794115988188672,28.846961283862385,6.052845295673713,0.006905891695673936,0
Fixed (Baseline),4,136,22.80956346379087,28.848480513167786,6.0389170493769155,0.00759648086524133,0
Fixed (Baseline),4,137,22.8465015471552,28.85018239477551,6.003680847620308,0.008356128951765464,0
Fixed (Baseline),4,138,22.843532257963368,28.850176688200012,6.006644430236645,0.009191741846942011,0
Fixed (Baseline),4,139,22.880811967323098,28.85084970236501,5.970037735041914,0.010110916031636214,0
Fixed (Baseline),4,140,22.908301404211258,28.85274097128914,5.9444395670778825,0.011122007634799836,0
Fixed (Baseline),4,141,22.92301214659767,28.854278856486694,5.931266709889023,0.01223420839827982,0
Fixed (Baseline),4,142,22.942421121361296,28.85497661753277,5.912555496171474,0.013457629238107803,0
Fixed (Baseline),4,143,22.993073412516893,28.859016437059452,5.865943024542561,0.014803392161918585,0
Fixed (Baseline),4,144,23.01256025714758,28.859507854400483,5.846947597252902,0.016283731378110445,0
Fixed (Baseline),4,145,23.044788126376805,28.858803276274205,5.8140151498974015,0.01791210451592149,0
Fixed (Baseline),4,146,23.064945159765838,28.860118241183642,5.795173081417803,0.01970331496751364,0
Fixed (Baseline),4,147,23.125896080441038,28.860566542957255,5.734670462516216,0.021673646464265006,0
Fixed (Baseline),4,148,23.204576313701004,28.86099364820136,5.656417334500358,0.02384101111069151,0
Fixed (Baseline),4,149,23.17288381070048,28.862495656806203,5.689611846105723,0.026225112221760664,0
Fixed (Baseline),4,150,23.231429821302275,28.863942700756677,5.632512879454403,0.028847623443936734,0
One-Shot SA + Freeze,0,1,38.439947120003524,33.5582161698438,-4.88173095015972,0.05,0
One-Shot SA + Freeze,0,2,34.75677916353158,33.43080906435223,-1.3259700991793484,0.025,1
One-Shot SA + Freeze,0,3,36.39871469545553,33.3928793195714,-3.005835375884129,0.027500000000000004,2
One-Shot SA + Freeze,0,4,36.39871469545553,33.3928793195714,-3.005835375884129,0.013750000000000002,2
One-Shot SA + Freeze,0,5,40.26694911448373,33.471224221795815,-6.795724892687912,0.006875000000000001,3
One-Shot SA + Freeze,0,6,40.26694911448373,33.471224221795815,-6.795724892687912,0.0075625000000000015,3
One-Shot SA + Freeze,0,7,40.26694911448373,33.471224221795815,-6.795724892687912,0.008318750000000001,3
One-Shot SA + Freeze,0,8,40.91337519294735,33.44880860205642,-7.464566590890935,0.009150625000000003,4
One-Shot SA + Freeze,0,9,40.91337519294735,33.44880860205642,-7.464566590890935,0.010065687500000003,4
One-Shot SA + Freeze,0,10,44.10188725961785,33.45806703588948,-10.643820223728369,0.011072256250000004,5
One-Shot SA + Freeze,0,11,44.10188725961785,33.45806703588948,-10.643820223728369,0.012179481875000005,5
One-Shot SA + Freeze,0,12,44.10188725961785,33.45806703588948,-10.643820223728369,0.013397430062500007,5
One-Shot SA + Freeze,0,13,44.10188725961785,33.45806703588948,-10.643820223728369,0.014737173068750008,5
One-Shot SA + Freeze,0,14,44.10188725961785,33.45806703588948,-10.643820223728369,0.01621089037562501,5
One-Shot SA + Freeze,0,15,44.10188725961785,33.45806703588948,-10.643820223728369,0.01783197941318751,5
One-Shot SA + Freeze,0,16,44.10188725961785,33.45806703588948,-10.643820223728369,0.019615177354506262,5
One-Shot SA + Freeze,0,17,44.10188725961785,33.45806703588948,-10.643820223728369,0.02157669508995689,5
One-Shot SA + Freeze,0,18,44.10188725961785,33.45806703588948,-10.643820223728369,0.02373436459895258,5
One-Shot SA + Freeze,0,19,44.10188725961785,33.45806703588948,-10.643820223728369,0.02610780105884784,5
One-Shot SA + Freeze,0,20,44.10188725961785,33.45806703588948,-10.643820223728369,0.028718581164732627,5
One-Shot SA + Freeze,0,21,44.10188725961785,33.45806703588948,-10.643820223728369,0.03159043928120589,5
One-Shot SA + Freeze,0,22,44.10188725961785,33.45806703588948,-10.643820223728369,0.034749483209326484,5
One-Shot SA + Freeze,0,23,44.10188725961785,33.45806703588948,-10.643820223728369,0.03822443153025914,5
One-Shot SA + Freeze,0,24,44.10188725961785,33.45806703588948,-10.643820223728369,0.04204687468328506,5
One-Shot SA + Freeze,0,25,44.10188725961785,33.45806703588948,-10.643820223728369,0.046251562151613565,5
One-Shot SA + Freeze,0,26,44.10188725961785,33.45806703588948,-10.643820223728369,0.050876718366774924,5
One-Shot SA + Freeze,0,27,44.10188725961785,33.45806703588948,-10.643820223728369,0.055964390203452424,5
One-Shot SA + Freeze,0,28,44.10188725961785,33.45806703588948,-10.643820223728369,0.06156082922379767,5
One-Shot SA + Freeze,0,29,44.10188725961785,33.45806703588948,-10.643820223728369,0.06771691214617745,5
One-Shot SA + Freeze,0,30,44.10188725961785,33.45806703588948,-10.643820223728369,0.0744886033607952,5
One-Shot SA + Freeze,0,31,44.10188725961785,33.45806703588948,-10.643820223728369,0.08193746369687473,5
One-Shot SA + Freeze,0,32,44.10188725961785,33.45806703588948,-10.643820223728369,0.0901312100665622,5
One-Shot SA + Freeze,0,33,44.10188725961785,33.45806703588948,-10.643820223728369,0.09914433107321843,5
One-Shot SA + Freeze,0,34,44.10188725961785,33.45806703588948,-10.643820223728369,0.10905876418054028,5
One-Shot SA + Freeze,0,35,44.10188725961785,33.45806703588948,-10.643820223728369,0.11996464059859431,5
One-Shot SA + Freeze,0,36,44.10188725961785,33.45806703588948,-10.643820223728369,0.13196110465845376,5
One-Shot SA + Freeze,0,37,44.10188725961785,33.45806703588948,-10.643820223728369,0.14515721512429916,5
One-Shot SA + Freeze,0,38,44.10188725961785,33.45806703588948,-10.643820223728369,0.1596729366367291,5
One-Shot SA + Freeze,0,39,44.10188725961785,33.45806703588948,-10.643820223728369,0.17564023030040202,5
One-Shot SA + Freeze,0,40,44.10188725961785,33.45806703588948,-10.643820223728369,0.19320425333044222,5
One-Shot SA + Freeze,0,41,44.10188725961785,33.45806703588948,-10.643820223728369,0.2,5
One-Shot SA + Freeze,0,42,44.10188725961785,33.45806703588948,-10.643820223728369,0.2,5
One-Shot SA + Freeze,0,43,44.10188725961785,33.45806703588948,-10.643820223728369,0.2,5
One-Shot SA + Freeze,0,44,44.10188725961785,33.45806703588948,-10.643820223728369,0.2,5
One-Shot SA + Freeze,0,45,44.10188725961785,33.45806703588948,-10.643820223728369,0.2,5
One-Shot SA + Freeze,0,46,44.10188725961785,33.45806703588948,-10.643820223728369,0.2,5
One-Shot SA + Freeze,0,47,44.10188725961785,33.45806703588948,-10.643820223728369,0.2,5
One-Shot SA + Freeze,0,48,44.10188725961785,33.45806703588948,-10.643820223728369,0.2,5
One-Shot SA + Freeze,0,49,44.10188725961785,33.45806703588948,-10.643820223728369,0.2,5
One-Shot SA + Freeze,0,50,44.10188725961785,33.45806703588948,-10.643820223728369,0.2,5
One-Shot SA + Freeze,0,51,44.10188725961785,33.45806703588948,-10.643820223728369,0.2,5
One-Shot SA + Freeze,0,52,44.10188725961785,33.45806703588948,-10.643820223728369,0.2,5
One-Shot SA + Freeze,0,53,44.10188725961785,33.45806703588948,-10.643820223728369,0.2,5
One-Shot SA + Freeze,0,54,44.10188725961785,33.45806703588948,-10.643820223728369,0.2,5
One-Shot SA + Freeze,0,55,44.10188725961785,33.45806703588948,-10.643820223728369,0.2,5
One-Shot SA + Freeze,0,56,44.10188725961785,33.45806703588948,-10.643820223728369,0.2,5
One-Shot SA + Freeze,0,57,44.10188725961785,33.45806703588948,-10.643820223728369,0.2,5
One-Shot SA + Freeze,0,58,44.10188725961785,33.45806703588948,-10.643820223728369,0.2,5
One-Shot SA + Freeze,0,59,44.10188725961785,33.45806703588948,-10.643820223728369,0.2,5
One-Shot SA + Freeze,0,60,44.10188725961785,33.45806703588948,-10.643820223728369,0.2,5
One-Shot SA + Freeze,0,61,44.10188725961785,33.45806703588948,-10.643820223728369,0.2,5
One-Shot SA + Freeze,0,62,44.10188725961785,33.45806703588948,-10.643820223728369,0.2,5
One-Shot SA + Freeze,0,63,44.10188725961785,33.45806703588948,-10.643820223728369,0.2,5
One-Shot SA + Freeze,0,64,44.10188725961785,33.45806703588948,-10.643820223728369,0.2,5
One-Shot SA + Freeze,0,65,44.10188725961785,33.45806703588948,-10.643820223728369,0.2,5
One-Shot SA + Freeze,0,66,44.10188725961785,33.45806703588948,-10.643820223728369,0.2,5
One-Shot SA + Freeze,0,67,44.10188725961785,33.45806703588948,-10.643820223728369,0.2,5
One-Shot SA + Freeze,0,68,44.10188725961785,33.45806703588948,-10.643820223728369,0.2,5
One-Shot SA + Freeze,0,69,44.10188725961785,33.45806703588948,-10.643820223728369,0.2,5
One-Shot SA + Freeze,0,70,44.10188725961785,33.45806703588948,-10.643820223728369,0.2,5
One-Shot SA + Freeze,0,71,44.10188725961785,33.45806703588948,-10.643820223728369,0.2,5
One-Shot SA + Freeze,0,72,44.10188725961785,33.45806703588948,-10.643820223728369,0.2,5
One-Shot SA + Freeze,0,73,44.10188725961785,33.45806703588948,-10.643820223728369,0.2,5
One-Shot SA + Freeze,0,74,44.10188725961785,33.45806703588948,-10.643820223728369,0.2,5
One-Shot SA + Freeze,0,75,44.10188725961785,33.45806703588948,-10.643820223728369,0.2,5
One-Shot SA + Freeze,0,76,44.10188725961785,33.45806703588948,-10.643820223728369,0.2,5
One-Shot SA + Freeze,0,77,44.10188725961785,33.45806703588948,-10.643820223728369,0.2,5
One-Shot SA + Freeze,0,78,44.10188725961785,33.45806703588948,-10.643820223728369,0.2,5
One-Shot SA + Freeze,0,79,44.10188725961785,33.45806703588948,-10.643820223728369,0.2,5
One-Shot SA + Freeze,0,80,44.10188725961785,33.45806703588948,-10.643820223728369,0.2,5
One-Shot SA + Freeze,0,81,44.10188725961785,33.45806703588948,-10.643820223728369,0.2,5
One-Shot SA + Freeze,0,82,44.10188725961785,33.45806703588948,-10.643820223728369,0.2,5
One-Shot SA + Freeze,0,83,44.10188725961785,33.45806703588948,-10.643820223728369,0.2,5
One-Shot SA + Freeze,0,84,44.10188725961785,33.45806703588948,-10.643820223728369,0.2,5
One-Shot SA + Freeze,0,85,44.10188725961785,33.45806703588948,-10.643820223728369,0.2,5
One-Shot SA + Freeze,0,86,44.10188725961785,33.45806703588948,-10.643820223728369,0.2,5
One-Shot SA + Freeze,0,87,44.10188725961785,33.45806703588948,-10.643820223728369,0.2,5
One-Shot SA + Freeze,0,88,44.10188725961785,33.45806703588948,-10.643820223728369,0.2,5
One-Shot SA + Freeze,0,89,44.10188725961785,33.45806703588948,-10.643820223728369,0.2,5
One-Shot SA + Freeze,0,90,44.10188725961785,33.45806703588948,-10.643820223728369,0.2,5
One-Shot SA + Freeze,0,91,44.10188725961785,33.45806703588948,-10.643820223728369,0.2,5
One-Shot SA + Freeze,0,92,44.10188725961785,33.45806703588948,-10.643820223728369,0.2,5
One-Shot SA + Freeze,0,93,44.10188725961785,33.45806703588948,-10.643820223728369,0.2,5
One-Shot SA + Freeze,0,94,44.10188725961785,33.45806703588948,-10.643820223728369,0.2,5
One-Shot SA + Freeze,0,95,44.10188725961785,33.45806703588948,-10.643820223728369,0.2,5
One-Shot SA + Freeze,0,96,44.10188725961785,33.45806703588948,-10.643820223728369,0.2,5
One-Shot SA + Freeze,0,97,44.10188725961785,33.45806703588948,-10.643820223728369,0.2,5
One-Shot SA + Freeze,0,98,44.10188725961785,33.45806703588948,-10.643820223728369,0.2,5
One-Shot SA + Freeze,0,99,44.10188725961785,33.45806703588948,-10.643820223728369,0.2,5
One-Shot SA + Freeze,0,100,44.10188725961785,33.45806703588948,-10.643820223728369,0.2,5
One-Shot SA + Freeze,0,101,44.10188725961785,33.45806703588948,-10.643820223728369,0.2,5
One-Shot SA + Freeze,0,102,44.10188725961785,33.45806703588948,-10.643820223728369,0.2,5
One-Shot SA + Freeze,0,103,44.10188725961785,33.45806703588948,-10.643820223728369,0.2,5
One-Shot SA + Freeze,0,104,44.10188725961785,33.45806703588948,-10.643820223728369,0.2,5
One-Shot SA + Freeze,0,105,44.10188725961785,33.45806703588948,-10.643820223728369,0.2,5
One-Shot SA + Freeze,0,106,44.10188725961785,33.45806703588948,-10.643820223728369,0.2,5
One-Shot SA + Freeze,0,107,44.10188725961785,33.45806703588948,-10.643820223728369,0.2,5
One-Shot SA + Freeze,0,108,44.10188725961785,33.45806703588948,-10.643820223728369,0.2,5
One-Shot SA + Freeze,0,109,44.10188725961785,33.45806703588948,-10.643820223728369,0.2,5
One-Shot SA + Freeze,0,110,44.10188725961785,33.45806703588948,-10.643820223728369,0.2,5
One-Shot SA + Freeze,0,111,44.10188725961785,33.45806703588948,-10.643820223728369,0.2,5
One-Shot SA + Freeze,0,112,44.10188725961785,33.45806703588948,-10.643820223728369,0.2,5
One-Shot SA + Freeze,0,113,44.10188725961785,33.45806703588948,-10.643820223728369,0.2,5
One-Shot SA + Freeze,0,114,44.10188725961785,33.45806703588948,-10.643820223728369,0.2,5
One-Shot SA + Freeze,0,115,44.10188725961785,33.45806703588948,-10.643820223728369,0.2,5
One-Shot SA + Freeze,0,116,44.10188725961785,33.45806703588948,-10.643820223728369,0.2,5
One-Shot SA + Freeze,0,117,44.10188725961785,33.45806703588948,-10.643820223728369,0.2,5
One-Shot SA + Freeze,0,118,44.10188725961785,33.45806703588948,-10.643820223728369,0.2,5
One-Shot SA + Freeze,0,119,44.10188725961785,33.45806703588948,-10.643820223728369,0.2,5
One-Shot SA + Freeze,0,120,44.10188725961785,33.45806703588948,-10.643820223728369,0.2,5
One-Shot SA + Freeze,0,121,44.10188725961785,33.45806703588948,-10.643820223728369,0.2,5
One-Shot SA + Freeze,0,122,44.10188725961785,33.45806703588948,-10.643820223728369,0.2,5
One-Shot SA + Freeze,0,123,44.10188725961785,33.45806703588948,-10.643820223728369,0.2,5
One-Shot SA + Freeze,0,124,44.10188725961785,33.45806703588948,-10.643820223728369,0.2,5
One-Shot SA + Freeze,0,125,44.10188725961785,33.45806703588948,-10.643820223728369,0.2,5
One-Shot SA + Freeze,0,126,44.10188725961785,33.45806703588948,-10.643820223728369,0.2,5
One-Shot SA + Freeze,0,127,44.10188725961785,33.45806703588948,-10.643820223728369,0.2,5
One-Shot SA + Freeze,0,128,44.10188725961785,33.45806703588948,-10.643820223728369,0.2,5
One-Shot SA + Freeze,0,129,44.10188725961785,33.45806703588948,-10.643820223728369,0.2,5
One-Shot SA + Freeze,0,130,44.10188725961785,33.45806703588948,-10.643820223728369,0.2,5
One-Shot SA + Freeze,0,131,44.10188725961785,33.45806703588948,-10.643820223728369,0.2,5
One-Shot SA + Freeze,0,132,44.10188725961785,33.45806703588948,-10.643820223728369,0.2,5
One-Shot SA + Freeze,0,133,44.10188725961785,33.45806703588948,-10.643820223728369,0.2,5
One-Shot SA + Freeze,0,134,44.10188725961785,33.45806703588948,-10.643820223728369,0.2,5
One-Shot SA + Freeze,0,135,44.10188725961785,33.45806703588948,-10.643820223728369,0.2,5
One-Shot SA + Freeze,0,136,44.10188725961785,33.45806703588948,-10.643820223728369,0.2,5
One-Shot SA + Freeze,0,137,44.10188725961785,33.45806703588948,-10.643820223728369,0.2,5
One-Shot SA + Freeze,0,138,44.10188725961785,33.45806703588948,-10.643820223728369,0.2,5
One-Shot SA + Freeze,0,139,44.10188725961785,33.45806703588948,-10.643820223728369,0.2,5
One-Shot SA + Freeze,0,140,44.10188725961785,33.45806703588948,-10.643820223728369,0.2,5
One-Shot SA + Freeze,0,141,44.10188725961785,33.45806703588948,-10.643820223728369,0.2,5
One-Shot SA + Freeze,0,142,44.10188725961785,33.45806703588948,-10.643820223728369,0.2,5
One-Shot SA + Freeze,0,143,44.10188725961785,33.45806703588948,-10.643820223728369,0.2,5
One-Shot SA + Freeze,0,144,44.10188725961785,33.45806703588948,-10.643820223728369,0.2,5
One-Shot SA + Freeze,0,145,44.10188725961785,33.45806703588948,-10.643820223728369,0.2,5
One-Shot SA + Freeze,0,146,44.10188725961785,33.45806703588948,-10.643820223728369,0.2,5
One-Shot SA + Freeze,0,147,44.10188725961785,33.45806703588948,-10.643820223728369,0.2,5
One-Shot SA + Freeze,0,148,44.10188725961785,33.45806703588948,-10.643820223728369,0.2,5
One-Shot SA + Freeze,0,149,44.10188725961785,33.45806703588948,-10.643820223728369,0.2,5
One-Shot SA + Freeze,0,150,44.10188725961785,33.45806703588948,-10.643820223728369,0.2,5
One-Shot SA + Freeze,1,1,43.7997470113657,33.86915409993933,-9.930592911426372,0.05,0
One-Shot SA + Freeze,1,2,43.7997470113657,33.86915409993933,-9.930592911426372,0.025,0
One-Shot SA + Freeze,1,3,43.7997470113657,33.86915409993933,-9.930592911426372,0.027500000000000004,0
One-Shot SA + Freeze,1,4,43.7997470113657,33.86915409993933,-9.930592911426372,0.030250000000000006,0
One-Shot SA + Freeze,1,5,43.7997470113657,33.86915409993933,-9.930592911426372,0.015125000000000003,0
One-Shot SA + Freeze,1,6,43.7997470113657,33.86915409993933,-9.930592911426372,0.016637500000000003,0
One-Shot SA + Freeze,1,7,43.7997470113657,33.86915409993933,-9.930592911426372,0.018301250000000005,0
One-Shot SA + Freeze,1,8,43.7997470113657,33.86915409993933,-9.930592911426372,0.009150625000000003,0
One-Shot SA + Freeze,1,9,44.01686258239609,33.75725940574369,-10.259603176652396,0.010065687500000003,1
One-Shot SA + Freeze,1,10,44.01686258239609,33.75725940574369,-10.259603176652396,0.005032843750000002,1
One-Shot SA + Freeze,1,11,44.01686258239609,33.75725940574369,-10.259603176652396,0.002516421875000001,1
One-Shot SA + Freeze,1,12,44.01686258239609,33.75725940574369,-10.259603176652396,0.002768064062500001,1
One-Shot SA + Freeze,1,13,44.01686258239609,33.75725940574369,-10.259603176652396,0.0030448704687500014,1
One-Shot SA + Freeze,1,14,44.01686258239609,33.75725940574369,-10.259603176652396,0.0033493575156250018,1
One-Shot SA + Freeze,1,15,44.01686258239609,33.75725940574369,-10.259603176652396,0.003684293267187502,1
One-Shot SA + Freeze,1,16,44.01686258239609,33.75725940574369,-10.259603176652396,0.004052722593906252,1
One-Shot SA + Freeze,1,17,44.01686258239609,33.75725940574369,-10.259603176652396,0.0044579948532968774,1
One-Shot SA + Freeze,1,18,44.01686258239609,33.75725940574369,-10.259603176652396,0.0049037943386265655,1
One-Shot SA + Freeze,1,19,44.01686258239609,33.75725940574369,-10.259603176652396,0.005394173772489222,1
One-Shot SA + Freeze,1,20,44.01686258239609,33.75725940574369,-10.259603176652396,0.005933591149738145,1
One-Shot SA + Freeze,1,21,44.01686258239609,33.75725940574369,-10.259603176652396,0.00652695026471196,1
One-Shot SA + Freeze,1,22,44.01686258239609,33.75725940574369,-10.259603176652396,0.007179645291183157,1
One-Shot SA + Freeze,1,23,44.01686258239609,33.75725940574369,-10.259603176652396,0.007897609820301472,1
One-Shot SA + Freeze,1,24,44.01686258239609,33.75725940574369,-10.259603176652396,0.008687370802331621,1
One-Shot SA + Freeze,1,25,44.01686258239609,33.75725940574369,-10.259603176652396,0.009556107882564785,1
One-Shot SA + Freeze,1,26,44.01686258239609,33.75725940574369,-10.259603176652396,0.010511718670821265,1
One-Shot SA + Freeze,1,27,44.01686258239609,33.75725940574369,-10.259603176652396,0.011562890537903391,1
One-Shot SA + Freeze,1,28,44.01686258239609,33.75725940574369,-10.259603176652396,0.012719179591693731,1
One-Shot SA + Freeze,1,29,44.01686258239609,33.75725940574369,-10.259603176652396,0.013991097550863106,1
One-Shot SA + Freeze,1,30,44.01686258239609,33.75725940574369,-10.259603176652396,0.015390207305949418,1
One-Shot SA + Freeze,1,31,44.01686258239609,33.75725940574369,-10.259603176652396,0.016929228036544362,1
One-Shot SA + Freeze,1,32,44.01686258239609,33.75725940574369,-10.259603176652396,0.0186221508401988,1
One-Shot SA + Freeze,1,33,44.01686258239609,33.75725940574369,-10.259603176652396,0.02048436592421868,1
One-Shot SA + Freeze,1,34,44.01686258239609,33.75725940574369,-10.259603176652396,0.02253280251664055,1
One-Shot SA + Freeze,1,35,44.01686258239609,33.75725940574369,-10.259603176652396,0.02478608276830461,1
One-Shot SA + Freeze,1,36,44.01686258239609,33.75725940574369,-10.259603176652396,0.02726469104513507,1
One-Shot SA + Freeze,1,37,44.01686258239609,33.75725940574369,-10.259603176652396,0.029991160149648578,1
One-Shot SA + Freeze,1,38,44.01686258239609,33.75725940574369,-10.259603176652396,0.03299027616461344,1
One-Shot SA + Freeze,1,39,44.01686258239609,33.75725940574369,-10.259603176652396,0.03628930378107479,1
One-Shot SA + Freeze,1,40,44.01686258239609,33.75725940574369,-10.259603176652396,0.039918234159182275,1
One-Shot SA + Freeze,1,41,44.01686258239609,33.75725940574369,-10.259603176652396,0.043910057575100504,1
One-Shot SA + Freeze,1,42,44.01686258239609,33.75725940574369,-10.259603176652396,0.048301063332610555,1
One-Shot SA + Freeze,1,43,44.01686258239609,33.75725940574369,-10.259603176652396,0.053131169665871614,1
One-Shot SA + Freeze,1,44,44.01686258239609,33.75725940574369,-10.259603176652396,0.05844428663245878,1
One-Shot SA + Freeze,1,45,44.01686258239609,33.75725940574369,-10.259603176652396,0.06428871529570467,1
One-Shot SA + Freeze,1,46,44.01686258239609,33.75725940574369,-10.259603176652396,0.07071758682527514,1
One-Shot SA + Freeze,1,47,44.01686258239609,33.75725940574369,-10.259603176652396,0.07778934550780266,1
One-Shot SA + Freeze,1,48,44.01686258239609,33.75725940574369,-10.259603176652396,0.08556828005858293,1
One-Shot SA + Freeze,1,49,44.01686258239609,33.75725940574369,-10.259603176652396,0.09412510806444123,1
One-Shot SA + Freeze,1,50,44.01686258239609,33.75725940574369,-10.259603176652396,0.10353761887088536,1
One-Shot SA + Freeze,1,51,44.01686258239609,33.75725940574369,-10.259603176652396,0.1138913807579739,1
One-Shot SA + Freeze,1,52,44.01686258239609,33.75725940574369,-10.259603176652396,0.1252805188337713,1
One-Shot SA + Freeze,1,53,44.01686258239609,33.75725940574369,-10.259603176652396,0.13780857071714844,1
One-Shot SA + Freeze,1,54,44.01686258239609,33.75725940574369,-10.259603176652396,0.1515894277888633,1
One-Shot SA + Freeze,1,55,44.01686258239609,33.75725940574369,-10.259603176652396,0.16674837056774966,1
One-Shot SA + Freeze,1,56,44.01686258239609,33.75725940574369,-10.259603176652396,0.18342320762452463,1
One-Shot SA + Freeze,1,57,44.01686258239609,33.75725940574369,-10.259603176652396,0.2,1
One-Shot SA + Freeze,1,58,44.01686258239609,33.75725940574369,-10.259603176652396,0.2,1
One-Shot SA + Freeze,1,59,44.01686258239609,33.75725940574369,-10.259603176652396,0.2,1
One-Shot SA + Freeze,1,60,44.01686258239609,33.75725940574369,-10.259603176652396,0.2,1
One-Shot SA + Freeze,1,61,44.01686258239609,33.75725940574369,-10.259603176652396,0.2,1
One-Shot SA + Freeze,1,62,44.01686258239609,33.75725940574369,-10.259603176652396,0.2,1
One-Shot SA + Freeze,1,63,44.01686258239609,33.75725940574369,-10.259603176652396,0.2,1
One-Shot SA + Freeze,1,64,44.01686258239609,33.75725940574369,-10.259603176652396,0.2,1
One-Shot SA + Freeze,1,65,44.01686258239609,33.75725940574369,-10.259603176652396,0.2,1
One-Shot SA + Freeze,1,66,44.01686258239609,33.75725940574369,-10.259603176652396,0.2,1
One-Shot SA + Freeze,1,67,44.01686258239609,33.75725940574369,-10.259603176652396,0.2,1
One-Shot SA + Freeze,1,68,44.01686258239609,33.75725940574369,-10.259603176652396,0.2,1
One-Shot SA + Freeze,1,69,44.01686258239609,33.75725940574369,-10.259603176652396,0.2,1
One-Shot SA + Freeze,1,70,44.01686258239609,33.75725940574369,-10.259603176652396,0.2,1
One-Shot SA + Freeze,1,71,44.01686258239609,33.75725940574369,-10.259603176652396,0.2,1
One-Shot SA + Freeze,1,72,44.01686258239609,33.75725940574369,-10.259603176652396,0.2,1
One-Shot SA + Freeze,1,73,44.01686258239609,33.75725940574369,-10.259603176652396,0.2,1
One-Shot SA + Freeze,1,74,44.01686258239609,33.75725940574369,-10.259603176652396,0.2,1
One-Shot SA + Freeze,1,75,44.01686258239609,33.75725940574369,-10.259603176652396,0.2,1
One-Shot SA + Freeze,1,76,44.01686258239609,33.75725940574369,-10.259603176652396,0.2,1
One-Shot SA + Freeze,1,77,44.01686258239609,33.75725940574369,-10.259603176652396,0.2,1
One-Shot SA + Freeze,1,78,44.01686258239609,33.75725940574369,-10.259603176652396,0.2,1
One-Shot SA + Freeze,1,79,44.01686258239609,33.75725940574369,-10.259603176652396,0.2,1
One-Shot SA + Freeze,1,80,44.01686258239609,33.75725940574369,-10.259603176652396,0.2,1
One-Shot SA + Freeze,1,81,44.01686258239609,33.75725940574369,-10.259603176652396,0.2,1
One-Shot SA + Freeze,1,82,44.01686258239609,33.75725940574369,-10.259603176652396,0.2,1
One-Shot SA + Freeze,1,83,44.01686258239609,33.75725940574369,-10.259603176652396,0.2,1
One-Shot SA + Freeze,1,84,44.01686258239609,33.75725940574369,-10.259603176652396,0.2,1
One-Shot SA + Freeze,1,85,44.01686258239609,33.75725940574369,-10.259603176652396,0.2,1
One-Shot SA + Freeze,1,86,44.01686258239609,33.75725940574369,-10.259603176652396,0.2,1
One-Shot SA + Freeze,1,87,44.01686258239609,33.75725940574369,-10.259603176652396,0.2,1
One-Shot SA + Freeze,1,88,44.01686258239609,33.75725940574369,-10.259603176652396,0.2,1
One-Shot SA + Freeze,1,89,44.01686258239609,33.75725940574369,-10.259603176652396,0.2,1
One-Shot SA + Freeze,1,90,44.01686258239609,33.75725940574369,-10.259603176652396,0.2,1
One-Shot SA + Freeze,1,91,44.01686258239609,33.75725940574369,-10.259603176652396,0.2,1
One-Shot SA + Freeze,1,92,44.01686258239609,33.75725940574369,-10.259603176652396,0.2,1
One-Shot SA + Freeze,1,93,44.01686258239609,33.75725940574369,-10.259603176652396,0.2,1
One-Shot SA + Freeze,1,94,44.01686258239609,33.75725940574369,-10.259603176652396,0.2,1
One-Shot SA + Freeze,1,95,44.01686258239609,33.75725940574369,-10.259603176652396,0.2,1
One-Shot SA + Freeze,1,96,44.01686258239609,33.75725940574369,-10.259603176652396,0.2,1
One-Shot SA + Freeze,1,97,44.01686258239609,33.75725940574369,-10.259603176652396,0.2,1
One-Shot SA + Freeze,1,98,44.01686258239609,33.75725940574369,-10.259603176652396,0.2,1
One-Shot SA + Freeze,1,99,44.01686258239609,33.75725940574369,-10.259603176652396,0.2,1
One-Shot SA + Freeze,1,100,44.01686258239609,33.75725940574369,-10.259603176652396,0.2,1
One-Shot SA + Freeze,1,101,44.01686258239609,33.75725940574369,-10.259603176652396,0.2,1
One-Shot SA + Freeze,1,102,44.01686258239609,33.75725940574369,-10.259603176652396,0.2,1
One-Shot SA + Freeze,1,103,44.01686258239609,33.75725940574369,-10.259603176652396,0.2,1
One-Shot SA + Freeze,1,104,44.01686258239609,33.75725940574369,-10.259603176652396,0.2,1
One-Shot SA + Freeze,1,105,44.01686258239609,33.75725940574369,-10.259603176652396,0.2,1
One-Shot SA + Freeze,1,106,44.01686258239609,33.75725940574369,-10.259603176652396,0.2,1
One-Shot SA + Freeze,1,107,44.01686258239609,33.75725940574369,-10.259603176652396,0.2,1
One-Shot SA + Freeze,1,108,44.01686258239609,33.75725940574369,-10.259603176652396,0.2,1
One-Shot SA + Freeze,1,109,44.01686258239609,33.75725940574369,-10.259603176652396,0.2,1
One-Shot SA + Freeze,1,110,44.01686258239609,33.75725940574369,-10.259603176652396,0.2,1
One-Shot SA + Freeze,1,111,44.01686258239609,33.75725940574369,-10.259603176652396,0.2,1
One-Shot SA + Freeze,1,112,44.01686258239609,33.75725940574369,-10.259603176652396,0.2,1
One-Shot SA + Freeze,1,113,44.01686258239609,33.75725940574369,-10.259603176652396,0.2,1
One-Shot SA + Freeze,1,114,44.01686258239609,33.75725940574369,-10.259603176652396,0.2,1
One-Shot SA + Freeze,1,115,44.01686258239609,33.75725940574369,-10.259603176652396,0.2,1
One-Shot SA + Freeze,1,116,44.01686258239609,33.75725940574369,-10.259603176652396,0.2,1
One-Shot SA + Freeze,1,117,44.01686258239609,33.75725940574369,-10.259603176652396,0.2,1
One-Shot SA + Freeze,1,118,44.01686258239609,33.75725940574369,-10.259603176652396,0.2,1
One-Shot SA + Freeze,1,119,44.01686258239609,33.75725940574369,-10.259603176652396,0.2,1
One-Shot SA + Freeze,1,120,44.01686258239609,33.75725940574369,-10.259603176652396,0.2,1
One-Shot SA + Freeze,1,121,44.01686258239609,33.75725940574369,-10.259603176652396,0.2,1
One-Shot SA + Freeze,1,122,44.01686258239609,33.75725940574369,-10.259603176652396,0.2,1
One-Shot SA + Freeze,1,123,44.01686258239609,33.75725940574369,-10.259603176652396,0.2,1
One-Shot SA + Freeze,1,124,44.01686258239609,33.75725940574369,-10.259603176652396,0.2,1
One-Shot SA + Freeze,1,125,44.01686258239609,33.75725940574369,-10.259603176652396,0.2,1
One-Shot SA + Freeze,1,126,44.01686258239609,33.75725940574369,-10.259603176652396,0.2,1
One-Shot SA + Freeze,1,127,44.01686258239609,33.75725940574369,-10.259603176652396,0.2,1
One-Shot SA + Freeze,1,128,44.01686258239609,33.75725940574369,-10.259603176652396,0.2,1
One-Shot SA + Freeze,1,129,44.01686258239609,33.75725940574369,-10.259603176652396,0.2,1
One-Shot SA + Freeze,1,130,44.01686258239609,33.75725940574369,-10.259603176652396,0.2,1
One-Shot SA + Freeze,1,131,44.01686258239609,33.75725940574369,-10.259603176652396,0.2,1
One-Shot SA + Freeze,1,132,44.01686258239609,33.75725940574369,-10.259603176652396,0.2,1
One-Shot SA + Freeze,1,133,44.01686258239609,33.75725940574369,-10.259603176652396,0.2,1
One-Shot SA + Freeze,1,134,44.01686258239609,33.75725940574369,-10.259603176652396,0.2,1
One-Shot SA + Freeze,1,135,44.01686258239609,33.75725940574369,-10.259603176652396,0.2,1
One-Shot SA + Freeze,1,136,44.01686258239609,33.75725940574369,-10.259603176652396,0.2,1
One-Shot SA + Freeze,1,137,44.01686258239609,33.75725940574369,-10.259603176652396,0.2,1
One-Shot SA + Freeze,1,138,44.01686258239609,33.75725940574369,-10.259603176652396,0.2,1
One-Shot SA + Freeze,1,139,44.01686258239609,33.75725940574369,-10.259603176652396,0.2,1
One-Shot SA + Freeze,1,140,44.01686258239609,33.75725940574369,-10.259603176652396,0.2,1
One-Shot SA + Freeze,1,141,44.01686258239609,33.75725940574369,-10.259603176652396,0.2,1
One-Shot SA + Freeze,1,142,44.01686258239609,33.75725940574369,-10.259603176652396,0.2,1
One-Shot SA + Freeze,1,143,44.01686258239609,33.75725940574369,-10.259603176652396,0.2,1
One-Shot SA + Freeze,1,144,44.01686258239609,33.75725940574369,-10.259603176652396,0.2,1
One-Shot SA + Freeze,1,145,44.01686258239609,33.75725940574369,-10.259603176652396,0.2,1
One-Shot SA + Freeze,1,146,44.01686258239609,33.75725940574369,-10.259603176652396,0.2,1
One-Shot SA + Freeze,1,147,44.01686258239609,33.75725940574369,-10.259603176652396,0.2,1
One-Shot SA + Freeze,1,148,44.01686258239609,33.75725940574369,-10.259603176652396,0.2,1
One-Shot SA + Freeze,1,149,44.01686258239609,33.75725940574369,-10.259603176652396,0.2,1
One-Shot SA + Freeze,1,150,44.01686258239609,33.75725940574369,-10.259603176652396,0.2,1
One-Shot SA + Freeze,2,1,48.2795243943138,33.72628782719239,-14.553236567121415,0.05,0
One-Shot SA + Freeze,2,2,48.2795243943138,33.72628782719239,-14.553236567121415,0.025,0
One-Shot SA + Freeze,2,3,48.2795243943138,33.72628782719239,-14.553236567121415,0.0125,0
One-Shot SA + Freeze,2,4,50.577813697817774,33.687091379491854,-16.890722318325924,0.013750000000000002,1
One-Shot SA + Freeze,2,5,50.577813697817774,33.687091379491854,-16.890722318325924,0.015125000000000003,1
One-Shot SA + Freeze,2,6,50.577813697817774,33.687091379491854,-16.890722318325924,0.0075625000000000015,1
One-Shot SA + Freeze,2,7,50.577813697817774,33.687091379491854,-16.890722318325924,0.0037812500000000008,1
One-Shot SA + Freeze,2,8,49.41481759073327,33.68413883577063,-15.73067875496264,0.0018906250000000004,2
One-Shot SA + Freeze,2,9,49.41481759073327,33.68413883577063,-15.73067875496264,0.0020796875000000004,2
One-Shot SA + Freeze,2,10,49.41481759073327,33.68413883577063,-15.73067875496264,0.0010398437500000002,2
One-Shot SA + Freeze,2,11,49.41481759073327,33.68413883577063,-15.73067875496264,0.0011438281250000003,2
One-Shot SA + Freeze,2,12,49.41481759073327,33.68413883577063,-15.73067875496264,0.0012582109375000004,2
One-Shot SA + Freeze,2,13,49.41481759073327,33.68413883577063,-15.73067875496264,0.0013840320312500005,2
One-Shot SA + Freeze,2,14,49.41481759073327,33.68413883577063,-15.73067875496264,0.0015224352343750007,2
One-Shot SA + Freeze,2,15,49.41481759073327,33.68413883577063,-15.73067875496264,0.0016746787578125009,2
One-Shot SA + Freeze,2,16,49.41481759073327,33.68413883577063,-15.73067875496264,0.001842146633593751,2
One-Shot SA + Freeze,2,17,49.41481759073327,33.68413883577063,-15.73067875496264,0.002026361296953126,2
One-Shot SA + Freeze,2,18,49.41481759073327,33.68413883577063,-15.73067875496264,0.0022289974266484387,2
One-Shot SA + Freeze,2,19,49.41481759073327,33.68413883577063,-15.73067875496264,0.0024518971693132828,2
One-Shot SA + Freeze,2,20,49.41481759073327,33.68413883577063,-15.73067875496264,0.002697086886244611,2
One-Shot SA + Freeze,2,21,49.41481759073327,33.68413883577063,-15.73067875496264,0.0029667955748690724,2
One-Shot SA + Freeze,2,22,49.41481759073327,33.68413883577063,-15.73067875496264,0.00326347513235598,2
One-Shot SA + Freeze,2,23,49.41481759073327,33.68413883577063,-15.73067875496264,0.0035898226455915784,2
One-Shot SA + Freeze,2,24,49.41481759073327,33.68413883577063,-15.73067875496264,0.003948804910150736,2
One-Shot SA + Freeze,2,25,49.41481759073327,33.68413883577063,-15.73067875496264,0.0043436854011658105,2
One-Shot SA + Freeze,2,26,49.41481759073327,33.68413883577063,-15.73067875496264,0.004778053941282392,2
One-Shot SA + Freeze,2,27,49.41481759073327,33.68413883577063,-15.73067875496264,0.005255859335410632,2
One-Shot SA + Freeze,2,28,49.41481759073327,33.68413883577063,-15.73067875496264,0.005781445268951696,2
One-Shot SA + Freeze,2,29,49.41481759073327,33.68413883577063,-15.73067875496264,0.0063595897958468655,2
One-Shot SA + Freeze,2,30,49.41481759073327,33.68413883577063,-15.73067875496264,0.006995548775431553,2
One-Shot SA + Freeze,2,31,49.41481759073327,33.68413883577063,-15.73067875496264,0.007695103652974709,2
One-Shot SA + Freeze,2,32,49.41481759073327,33.68413883577063,-15.73067875496264,0.008464614018272181,2
One-Shot SA + Freeze,2,33,49.41481759073327,33.68413883577063,-15.73067875496264,0.0093110754200994,2
One-Shot SA + Freeze,2,34,49.41481759073327,33.68413883577063,-15.73067875496264,0.01024218296210934,2
One-Shot SA + Freeze,2,35,49.41481759073327,33.68413883577063,-15.73067875496264,0.011266401258320275,2
One-Shot SA + Freeze,2,36,49.41481759073327,33.68413883577063,-15.73067875496264,0.012393041384152304,2
One-Shot SA + Freeze,2,37,49.41481759073327,33.68413883577063,-15.73067875496264,0.013632345522567535,2
One-Shot SA + Freeze,2,38,49.41481759073327,33.68413883577063,-15.73067875496264,0.014995580074824289,2
One-Shot SA + Freeze,2,39,49.41481759073327,33.68413883577063,-15.73067875496264,0.01649513808230672,2
One-Shot SA + Freeze,2,40,49.41481759073327,33.68413883577063,-15.73067875496264,0.018144651890537395,2
One-Shot SA + Freeze,2,41,49.41481759073327,33.68413883577063,-15.73067875496264,0.019959117079591138,2
One-Shot SA + Freeze,2,42,49.41481759073327,33.68413883577063,-15.73067875496264,0.021955028787550252,2
One-Shot SA + Freeze,2,43,49.41481759073327,33.68413883577063,-15.73067875496264,0.024150531666305278,2
One-Shot SA + Freeze,2,44,49.41481759073327,33.68413883577063,-15.73067875496264,0.026565584832935807,2
One-Shot SA + Freeze,2,45,49.41481759073327,33.68413883577063,-15.73067875496264,0.02922214331622939,2
One-Shot SA + Freeze,2,46,49.41481759073327,33.68413883577063,-15.73067875496264,0.03214435764785233,2
One-Shot SA + Freeze,2,47,49.41481759073327,33.68413883577063,-15.73067875496264,0.03535879341263757,2
One-Shot SA + Freeze,2,48,49.41481759073327,33.68413883577063,-15.73067875496264,0.03889467275390133,2
One-Shot SA + Freeze,2,49,49.41481759073327,33.68413883577063,-15.73067875496264,0.04278414002929146,2
One-Shot SA + Freeze,2,50,49.41481759073327,33.68413883577063,-15.73067875496264,0.047062554032220615,2
One-Shot SA + Freeze,2,51,49.41481759073327,33.68413883577063,-15.73067875496264,0.05176880943544268,2
One-Shot SA + Freeze,2,52,49.41481759073327,33.68413883577063,-15.73067875496264,0.05694569037898695,2
One-Shot SA + Freeze,2,53,49.41481759073327,33.68413883577063,-15.73067875496264,0.06264025941688565,2
One-Shot SA + Freeze,2,54,49.41481759073327,33.68413883577063,-15.73067875496264,0.06890428535857422,2
One-Shot SA + Freeze,2,55,49.41481759073327,33.68413883577063,-15.73067875496264,0.07579471389443165,2
One-Shot SA + Freeze,2,56,49.41481759073327,33.68413883577063,-15.73067875496264,0.08337418528387483,2
One-Shot SA + Freeze,2,57,49.41481759073327,33.68413883577063,-15.73067875496264,0.09171160381226232,2
One-Shot SA + Freeze,2,58,49.41481759073327,33.68413883577063,-15.73067875496264,0.10088276419348856,2
One-Shot SA + Freeze,2,59,49.41481759073327,33.68413883577063,-15.73067875496264,0.11097104061283743,2
One-Shot SA + Freeze,2,60,49.41481759073327,33.68413883577063,-15.73067875496264,0.12206814467412118,2
One-Shot SA + Freeze,2,61,49.41481759073327,33.68413883577063,-15.73067875496264,0.1342749591415333,2
One-Shot SA + Freeze,2,62,49.41481759073327,33.68413883577063,-15.73067875496264,0.14770245505568666,2
One-Shot SA + Freeze,2,63,49.41481759073327,33.68413883577063,-15.73067875496264,0.16247270056125535,2
One-Shot SA + Freeze,2,64,49.41481759073327,33.68413883577063,-15.73067875496264,0.1787199706173809,2
One-Shot SA + Freeze,2,65,49.41481759073327,33.68413883577063,-15.73067875496264,0.19659196767911902,2
One-Shot SA + Freeze,2,66,49.41481759073327,33.68413883577063,-15.73067875496264,0.2,2
One-Shot SA + Freeze,2,67,49.41481759073327,33.68413883577063,-15.73067875496264,0.2,2
One-Shot SA + Freeze,2,68,49.41481759073327,33.68413883577063,-15.73067875496264,0.2,2
One-Shot SA + Freeze,2,69,49.41481759073327,33.68413883577063,-15.73067875496264,0.2,2
One-Shot SA + Freeze,2,70,49.41481759073327,33.68413883577063,-15.73067875496264,0.2,2
One-Shot SA + Freeze,2,71,49.41481759073327,33.68413883577063,-15.73067875496264,0.2,2
One-Shot SA + Freeze,2,72,49.41481759073327,33.68413883577063,-15.73067875496264,0.2,2
One-Shot SA + Freeze,2,73,49.41481759073327,33.68413883577063,-15.73067875496264,0.2,2
One-Shot SA + Freeze,2,74,49.41481759073327,33.68413883577063,-15.73067875496264,0.2,2
One-Shot SA + Freeze,2,75,49.41481759073327,33.68413883577063,-15.73067875496264,0.2,2
One-Shot SA + Freeze,2,76,49.41481759073327,33.68413883577063,-15.73067875496264,0.2,2
One-Shot SA + Freeze,2,77,49.41481759073327,33.68413883577063,-15.73067875496264,0.2,2
One-Shot SA + Freeze,2,78,49.41481759073327,33.68413883577063,-15.73067875496264,0.2,2
One-Shot SA + Freeze,2,79,49.41481759073327,33.68413883577063,-15.73067875496264,0.2,2
One-Shot SA + Freeze,2,80,49.41481759073327,33.68413883577063,-15.73067875496264,0.2,2
One-Shot SA + Freeze,2,81,49.41481759073327,33.68413883577063,-15.73067875496264,0.2,2
One-Shot SA + Freeze,2,82,49.41481759073327,33.68413883577063,-15.73067875496264,0.2,2
One-Shot SA + Freeze,2,83,49.41481759073327,33.68413883577063,-15.73067875496264,0.2,2
One-Shot SA + Freeze,2,84,49.41481759073327,33.68413883577063,-15.73067875496264,0.2,2
One-Shot SA + Freeze,2,85,49.41481759073327,33.68413883577063,-15.73067875496264,0.2,2
One-Shot SA + Freeze,2,86,49.41481759073327,33.68413883577063,-15.73067875496264,0.2,2
One-Shot SA + Freeze,2,87,49.41481759073327,33.68413883577063,-15.73067875496264,0.2,2
One-Shot SA + Freeze,2,88,49.41481759073327,33.68413883577063,-15.73067875496264,0.2,2
One-Shot SA + Freeze,2,89,49.41481759073327,33.68413883577063,-15.73067875496264,0.2,2
One-Shot SA + Freeze,2,90,49.41481759073327,33.68413883577063,-15.73067875496264,0.2,2
One-Shot SA + Freeze,2,91,49.41481759073327,33.68413883577063,-15.73067875496264,0.2,2
One-Shot SA + Freeze,2,92,49.41481759073327,33.68413883577063,-15.73067875496264,0.2,2
One-Shot SA + Freeze,2,93,49.41481759073327,33.68413883577063,-15.73067875496264,0.2,2
One-Shot SA + Freeze,2,94,49.41481759073327,33.68413883577063,-15.73067875496264,0.2,2
One-Shot SA + Freeze,2,95,49.41481759073327,33.68413883577063,-15.73067875496264,0.2,2
One-Shot SA + Freeze,2,96,49.41481759073327,33.68413883577063,-15.73067875496264,0.2,2
One-Shot SA + Freeze,2,97,49.41481759073327,33.68413883577063,-15.73067875496264,0.2,2
One-Shot SA + Freeze,2,98,49.41481759073327,33.68413883577063,-15.73067875496264,0.2,2
One-Shot SA + Freeze,2,99,49.41481759073327,33.68413883577063,-15.73067875496264,0.2,2
One-Shot SA + Freeze,2,100,49.41481759073327,33.68413883577063,-15.73067875496264,0.2,2
One-Shot SA + Freeze,2,101,49.41481759073327,33.68413883577063,-15.73067875496264,0.2,2
One-Shot SA + Freeze,2,102,49.41481759073327,33.68413883577063,-15.73067875496264,0.2,2
One-Shot SA + Freeze,2,103,49.41481759073327,33.68413883577063,-15.73067875496264,0.2,2
One-Shot SA + Freeze,2,104,49.41481759073327,33.68413883577063,-15.73067875496264,0.2,2
One-Shot SA + Freeze,2,105,49.41481759073327,33.68413883577063,-15.73067875496264,0.2,2
One-Shot SA + Freeze,2,106,49.41481759073327,33.68413883577063,-15.73067875496264,0.2,2
One-Shot SA + Freeze,2,107,49.41481759073327,33.68413883577063,-15.73067875496264,0.2,2
One-Shot SA + Freeze,2,108,49.41481759073327,33.68413883577063,-15.73067875496264,0.2,2
One-Shot SA + Freeze,2,109,49.41481759073327,33.68413883577063,-15.73067875496264,0.2,2
One-Shot SA + Freeze,2,110,49.41481759073327,33.68413883577063,-15.73067875496264,0.2,2
One-Shot SA + Freeze,2,111,49.41481759073327,33.68413883577063,-15.73067875496264,0.2,2
One-Shot SA + Freeze,2,112,49.41481759073327,33.68413883577063,-15.73067875496264,0.2,2
One-Shot SA + Freeze,2,113,49.41481759073327,33.68413883577063,-15.73067875496264,0.2,2
One-Shot SA + Freeze,2,114,49.41481759073327,33.68413883577063,-15.73067875496264,0.2,2
One-Shot SA + Freeze,2,115,49.41481759073327,33.68413883577063,-15.73067875496264,0.2,2
One-Shot SA + Freeze,2,116,49.41481759073327,33.68413883577063,-15.73067875496264,0.2,2
One-Shot SA + Freeze,2,117,49.41481759073327,33.68413883577063,-15.73067875496264,0.2,2
One-Shot SA + Freeze,2,118,49.41481759073327,33.68413883577063,-15.73067875496264,0.2,2
One-Shot SA + Freeze,2,119,49.41481759073327,33.68413883577063,-15.73067875496264,0.2,2
One-Shot SA + Freeze,2,120,49.41481759073327,33.68413883577063,-15.73067875496264,0.2,2
One-Shot SA + Freeze,2,121,49.41481759073327,33.68413883577063,-15.73067875496264,0.2,2
One-Shot SA + Freeze,2,122,49.41481759073327,33.68413883577063,-15.73067875496264,0.2,2
One-Shot SA + Freeze,2,123,49.41481759073327,33.68413883577063,-15.73067875496264,0.2,2
One-Shot SA + Freeze,2,124,49.41481759073327,33.68413883577063,-15.73067875496264,0.2,2
One-Shot SA + Freeze,2,125,49.41481759073327,33.68413883577063,-15.73067875496264,0.2,2
One-Shot SA + Freeze,2,126,49.41481759073327,33.68413883577063,-15.73067875496264,0.2,2
One-Shot SA + Freeze,2,127,49.41481759073327,33.68413883577063,-15.73067875496264,0.2,2
One-Shot SA + Freeze,2,128,49.41481759073327,33.68413883577063,-15.73067875496264,0.2,2
One-Shot SA + Freeze,2,129,49.41481759073327,33.68413883577063,-15.73067875496264,0.2,2
One-Shot SA + Freeze,2,130,49.41481759073327,33.68413883577063,-15.73067875496264,0.2,2
One-Shot SA + Freeze,2,131,49.41481759073327,33.68413883577063,-15.73067875496264,0.2,2
One-Shot SA + Freeze,2,132,49.41481759073327,33.68413883577063,-15.73067875496264,0.2,2
One-Shot SA + Freeze,2,133,49.41481759073327,33.68413883577063,-15.73067875496264,0.2,2
One-Shot SA + Freeze,2,134,49.41481759073327,33.68413883577063,-15.73067875496264,0.2,2
One-Shot SA + Freeze,2,135,49.41481759073327,33.68413883577063,-15.73067875496264,0.2,2
One-Shot SA + Freeze,2,136,49.41481759073327,33.68413883577063,-15.73067875496264,0.2,2
One-Shot SA + Freeze,2,137,49.41481759073327,33.68413883577063,-15.73067875496264,0.2,2
One-Shot SA + Freeze,2,138,49.41481759073327,33.68413883577063,-15.73067875496264,0.2,2
One-Shot SA + Freeze,2,139,49.41481759073327,33.68413883577063,-15.73067875496264,0.2,2
One-Shot SA + Freeze,2,140,49.41481759073327,33.68413883577063,-15.73067875496264,0.2,2
One-Shot SA + Freeze,2,141,49.41481759073327,33.68413883577063,-15.73067875496264,0.2,2
One-Shot SA + Freeze,2,142,49.41481759073327,33.68413883577063,-15.73067875496264,0.2,2
One-Shot SA + Freeze,2,143,49.41481759073327,33.68413883577063,-15.73067875496264,0.2,2
One-Shot SA + Freeze,2,144,49.41481759073327,33.68413883577063,-15.73067875496264,0.2,2
One-Shot SA + Freeze,2,145,49.41481759073327,33.68413883577063,-15.73067875496264,0.2,2
One-Shot SA + Freeze,2,146,49.41481759073327,33.68413883577063,-15.73067875496264,0.2,2
One-Shot SA + Freeze,2,147,49.41481759073327,33.68413883577063,-15.73067875496264,0.2,2
One-Shot SA + Freeze,2,148,49.41481759073327,33.68413883577063,-15.73067875496264,0.2,2
One-Shot SA + Freeze,2,149,49.41481759073327,33.68413883577063,-15.73067875496264,0.2,2
One-Shot SA + Freeze,2,150,49.41481759073327,33.68413883577063,-15.73067875496264,0.2,2
One-Shot SA + Freeze,3,1,36.82927628162513,33.205403437625634,-3.623872843999495,0.05,1
One-Shot SA + Freeze,3,2,38.50269648739254,33.065834502452,-5.436861984940545,0.025,2
One-Shot SA + Freeze,3,3,31.19776706126252,32.49729382344255,1.2995267621800246,0.0125,3
One-Shot SA + Freeze,3,4,29.25494607067811,32.40482757247489,3.1498815017967856,0.013750000000000002,4
One-Shot SA + Freeze,3,5,28.64816147411778,32.09650281007597,3.4483413359581867,0.006875000000000001,5
One-Shot SA + Freeze,3,6,26.277869411887867,31.89406397859763,5.616194566709761,0.0075625000000000015,6
One-Shot SA + Freeze,3,7,28.059271287632097,30.40455426809813,2.3452829804660342,0.0037812500000000008,7
One-Shot SA + Freeze,3,8,27.6773750947785,29.009560422850974,1.3321853280724738,0.004159375000000001,8
One-Shot SA + Freeze,3,9,27.6773750947785,29.009560422850974,1.3321853280724738,0.0020796875000000004,8
One-Shot SA + Freeze,3,10,27.418400395054807,28.47383291203982,1.055432516985015,0.0022876562500000006,9
One-Shot SA + Freeze,3,11,27.418400395054807,28.47383291203982,1.055432516985015,0.002516421875000001,9
One-Shot SA + Freeze,3,12,27.418400395054807,28.47383291203982,1.055432516985015,0.002768064062500001,9
One-Shot SA + Freeze,3,13,27.418400395054807,28.47383291203982,1.055432516985015,0.0030448704687500014,9
One-Shot SA + Freeze,3,14,27.418400395054807,28.47383291203982,1.055432516985015,0.0033493575156250018,9
One-Shot SA + Freeze,3,15,27.418400395054807,28.47383291203982,1.055432516985015,0.003684293267187502,9
One-Shot SA + Freeze,3,16,27.418400395054807,28.47383291203982,1.055432516985015,0.004052722593906252,9
One-Shot SA + Freeze,3,17,27.418400395054807,28.47383291203982,1.055432516985015,0.0044579948532968774,9
One-Shot SA + Freeze,3,18,27.418400395054807,28.47383291203982,1.055432516985015,0.0049037943386265655,9
One-Shot SA + Freeze,3,19,27.418400395054807,28.47383291203982,1.055432516985015,0.005394173772489222,9
One-Shot SA + Freeze,3,20,27.418400395054807,28.47383291203982,1.055432516985015,0.005933591149738145,9
One-Shot SA + Freeze,3,21,27.418400395054807,28.47383291203982,1.055432516985015,0.00652695026471196,9
One-Shot SA + Freeze,3,22,27.418400395054807,28.47383291203982,1.055432516985015,0.007179645291183157,9
One-Shot SA + Freeze,3,23,27.418400395054807,28.47383291203982,1.055432516985015,0.007897609820301472,9
One-Shot SA + Freeze,3,24,27.418400395054807,28.47383291203982,1.055432516985015,0.008687370802331621,9
One-Shot SA + Freeze,3,25,27.418400395054807,28.47383291203982,1.055432516985015,0.009556107882564785,9
One-Shot SA + Freeze,3,26,27.418400395054807,28.47383291203982,1.055432516985015,0.010511718670821265,9
One-Shot SA + Freeze,3,27,27.418400395054807,28.47383291203982,1.055432516985015,0.011562890537903391,9
One-Shot SA + Freeze,3,28,27.418400395054807,28.47383291203982,1.055432516985015,0.012719179591693731,9
One-Shot SA + Freeze,3,29,27.418400395054807,28.47383291203982,1.055432516985015,0.013991097550863106,9
One-Shot SA + Freeze,3,30,27.418400395054807,28.47383291203982,1.055432516985015,0.015390207305949418,9
One-Shot SA + Freeze,3,31,27.418400395054807,28.47383291203982,1.055432516985015,0.016929228036544362,9
One-Shot SA + Freeze,3,32,27.418400395054807,28.47383291203982,1.055432516985015,0.0186221508401988,9
One-Shot SA + Freeze,3,33,27.418400395054807,28.47383291203982,1.055432516985015,0.02048436592421868,9
One-Shot SA + Freeze,3,34,27.418400395054807,28.47383291203982,1.055432516985015,0.02253280251664055,9
One-Shot SA + Freeze,3,35,27.418400395054807,28.47383291203982,1.055432516985015,0.02478608276830461,9
One-Shot SA + Freeze,3,36,27.418400395054807,28.47383291203982,1.055432516985015,0.02726469104513507,9
One-Shot SA + Freeze,3,37,27.418400395054807,28.47383291203982,1.055432516985015,0.029991160149648578,9
One-Shot SA + Freeze,3,38,27.418400395054807,28.47383291203982,1.055432516985015,0.03299027616461344,9
One-Shot SA + Freeze,3,39,27.418400395054807,28.47383291203982,1.055432516985015,0.03628930378107479,9
One-Shot SA + Freeze,3,40,27.418400395054807,28.47383291203982,1.055432516985015,0.039918234159182275,9
One-Shot SA + Freeze,3,41,27.418400395054807,28.47383291203982,1.055432516985015,0.043910057575100504,9
One-Shot SA + Freeze,3,42,27.418400395054807,28.47383291203982,1.055432516985015,0.048301063332610555,9
One-Shot SA + Freeze,3,43,27.418400395054807,28.47383291203982,1.055432516985015,0.053131169665871614,9
One-Shot SA + Freeze,3,44,27.418400395054807,28.47383291203982,1.055432516985015,0.05844428663245878,9
One-Shot SA + Freeze,3,45,27.418400395054807,28.47383291203982,1.055432516985015,0.06428871529570467,9
One-Shot SA + Freeze,3,46,27.418400395054807,28.47383291203982,1.055432516985015,0.07071758682527514,9
One-Shot SA + Freeze,3,47,27.418400395054807,28.47383291203982,1.055432516985015,0.07778934550780266,9
One-Shot SA + Freeze,3,48,27.418400395054807,28.47383291203982,1.055432516985015,0.08556828005858293,9
One-Shot SA + Freeze,3,49,27.418400395054807,28.47383291203982,1.055432516985015,0.09412510806444123,9
One-Shot SA + Freeze,3,50,27.418400395054807,28.47383291203982,1.055432516985015,0.10353761887088536,9
One-Shot SA + Freeze,3,51,27.418400395054807,28.47383291203982,1.055432516985015,0.1138913807579739,9
One-Shot SA + Freeze,3,52,27.418400395054807,28.47383291203982,1.055432516985015,0.1252805188337713,9
One-Shot SA + Freeze,3,53,27.418400395054807,28.47383291203982,1.055432516985015,0.13780857071714844,9
One-Shot SA + Freeze,3,54,27.418400395054807,28.47383291203982,1.055432516985015,0.1515894277888633,9
One-Shot SA + Freeze,3,55,27.418400395054807,28.47383291203982,1.055432516985015,0.16674837056774966,9
One-Shot SA + Freeze,3,56,27.418400395054807,28.47383291203982,1.055432516985015,0.18342320762452463,9
One-Shot SA + Freeze,3,57,27.418400395054807,28.47383291203982,1.055432516985015,0.2,9
One-Shot SA + Freeze,3,58,27.418400395054807,28.47383291203982,1.055432516985015,0.2,9
One-Shot SA + Freeze,3,59,27.418400395054807,28.47383291203982,1.055432516985015,0.2,9
One-Shot SA + Freeze,3,60,27.418400395054807,28.47383291203982,1.055432516985015,0.2,9
One-Shot SA + Freeze,3,61,27.418400395054807,28.47383291203982,1.055432516985015,0.2,9
One-Shot SA + Freeze,3,62,27.418400395054807,28.47383291203982,1.055432516985015,0.2,9
One-Shot SA + Freeze,3,63,27.418400395054807,28.47383291203982,1.055432516985015,0.2,9
One-Shot SA + Freeze,3,64,27.418400395054807,28.47383291203982,1.055432516985015,0.2,9
One-Shot SA + Freeze,3,65,27.418400395054807,28.47383291203982,1.055432516985015,0.2,9
One-Shot SA + Freeze,3,66,27.418400395054807,28.47383291203982,1.055432516985015,0.2,9
One-Shot SA + Freeze,3,67,27.418400395054807,28.47383291203982,1.055432516985015,0.2,9
One-Shot SA + Freeze,3,68,27.418400395054807,28.47383291203982,1.055432516985015,0.2,9
One-Shot SA + Freeze,3,69,27.418400395054807,28.47383291203982,1.055432516985015,0.2,9
One-Shot SA + Freeze,3,70,27.418400395054807,28.47383291203982,1.055432516985015,0.2,9
One-Shot SA + Freeze,3,71,27.418400395054807,28.47383291203982,1.055432516985015,0.2,9
One-Shot SA + Freeze,3,72,27.418400395054807,28.47383291203982,1.055432516985015,0.2,9
One-Shot SA + Freeze,3,73,27.418400395054807,28.47383291203982,1.055432516985015,0.2,9
One-Shot SA + Freeze,3,74,27.418400395054807,28.47383291203982,1.055432516985015,0.2,9
One-Shot SA + Freeze,3,75,27.418400395054807,28.47383291203982,1.055432516985015,0.2,9
One-Shot SA + Freeze,3,76,27.418400395054807,28.47383291203982,1.055432516985015,0.2,9
One-Shot SA + Freeze,3,77,27.418400395054807,28.47383291203982,1.055432516985015,0.2,9
One-Shot SA + Freeze,3,78,27.418400395054807,28.47383291203982,1.055432516985015,0.2,9
One-Shot SA + Freeze,3,79,27.418400395054807,28.47383291203982,1.055432516985015,0.2,9
One-Shot SA + Freeze,3,80,27.418400395054807,28.47383291203982,1.055432516985015,0.2,9
One-Shot SA + Freeze,3,81,27.418400395054807,28.47383291203982,1.055432516985015,0.2,9
One-Shot SA + Freeze,3,82,27.418400395054807,28.47383291203982,1.055432516985015,0.2,9
One-Shot SA + Freeze,3,83,27.418400395054807,28.47383291203982,1.055432516985015,0.2,9
One-Shot SA + Freeze,3,84,27.418400395054807,28.47383291203982,1.055432516985015,0.2,9
One-Shot SA + Freeze,3,85,27.418400395054807,28.47383291203982,1.055432516985015,0.2,9
One-Shot SA + Freeze,3,86,27.418400395054807,28.47383291203982,1.055432516985015,0.2,9
One-Shot SA + Freeze,3,87,27.418400395054807,28.47383291203982,1.055432516985015,0.2,9
One-Shot SA + Freeze,3,88,27.418400395054807,28.47383291203982,1.055432516985015,0.2,9
One-Shot SA + Freeze,3,89,27.418400395054807,28.47383291203982,1.055432516985015,0.2,9
One-Shot SA + Freeze,3,90,27.418400395054807,28.47383291203982,1.055432516985015,0.2,9
One-Shot SA + Freeze,3,91,27.418400395054807,28.47383291203982,1.055432516985015,0.2,9
One-Shot SA + Freeze,3,92,27.418400395054807,28.47383291203982,1.055432516985015,0.2,9
One-Shot SA + Freeze,3,93,27.418400395054807,28.47383291203982,1.055432516985015,0.2,9
One-Shot SA + Freeze,3,94,27.418400395054807,28.47383291203982,1.055432516985015,0.2,9
One-Shot SA + Freeze,3,95,27.418400395054807,28.47383291203982,1.055432516985015,0.2,9
One-Shot SA + Freeze,3,96,27.418400395054807,28.47383291203982,1.055432516985015,0.2,9
One-Shot SA + Freeze,3,97,27.418400395054807,28.47383291203982,1.055432516985015,0.2,9
One-Shot SA + Freeze,3,98,27.418400395054807,28.47383291203982,1.055432516985015,0.2,9
One-Shot SA + Freeze,3,99,27.418400395054807,28.47383291203982,1.055432516985015,0.2,9
One-Shot SA + Freeze,3,100,27.418400395054807,28.47383291203982,1.055432516985015,0.2,9
One-Shot SA + Freeze,3,101,27.418400395054807,28.47383291203982,1.055432516985015,0.2,9
One-Shot SA + Freeze,3,102,27.418400395054807,28.47383291203982,1.055432516985015,0.2,9
One-Shot SA + Freeze,3,103,27.418400395054807,28.47383291203982,1.055432516985015,0.2,9
One-Shot SA + Freeze,3,104,27.418400395054807,28.47383291203982,1.055432516985015,0.2,9
One-Shot SA + Freeze,3,105,27.418400395054807,28.47383291203982,1.055432516985015,0.2,9
One-Shot SA + Freeze,3,106,27.418400395054807,28.47383291203982,1.055432516985015,0.2,9
One-Shot SA + Freeze,3,107,27.418400395054807,28.47383291203982,1.055432516985015,0.2,9
One-Shot SA + Freeze,3,108,27.418400395054807,28.47383291203982,1.055432516985015,0.2,9
One-Shot SA + Freeze,3,109,27.418400395054807,28.47383291203982,1.055432516985015,0.2,9
One-Shot SA + Freeze,3,110,27.418400395054807,28.47383291203982,1.055432516985015,0.2,9
One-Shot SA + Freeze,3,111,27.418400395054807,28.47383291203982,1.055432516985015,0.2,9
One-Shot SA + Freeze,3,112,27.418400395054807,28.47383291203982,1.055432516985015,0.2,9
One-Shot SA + Freeze,3,113,27.418400395054807,28.47383291203982,1.055432516985015,0.2,9
One-Shot SA + Freeze,3,114,27.418400395054807,28.47383291203982,1.055432516985015,0.2,9
One-Shot SA + Freeze,3,115,27.418400395054807,28.47383291203982,1.055432516985015,0.2,9
One-Shot SA + Freeze,3,116,27.418400395054807,28.47383291203982,1.055432516985015,0.2,9
One-Shot SA + Freeze,3,117,27.418400395054807,28.47383291203982,1.055432516985015,0.2,9
One-Shot SA + Freeze,3,118,27.418400395054807,28.47383291203982,1.055432516985015,0.2,9
One-Shot SA + Freeze,3,119,27.418400395054807,28.47383291203982,1.055432516985015,0.2,9
One-Shot SA + Freeze,3,120,27.418400395054807,28.47383291203982,1.055432516985015,0.2,9
One-Shot SA + Freeze,3,121,27.418400395054807,28.47383291203982,1.055432516985015,0.2,9
One-Shot SA + Freeze,3,122,27.418400395054807,28.47383291203982,1.055432516985015,0.2,9
One-Shot SA + Freeze,3,123,27.418400395054807,28.47383291203982,1.055432516985015,0.2,9
One-Shot SA + Freeze,3,124,27.418400395054807,28.47383291203982,1.055432516985015,0.2,9
One-Shot SA + Freeze,3,125,27.418400395054807,28.47383291203982,1.055432516985015,0.2,9
One-Shot SA + Freeze,3,126,27.418400395054807,28.47383291203982,1.055432516985015,0.2,9
One-Shot SA + Freeze,3,127,27.418400395054807,28.47383291203982,1.055432516985015,0.2,9
One-Shot SA + Freeze,3,128,27.418400395054807,28.47383291203982,1.055432516985015,0.2,9
One-Shot SA + Freeze,3,129,27.418400395054807,28.47383291203982,1.055432516985015,0.2,9
One-Shot SA + Freeze,3,130,27.418400395054807,28.47383291203982,1.055432516985015,0.2,9
One-Shot SA + Freeze,3,131,27.418400395054807,28.47383291203982,1.055432516985015,0.2,9
One-Shot SA + Freeze,3,132,27.418400395054807,28.47383291203982,1.055432516985015,0.2,9
One-Shot SA + Freeze,3,133,27.418400395054807,28.47383291203982,1.055432516985015,0.2,9
One-Shot SA + Freeze,3,134,27.418400395054807,28.47383291203982,1.055432516985015,0.2,9
One-Shot SA + Freeze,3,135,27.418400395054807,28.47383291203982,1.055432516985015,0.2,9
One-Shot SA + Freeze,3,136,27.418400395054807,28.47383291203982,1.055432516985015,0.2,9
One-Shot SA + Freeze,3,137,27.418400395054807,28.47383291203982,1.055432516985015,0.2,9
One-Shot SA + Freeze,3,138,27.418400395054807,28.47383291203982,1.055432516985015,0.2,9
One-Shot SA + Freeze,3,139,27.418400395054807,28.47383291203982,1.055432516985015,0.2,9
One-Shot SA + Freeze,3,140,27.418400395054807,28.47383291203982,1.055432516985015,0.2,9
One-Shot SA + Freeze,3,141,27.418400395054807,28.47383291203982,1.055432516985015,0.2,9
One-Shot SA + Freeze,3,142,27.418400395054807,28.47383291203982,1.055432516985015,0.2,9
One-Shot SA + Freeze,3,143,27.418400395054807,28.47383291203982,1.055432516985015,0.2,9
One-Shot SA + Freeze,3,144,27.418400395054807,28.47383291203982,1.055432516985015,0.2,9
One-Shot SA + Freeze,3,145,27.418400395054807,28.47383291203982,1.055432516985015,0.2,9
One-Shot SA + Freeze,3,146,27.418400395054807,28.47383291203982,1.055432516985015,0.2,9
One-Shot SA + Freeze,3,147,27.418400395054807,28.47383291203982,1.055432516985015,0.2,9
One-Shot SA + Freeze,3,148,27.418400395054807,28.47383291203982,1.055432516985015,0.2,9
One-Shot SA + Freeze,3,149,27.418400395054807,28.47383291203982,1.055432516985015,0.2,9
One-Shot SA + Freeze,3,150,27.418400395054807,28.47383291203982,1.055432516985015,0.2,9
One-Shot SA + Freeze,4,1,29.493646263113682,33.375753416672566,3.882107153558883,0.05,0
One-Shot SA + Freeze,4,2,20.791997905915466,26.29093219027969,5.498934284364225,0.025,1
One-Shot SA + Freeze,4,3,22.35867084200888,26.654241797670576,4.295570955661696,0.0125,2
One-Shot SA + Freeze,4,4,19.416510535640604,23.276069510920152,3.8595589752795463,0.013750000000000002,3
One-Shot SA + Freeze,4,5,21.21391912780244,22.08672230050817,0.8728031727057299,0.015125000000000003,4
One-Shot SA + Freeze,4,6,21.21391912780244,22.08672230050817,0.8728031727057299,0.0075625000000000015,4
One-Shot SA + Freeze,4,7,21.93775677070528,22.87346889912149,0.9357121284162092,0.008318750000000001,5
One-Shot SA + Freeze,4,8,21.93775677070528,22.87346889912149,0.9357121284162092,0.009150625000000003,5
One-Shot SA + Freeze,4,9,20.56362472893262,22.67703399246627,2.1134092635336494,0.010065687500000003,6
One-Shot SA + Freeze,4,10,20.910779222528895,22.99911656527967,2.0883373427507776,0.011072256250000004,7
One-Shot SA + Freeze,4,11,20.910779222528895,22.99911656527967,2.0883373427507776,0.012179481875000005,7
One-Shot SA + Freeze,4,12,20.910779222528895,22.99911656527967,2.0883373427507776,0.013397430062500007,7
One-Shot SA + Freeze,4,13,20.910779222528895,22.99911656527967,2.0883373427507776,0.014737173068750008,7
One-Shot SA + Freeze,4,14,20.910779222528895,22.99911656527967,2.0883373427507776,0.01621089037562501,7
One-Shot SA + Freeze,4,15,20.910779222528895,22.99911656527967,2.0883373427507776,0.01783197941318751,7
One-Shot SA + Freeze,4,16,20.910779222528895,22.99911656527967,2.0883373427507776,0.019615177354506262,7
One-Shot SA + Freeze,4,17,20.910779222528895,22.99911656527967,2.0883373427507776,0.02157669508995689,7
One-Shot SA + Freeze,4,18,20.910779222528895,22.99911656527967,2.0883373427507776,0.02373436459895258,7
One-Shot SA + Freeze,4,19,20.910779222528895,22.99911656527967,2.0883373427507776,0.02610780105884784,7
One-Shot SA + Freeze,4,20,20.910779222528895,22.99911656527967,2.0883373427507776,0.028718581164732627,7
One-Shot SA + Freeze,4,21,20.910779222528895,22.99911656527967,2.0883373427507776,0.03159043928120589,7
One-Shot SA + Freeze,4,22,20.910779222528895,22.99911656527967,2.0883373427507776,0.034749483209326484,7
One-Shot SA + Freeze,4,23,20.910779222528895,22.99911656527967,2.0883373427507776,0.03822443153025914,7
One-Shot SA + Freeze,4,24,20.910779222528895,22.99911656527967,2.0883373427507776,0.04204687468328506,7
One-Shot SA + Freeze,4,25,20.910779222528895,22.99911656527967,2.0883373427507776,0.046251562151613565,7
One-Shot SA + Freeze,4,26,20.910779222528895,22.99911656527967,2.0883373427507776,0.050876718366774924,7
One-Shot SA + Freeze,4,27,20.910779222528895,22.99911656527967,2.0883373427507776,0.055964390203452424,7
One-Shot SA + Freeze,4,28,20.910779222528895,22.99911656527967,2.0883373427507776,0.06156082922379767,7
One-Shot SA + Freeze,4,29,20.910779222528895,22.99911656527967,2.0883373427507776,0.06771691214617745,7
One-Shot SA + Freeze,4,30,20.910779222528895,22.99911656527967,2.0883373427507776,0.0744886033607952,7
One-Shot SA + Freeze,4,31,20.910779222528895,22.99911656527967,2.0883373427507776,0.08193746369687473,7
One-Shot SA + Freeze,4,32,20.910779222528895,22.99911656527967,2.0883373427507776,0.0901312100665622,7
One-Shot SA + Freeze,4,33,20.910779222528895,22.99911656527967,2.0883373427507776,0.09914433107321843,7
One-Shot SA + Freeze,4,34,20.910779222528895,22.99911656527967,2.0883373427507776,0.10905876418054028,7
One-Shot SA + Freeze,4,35,20.910779222528895,22.99911656527967,2.0883373427507776,0.11996464059859431,7
One-Shot SA + Freeze,4,36,20.910779222528895,22.99911656527967,2.0883373427507776,0.13196110465845376,7
One-Shot SA + Freeze,4,37,20.910779222528895,22.99911656527967,2.0883373427507776,0.14515721512429916,7
One-Shot SA + Freeze,4,38,20.910779222528895,22.99911656527967,2.0883373427507776,0.1596729366367291,7
One-Shot SA + Freeze,4,39,20.910779222528895,22.99911656527967,2.0883373427507776,0.17564023030040202,7
One-Shot SA + Freeze,4,40,20.910779222528895,22.99911656527967,2.0883373427507776,0.19320425333044222,7
One-Shot SA + Freeze,4,41,20.910779222528895,22.99911656527967,2.0883373427507776,0.2,7
One-Shot SA + Freeze,4,42,20.910779222528895,22.99911656527967,2.0883373427507776,0.2,7
One-Shot SA + Freeze,4,43,20.910779222528895,22.99911656527967,2.0883373427507776,0.2,7
One-Shot SA + Freeze,4,44,20.910779222528895,22.99911656527967,2.0883373427507776,0.2,7
One-Shot SA + Freeze,4,45,20.910779222528895,22.99911656527967,2.0883373427507776,0.2,7
One-Shot SA + Freeze,4,46,20.910779222528895,22.99911656527967,2.0883373427507776,0.2,7
One-Shot SA + Freeze,4,47,20.910779222528895,22.99911656527967,2.0883373427507776,0.2,7
One-Shot SA + Freeze,4,48,20.910779222528895,22.99911656527967,2.0883373427507776,0.2,7
One-Shot SA + Freeze,4,49,20.910779222528895,22.99911656527967,2.0883373427507776,0.2,7
One-Shot SA + Freeze,4,50,20.910779222528895,22.99911656527967,2.0883373427507776,0.2,7
One-Shot SA + Freeze,4,51,20.910779222528895,22.99911656527967,2.0883373427507776,0.2,7
One-Shot SA + Freeze,4,52,20.910779222528895,22.99911656527967,2.0883373427507776,0.2,7
One-Shot SA + Freeze,4,53,20.910779222528895,22.99911656527967,2.0883373427507776,0.2,7
One-Shot SA + Freeze,4,54,20.910779222528895,22.99911656527967,2.0883373427507776,0.2,7
One-Shot SA + Freeze,4,55,20.910779222528895,22.99911656527967,2.0883373427507776,0.2,7
One-Shot SA + Freeze,4,56,20.910779222528895,22.99911656527967,2.0883373427507776,0.2,7
One-Shot SA + Freeze,4,57,20.910779222528895,22.99911656527967,2.0883373427507776,0.2,7
One-Shot SA + Freeze,4,58,20.910779222528895,22.99911656527967,2.0883373427507776,0.2,7
One-Shot SA + Freeze,4,59,20.910779222528895,22.99911656527967,2.0883373427507776,0.2,7
One-Shot SA + Freeze,4,60,20.910779222528895,22.99911656527967,2.0883373427507776,0.2,7
One-Shot SA + Freeze,4,61,20.910779222528895,22.99911656527967,2.0883373427507776,0.2,7
One-Shot SA + Freeze,4,62,20.910779222528895,22.99911656527967,2.0883373427507776,0.2,7
One-Shot SA + Freeze,4,63,20.910779222528895,22.99911656527967,2.0883373427507776,0.2,7
One-Shot SA + Freeze,4,64,20.910779222528895,22.99911656527967,2.0883373427507776,0.2,7
One-Shot SA + Freeze,4,65,20.910779222528895,22.99911656527967,2.0883373427507776,0.2,7
One-Shot SA + Freeze,4,66,20.910779222528895,22.99911656527967,2.0883373427507776,0.2,7
One-Shot SA + Freeze,4,67,20.910779222528895,22.99911656527967,2.0883373427507776,0.2,7
One-Shot SA + Freeze,4,68,20.910779222528895,22.99911656527967,2.0883373427507776,0.2,7
One-Shot SA + Freeze,4,69,20.910779222528895,22.99911656527967,2.0883373427507776,0.2,7
One-Shot SA + Freeze,4,70,20.910779222528895,22.99911656527967,2.0883373427507776,0.2,7
One-Shot SA + Freeze,4,71,20.910779222528895,22.99911656527967,2.0883373427507776,0.2,7
One-Shot SA + Freeze,4,72,20.910779222528895,22.99911656527967,2.0883373427507776,0.2,7
One-Shot SA + Freeze,4,73,20.910779222528895,22.99911656527967,2.0883373427507776,0.2,7
One-Shot SA + Freeze,4,74,20.910779222528895,22.99911656527967,2.0883373427507776,0.2,7
One-Shot SA + Freeze,4,75,20.910779222528895,22.99911656527967,2.0883373427507776,0.2,7
One-Shot SA + Freeze,4,76,20.910779222528895,22.99911656527967,2.0883373427507776,0.2,7
One-Shot SA + Freeze,4,77,20.910779222528895,22.99911656527967,2.0883373427507776,0.2,7
One-Shot SA + Freeze,4,78,20.910779222528895,22.99911656527967,2.0883373427507776,0.2,7
One-Shot SA + Freeze,4,79,20.910779222528895,22.99911656527967,2.0883373427507776,0.2,7
One-Shot SA + Freeze,4,80,20.910779222528895,22.99911656527967,2.0883373427507776,0.2,7
One-Shot SA + Freeze,4,81,20.910779222528895,22.99911656527967,2.0883373427507776,0.2,7
One-Shot SA + Freeze,4,82,20.910779222528895,22.99911656527967,2.0883373427507776,0.2,7
One-Shot SA + Freeze,4,83,20.910779222528895,22.99911656527967,2.0883373427507776,0.2,7
One-Shot SA + Freeze,4,84,20.910779222528895,22.99911656527967,2.0883373427507776,0.2,7
One-Shot SA + Freeze,4,85,20.910779222528895,22.99911656527967,2.0883373427507776,0.2,7
One-Shot SA + Freeze,4,86,20.910779222528895,22.99911656527967,2.0883373427507776,0.2,7
One-Shot SA + Freeze,4,87,20.910779222528895,22.99911656527967,2.0883373427507776,0.2,7
One-Shot SA + Freeze,4,88,20.910779222528895,22.99911656527967,2.0883373427507776,0.2,7
One-Shot SA + Freeze,4,89,20.910779222528895,22.99911656527967,2.0883373427507776,0.2,7
One-Shot SA + Freeze,4,90,20.910779222528895,22.99911656527967,2.0883373427507776,0.2,7
One-Shot SA + Freeze,4,91,20.910779222528895,22.99911656527967,2.0883373427507776,0.2,7
One-Shot SA + Freeze,4,92,20.910779222528895,22.99911656527967,2.0883373427507776,0.2,7
One-Shot SA + Freeze,4,93,20.910779222528895,22.99911656527967,2.0883373427507776,0.2,7
One-Shot SA + Freeze,4,94,20.910779222528895,22.99911656527967,2.0883373427507776,0.2,7
One-Shot SA + Freeze,4,95,20.910779222528895,22.99911656527967,2.0883373427507776,0.2,7
One-Shot SA + Freeze,4,96,20.910779222528895,22.99911656527967,2.0883373427507776,0.2,7
One-Shot SA + Freeze,4,97,20.910779222528895,22.99911656527967,2.0883373427507776,0.2,7
One-Shot SA + Freeze,4,98,20.910779222528895,22.99911656527967,2.0883373427507776,0.2,7
One-Shot SA + Freeze,4,99,20.910779222528895,22.99911656527967,2.0883373427507776,0.2,7
One-Shot SA + Freeze,4,100,20.910779222528895,22.99911656527967,2.0883373427507776,0.2,7
One-Shot SA + Freeze,4,101,20.910779222528895,22.99911656527967,2.0883373427507776,0.2,7
One-Shot SA + Freeze,4,102,20.910779222528895,22.99911656527967,2.0883373427507776,0.2,7
One-Shot SA + Freeze,4,103,20.910779222528895,22.99911656527967,2.0883373427507776,0.2,7
One-Shot SA + Freeze,4,104,20.910779222528895,22.99911656527967,2.0883373427507776,0.2,7
One-Shot SA + Freeze,4,105,20.910779222528895,22.99911656527967,2.0883373427507776,0.2,7
One-Shot SA + Freeze,4,106,20.910779222528895,22.99911656527967,2.0883373427507776,0.2,7
One-Shot SA + Freeze,4,107,20.910779222528895,22.99911656527967,2.0883373427507776,0.2,7
One-Shot SA + Freeze,4,108,20.910779222528895,22.99911656527967,2.0883373427507776,0.2,7
One-Shot SA + Freeze,4,109,20.910779222528895,22.99911656527967,2.0883373427507776,0.2,7
One-Shot SA + Freeze,4,110,20.910779222528895,22.99911656527967,2.0883373427507776,0.2,7
One-Shot SA + Freeze,4,111,20.910779222528895,22.99911656527967,2.0883373427507776,0.2,7
One-Shot SA + Freeze,4,112,20.910779222528895,22.99911656527967,2.0883373427507776,0.2,7
One-Shot SA + Freeze,4,113,20.910779222528895,22.99911656527967,2.0883373427507776,0.2,7
One-Shot SA + Freeze,4,114,20.910779222528895,22.99911656527967,2.0883373427507776,0.2,7
One-Shot SA + Freeze,4,115,20.910779222528895,22.99911656527967,2.0883373427507776,0.2,7
One-Shot SA + Freeze,4,116,20.910779222528895,22.99911656527967,2.0883373427507776,0.2,7
One-Shot SA + Freeze,4,117,20.910779222528895,22.99911656527967,2.0883373427507776,0.2,7
One-Shot SA + Freeze,4,118,20.910779222528895,22.99911656527967,2.0883373427507776,0.2,7
One-Shot SA + Freeze,4,119,20.910779222528895,22.99911656527967,2.0883373427507776,0.2,7
One-Shot SA + Freeze,4,120,20.910779222528895,22.99911656527967,2.0883373427507776,0.2,7
One-Shot SA + Freeze,4,121,20.910779222528895,22.99911656527967,2.0883373427507776,0.2,7
One-Shot SA + Freeze,4,122,20.910779222528895,22.99911656527967,2.0883373427507776,0.2,7
One-Shot SA + Freeze,4,123,20.910779222528895,22.99911656527967,2.0883373427507776,0.2,7
One-Shot SA + Freeze,4,124,20.910779222528895,22.99911656527967,2.0883373427507776,0.2,7
One-Shot SA + Freeze,4,125,20.910779222528895,22.99911656527967,2.0883373427507776,0.2,7
One-Shot SA + Freeze,4,126,20.910779222528895,22.99911656527967,2.0883373427507776,0.2,7
One-Shot SA + Freeze,4,127,20.910779222528895,22.99911656527967,2.0883373427507776,0.2,7
One-Shot SA + Freeze,4,128,20.910779222528895,22.99911656527967,2.0883373427507776,0.2,7
One-Shot SA + Freeze,4,129,20.910779222528895,22.99911656527967,2.0883373427507776,0.2,7
One-Shot SA + Freeze,4,130,20.910779222528895,22.99911656527967,2.0883373427507776,0.2,7
One-Shot SA + Freeze,4,131,20.910779222528895,22.99911656527967,2.0883373427507776,0.2,7
One-Shot SA + Freeze,4,132,20.910779222528895,22.99911656527967,2.0883373427507776,0.2,7
One-Shot SA + Freeze,4,133,20.910779222528895,22.99911656527967,2.0883373427507776,0.2,7
One-Shot SA + Freeze,4,134,20.910779222528895,22.99911656527967,2.0883373427507776,0.2,7
One-Shot SA + Freeze,4,135,20.910779222528895,22.99911656527967,2.0883373427507776,0.2,7
One-Shot SA + Freeze,4,136,20.910779222528895,22.99911656527967,2.0883373427507776,0.2,7
One-Shot SA + Freeze,4,137,20.910779222528895,22.99911656527967,2.0883373427507776,0.2,7
One-Shot SA + Freeze,4,138,20.910779222528895,22.99911656527967,2.0883373427507776,0.2,7
One-Shot SA + Freeze,4,139,20.910779222528895,22.99911656527967,2.0883373427507776,0.2,7
One-Shot SA + Freeze,4,140,20.910779222528895,22.99911656527967,2.0883373427507776,0.2,7
One-Shot SA + Freeze,4,141,20.910779222528895,22.99911656527967,2.0883373427507776,0.2,7
One-Shot SA + Freeze,4,142,20.910779222528895,22.99911656527967,2.0883373427507776,0.2,7
One-Shot SA + Freeze,4,143,20.910779222528895,22.99911656527967,2.0883373427507776,0.2,7
One-Shot SA + Freeze,4,144,20.910779222528895,22.99911656527967,2.0883373427507776,0.2,7
One-Shot SA + Freeze,4,145,20.910779222528895,22.99911656527967,2.0883373427507776,0.2,7
One-Shot SA + Freeze,4,146,20.910779222528895,22.99911656527967,2.0883373427507776,0.2,7
One-Shot SA + Freeze,4,147,20.910779222528895,22.99911656527967,2.0883373427507776,0.2,7
One-Shot SA + Freeze,4,148,20.910779222528895,22.99911656527967,2.0883373427507776,0.2,7
One-Shot SA + Freeze,4,149,20.910779222528895,22.99911656527967,2.0883373427507776,0.2,7
One-Shot SA + Freeze,4,150,20.910779222528895,22.99911656527967,2.0883373427507776,0.2,7
Cont SA (Hard Reset),0,1,38.95385037861565,33.44498700843148,-5.508863370184167,0.05,1
Cont SA (Hard Reset),0,2,39.29399021176753,33.423889766797316,-5.87010044497021,0.05,2
Cont SA (Hard Reset),0,3,40.47003179307376,33.29235785467359,-7.177673938400168,0.05,3
Cont SA (Hard Reset),0,4,45.623407992481894,33.21386001784108,-12.409547974640816,0.05,4
Cont SA (Hard Reset),0,5,47.656398219344275,33.18514375652123,-14.471254462823048,0.05,5
Cont SA (Hard Reset),0,6,47.656398219344275,33.18514375652123,-14.471254462823048,0.05500000000000001,5
Cont SA (Hard Reset),0,7,49.6857446557202,33.18363642007058,-16.502108235649626,0.05,6
Cont SA (Hard Reset),0,8,49.6857446557202,33.18363642007058,-16.502108235649626,0.025,6
Cont SA (Hard Reset),0,9,49.6857446557202,33.18363642007058,-16.502108235649626,0.027500000000000004,6
Cont SA (Hard Reset),0,10,49.966003527631344,33.163052442327995,-16.80295108530335,0.05,7
Cont SA (Hard Reset),0,11,49.966003527631344,33.163052442327995,-16.80295108530335,0.05500000000000001,7
Cont SA (Hard Reset),0,12,50.33187978984691,33.16212471162768,-17.16975507821923,0.05,8
Cont SA (Hard Reset),0,13,50.33187978984691,33.16212471162768,-17.16975507821923,0.025,8
Cont SA (Hard Reset),0,14,50.33187978984691,33.16212471162768,-17.16975507821923,0.027500000000000004,8
Cont SA (Hard Reset),0,15,43.680109784122656,32.93603084292572,-10.744078941196939,0.05,9
Cont SA (Hard Reset),0,16,45.283781604591724,32.83503602978147,-12.448745574810255,0.05,10
Cont SA (Hard Reset),0,17,45.283781604591724,32.83503602978147,-12.448745574810255,0.025,10
Cont SA (Hard Reset),0,18,45.283781604591724,32.83503602978147,-12.448745574810255,0.027500000000000004,10
Cont SA (Hard Reset),0,19,45.7792802475633,32.697337682826195,-13.081942564737105,0.05,11
Cont SA (Hard Reset),0,20,45.13664876588859,32.748712653460665,-12.387936112427925,0.05,12
Cont SA (Hard Reset),0,21,49.41068348791615,32.68961904061488,-16.721064447301274,0.05,13
Cont SA (Hard Reset),0,22,49.41068348791615,32.68961904061488,-16.721064447301274,0.025,13
Cont SA (Hard Reset),0,23,49.41068348791615,32.68961904061488,-16.721064447301274,0.0125,13
Cont SA (Hard Reset),0,24,52.359451330435846,32.83053044868123,-19.528920881754612,0.05,14
Cont SA (Hard Reset),0,25,52.359451330435846,32.83053044868123,-19.528920881754612,0.025,14
Cont SA (Hard Reset),0,26,52.359451330435846,32.83053044868123,-19.528920881754612,0.0125,14
Cont SA (Hard Reset),0,27,52.359451330435846,32.83053044868123,-19.528920881754612,0.00625,14
Cont SA (Hard Reset),0,28,52.359451330435846,32.83053044868123,-19.528920881754612,0.003125,14
Cont SA (Hard Reset),0,29,52.359451330435846,32.83053044868123,-19.528920881754612,0.0015625,14
Cont SA (Hard Reset),0,30,52.359451330435846,32.83053044868123,-19.528920881754612,0.001,14
Cont SA (Hard Reset),0,31,52.359451330435846,32.83053044868123,-19.528920881754612,0.001,14
Cont SA (Hard Reset),0,32,52.359451330435846,32.83053044868123,-19.528920881754612,0.001,14
Cont SA (Hard Reset),0,33,52.359451330435846,32.83053044868123,-19.528920881754612,0.001,14
Cont SA (Hard Reset),0,34,52.359451330435846,32.83053044868123,-19.528920881754612,0.001,14
Cont SA (Hard Reset),0,35,52.359451330435846,32.83053044868123,-19.528920881754612,0.001,14
Cont SA (Hard Reset),0,36,52.359451330435846,32.83053044868123,-19.528920881754612,0.001,14
Cont SA (Hard Reset),0,37,52.359451330435846,32.83053044868123,-19.528920881754612,0.001,14
Cont SA (Hard Reset),0,38,52.359451330435846,32.83053044868123,-19.528920881754612,0.001,14
Cont SA (Hard Reset),0,39,52.359451330435846,32.83053044868123,-19.528920881754612,0.001,14
Cont SA (Hard Reset),0,40,52.359451330435846,32.83053044868123,-19.528920881754612,0.001,14
Cont SA (Hard Reset),0,41,52.359451330435846,32.83053044868123,-19.528920881754612,0.001,14
Cont SA (Hard Reset),0,42,52.359451330435846,32.83053044868123,-19.528920881754612,0.001,14
Cont SA (Hard Reset),0,43,52.359451330435846,32.83053044868123,-19.528920881754612,0.001,14
Cont SA (Hard Reset),0,44,52.359451330435846,32.83053044868123,-19.528920881754612,0.001,14
Cont SA (Hard Reset),0,45,52.359451330435846,32.83053044868123,-19.528920881754612,0.001,14
Cont SA (Hard Reset),0,46,52.359451330435846,32.83053044868123,-19.528920881754612,0.001,14
Cont SA (Hard Reset),0,47,52.359451330435846,32.83053044868123,-19.528920881754612,0.001,14
Cont SA (Hard Reset),0,48,52.359451330435846,32.83053044868123,-19.528920881754612,0.001,14
Cont SA (Hard Reset),0,49,52.359451330435846,32.83053044868123,-19.528920881754612,0.001,14
Cont SA (Hard Reset),0,50,52.359451330435846,32.83053044868123,-19.528920881754612,0.001,14
Cont SA (Hard Reset),0,51,52.359451330435846,32.83053044868123,-19.528920881754612,0.001,14
Cont SA (Hard Reset),0,52,52.359451330435846,32.83053044868123,-19.528920881754612,0.001,14
Cont SA (Hard Reset),0,53,52.359451330435846,32.83053044868123,-19.528920881754612,0.001,14
Cont SA (Hard Reset),0,54,52.359451330435846,32.83053044868123,-19.528920881754612,0.001,14
Cont SA (Hard Reset),0,55,52.359451330435846,32.83053044868123,-19.528920881754612,0.001,14
Cont SA (Hard Reset),0,56,52.359451330435846,32.83053044868123,-19.528920881754612,0.001,14
Cont SA (Hard Reset),0,57,52.359451330435846,32.83053044868123,-19.528920881754612,0.001,14
Cont SA (Hard Reset),0,58,52.359451330435846,32.83053044868123,-19.528920881754612,0.001,14
Cont SA (Hard Reset),0,59,52.359451330435846,32.83053044868123,-19.528920881754612,0.001,14
Cont SA (Hard Reset),0,60,52.359451330435846,32.83053044868123,-19.528920881754612,0.001,14
Cont SA (Hard Reset),0,61,52.359451330435846,32.83053044868123,-19.528920881754612,0.001,14
Cont SA (Hard Reset),0,62,52.359451330435846,32.83053044868123,-19.528920881754612,0.001,14
Cont SA (Hard Reset),0,63,52.359451330435846,32.83053044868123,-19.528920881754612,0.001,14
Cont SA (Hard Reset),0,64,52.359451330435846,32.83053044868123,-19.528920881754612,0.001,14
Cont SA (Hard Reset),0,65,52.359451330435846,32.83053044868123,-19.528920881754612,0.001,14
Cont SA (Hard Reset),0,66,52.359451330435846,32.83053044868123,-19.528920881754612,0.001,14
Cont SA (Hard Reset),0,67,52.359451330435846,32.83053044868123,-19.528920881754612,0.001,14
Cont SA (Hard Reset),0,68,52.359451330435846,32.83053044868123,-19.528920881754612,0.001,14
Cont SA (Hard Reset),0,69,52.359451330435846,32.83053044868123,-19.528920881754612,0.001,14
Cont SA (Hard Reset),0,70,52.359451330435846,32.83053044868123,-19.528920881754612,0.001,14
Cont SA (Hard Reset),0,71,52.359451330435846,32.83053044868123,-19.528920881754612,0.001,14
Cont SA (Hard Reset),0,72,52.359451330435846,32.83053044868123,-19.528920881754612,0.001,14
Cont SA (Hard Reset),0,73,52.359451330435846,32.83053044868123,-19.528920881754612,0.001,14
Cont SA (Hard Reset),0,74,52.359451330435846,32.83053044868123,-19.528920881754612,0.001,14
Cont SA (Hard Reset),0,75,52.359451330435846,32.83053044868123,-19.528920881754612,0.001,14
Cont SA (Hard Reset),0,76,52.359451330435846,32.83053044868123,-19.528920881754612,0.001,14
Cont SA (Hard Reset),0,77,52.359451330435846,32.83053044868123,-19.528920881754612,0.001,14
Cont SA (Hard Reset),0,78,52.359451330435846,32.83053044868123,-19.528920881754612,0.001,14
Cont SA (Hard Reset),0,79,52.359451330435846,32.83053044868123,-19.528920881754612,0.001,14
Cont SA (Hard Reset),0,80,52.359451330435846,32.83053044868123,-19.528920881754612,0.001,14
Cont SA (Hard Reset),0,81,52.359451330435846,32.83053044868123,-19.528920881754612,0.001,14
Cont SA (Hard Reset),0,82,52.359451330435846,32.83053044868123,-19.528920881754612,0.001,14
Cont SA (Hard Reset),0,83,52.359451330435846,32.83053044868123,-19.528920881754612,0.001,14
Cont SA (Hard Reset),0,84,52.359451330435846,32.83053044868123,-19.528920881754612,0.001,14
Cont SA (Hard Reset),0,85,52.359451330435846,32.83053044868123,-19.528920881754612,0.001,14
Cont SA (Hard Reset),0,86,52.359451330435846,32.83053044868123,-19.528920881754612,0.001,14
Cont SA (Hard Reset),0,87,52.359451330435846,32.83053044868123,-19.528920881754612,0.001,14
Cont SA (Hard Reset),0,88,52.359451330435846,32.83053044868123,-19.528920881754612,0.001,14
Cont SA (Hard Reset),0,89,52.359451330435846,32.83053044868123,-19.528920881754612,0.001,14
Cont SA (Hard Reset),0,90,52.359451330435846,32.83053044868123,-19.528920881754612,0.001,14
Cont SA (Hard Reset),0,91,52.359451330435846,32.83053044868123,-19.528920881754612,0.001,14
Cont SA (Hard Reset),0,92,52.359451330435846,32.83053044868123,-19.528920881754612,0.001,14
Cont SA (Hard Reset),0,93,52.359451330435846,32.83053044868123,-19.528920881754612,0.001,14
Cont SA (Hard Reset),0,94,52.359451330435846,32.83053044868123,-19.528920881754612,0.001,14
Cont SA (Hard Reset),0,95,52.359451330435846,32.83053044868123,-19.528920881754612,0.001,14
Cont SA (Hard Reset),0,96,52.359451330435846,32.83053044868123,-19.528920881754612,0.001,14
Cont SA (Hard Reset),0,97,52.359451330435846,32.83053044868123,-19.528920881754612,0.001,14
Cont SA (Hard Reset),0,98,52.373579244113486,32.87056082196319,-19.503018422150294,0.05,15
Cont SA (Hard Reset),0,99,52.373579244113486,32.87056082196319,-19.503018422150294,0.025,15
Cont SA (Hard Reset),0,100,52.373579244113486,32.87056082196319,-19.503018422150294,0.0125,15
Cont SA (Hard Reset),0,101,52.373579244113486,32.87056082196319,-19.503018422150294,0.00625,15
Cont SA (Hard Reset),0,102,52.373579244113486,32.87056082196319,-19.503018422150294,0.003125,15
Cont SA (Hard Reset),0,103,52.373579244113486,32.87056082196319,-19.503018422150294,0.0015625,15
Cont SA (Hard Reset),0,104,52.373579244113486,32.87056082196319,-19.503018422150294,0.001,15
Cont SA (Hard Reset),0,105,52.373579244113486,32.87056082196319,-19.503018422150294,0.001,15
Cont SA (Hard Reset),0,106,52.373579244113486,32.87056082196319,-19.503018422150294,0.001,15
Cont SA (Hard Reset),0,107,52.373579244113486,32.87056082196319,-19.503018422150294,0.001,15
Cont SA (Hard Reset),0,108,52.373579244113486,32.87056082196319,-19.503018422150294,0.001,15
Cont SA (Hard Reset),0,109,52.373579244113486,32.87056082196319,-19.503018422150294,0.001,15
Cont SA (Hard Reset),0,110,52.373579244113486,32.87056082196319,-19.503018422150294,0.001,15
Cont SA (Hard Reset),0,111,52.373579244113486,32.87056082196319,-19.503018422150294,0.001,15
Cont SA (Hard Reset),0,112,52.373579244113486,32.87056082196319,-19.503018422150294,0.001,15
Cont SA (Hard Reset),0,113,52.373579244113486,32.87056082196319,-19.503018422150294,0.001,15
Cont SA (Hard Reset),0,114,52.373579244113486,32.87056082196319,-19.503018422150294,0.001,15
Cont SA (Hard Reset),0,115,52.373579244113486,32.87056082196319,-19.503018422150294,0.001,15
Cont SA (Hard Reset),0,116,52.373579244113486,32.87056082196319,-19.503018422150294,0.001,15
Cont SA (Hard Reset),0,117,52.373579244113486,32.87056082196319,-19.503018422150294,0.001,15
Cont SA (Hard Reset),0,118,52.373579244113486,32.87056082196319,-19.503018422150294,0.001,15
Cont SA (Hard Reset),0,119,52.373579244113486,32.87056082196319,-19.503018422150294,0.001,15
Cont SA (Hard Reset),0,120,52.373579244113486,32.87056082196319,-19.503018422150294,0.0011,15
Cont SA (Hard Reset),0,121,52.373579244113486,32.87056082196319,-19.503018422150294,0.001,15
Cont SA (Hard Reset),0,122,52.373579244113486,32.87056082196319,-19.503018422150294,0.001,15
Cont SA (Hard Reset),0,123,52.373579244113486,32.87056082196319,-19.503018422150294,0.001,15
Cont SA (Hard Reset),0,124,52.373579244113486,32.87056082196319,-19.503018422150294,0.001,15
Cont SA (Hard Reset),0,125,52.373579244113486,32.87056082196319,-19.503018422150294,0.001,15
Cont SA (Hard Reset),0,126,52.373579244113486,32.87056082196319,-19.503018422150294,0.0011,15
Cont SA (Hard Reset),0,127,52.373579244113486,32.87056082196319,-19.503018422150294,0.001,15
Cont SA (Hard Reset),0,128,52.373579244113486,32.87056082196319,-19.503018422150294,0.001,15
Cont SA (Hard Reset),0,129,52.373579244113486,32.87056082196319,-19.503018422150294,0.0011,15
Cont SA (Hard Reset),0,130,52.373579244113486,32.87056082196319,-19.503018422150294,0.0012100000000000001,15
Cont SA (Hard Reset),0,131,52.373579244113486,32.87056082196319,-19.503018422150294,0.0013310000000000002,15
Cont SA (Hard Reset),0,132,52.373579244113486,32.87056082196319,-19.503018422150294,0.001,15
Cont SA (Hard Reset),0,133,52.373579244113486,32.87056082196319,-19.503018422150294,0.001,15
Cont SA (Hard Reset),0,134,52.373579244113486,32.87056082196319,-19.503018422150294,0.001,15
Cont SA (Hard Reset),0,135,52.373579244113486,32.87056082196319,-19.503018422150294,0.001,15
Cont SA (Hard Reset),0,136,52.373579244113486,32.87056082196319,-19.503018422150294,0.001,15
Cont SA (Hard Reset),0,137,52.373579244113486,32.87056082196319,-19.503018422150294,0.001,15
Cont SA (Hard Reset),0,138,52.373579244113486,32.87056082196319,-19.503018422150294,0.001,15
Cont SA (Hard Reset),0,139,52.373579244113486,32.87056082196319,-19.503018422150294,0.001,15
Cont SA (Hard Reset),0,140,52.373579244113486,32.87056082196319,-19.503018422150294,0.001,15
Cont SA (Hard Reset),0,141,52.373579244113486,32.87056082196319,-19.503018422150294,0.001,15
Cont SA (Hard Reset),0,142,52.373579244113486,32.87056082196319,-19.503018422150294,0.001,15
Cont SA (Hard Reset),0,143,52.373579244113486,32.87056082196319,-19.503018422150294,0.001,15
Cont SA (Hard Reset),0,144,52.373579244113486,32.87056082196319,-19.503018422150294,0.001,15
Cont SA (Hard Reset),0,145,52.373579244113486,32.87056082196319,-19.503018422150294,0.001,15
Cont SA (Hard Reset),0,146,52.373579244113486,32.87056082196319,-19.503018422150294,0.001,15
Cont SA (Hard Reset),0,147,52.373579244113486,32.87056082196319,-19.503018422150294,0.001,15
Cont SA (Hard Reset),0,148,52.373579244113486,32.87056082196319,-19.503018422150294,0.0011,15
Cont SA (Hard Reset),0,149,52.373579244113486,32.87056082196319,-19.503018422150294,0.001,15
Cont SA (Hard Reset),0,150,52.373579244113486,32.87056082196319,-19.503018422150294,0.0011,15
Cont SA (Hard Reset),1,1,53.70433785180954,33.717253309497345,-19.987084542312193,0.05,1
Cont SA (Hard Reset),1,2,53.70433785180954,33.717253309497345,-19.987084542312193,0.025,1
Cont SA (Hard Reset),1,3,53.70433785180954,33.717253309497345,-19.987084542312193,0.0125,1
Cont SA (Hard Reset),1,4,44.20396575746217,33.65390751526941,-10.550058242192762,0.05,2
Cont SA (Hard Reset),1,5,44.20396575746217,33.65390751526941,-10.550058242192762,0.025,2
Cont SA (Hard Reset),1,6,44.20396575746217,33.65390751526941,-10.550058242192762,0.027500000000000004,2
Cont SA (Hard Reset),1,7,44.20396575746217,33.65390751526941,-10.550058242192762,0.013750000000000002,2
Cont SA (Hard Reset),1,8,46.87435463362664,33.682837812525975,-13.191516821100663,0.05,3
Cont SA (Hard Reset),1,9,46.87435463362664,33.682837812525975,-13.191516821100663,0.05500000000000001,3
Cont SA (Hard Reset),1,10,46.87435463362664,33.682837812525975,-13.191516821100663,0.027500000000000004,3
Cont SA (Hard Reset),1,11,48.361089044129535,33.66665603032647,-14.694433013803062,0.05,4
Cont SA (Hard Reset),1,12,48.361089044129535,33.66665603032647,-14.694433013803062,0.05500000000000001,4
Cont SA (Hard Reset),1,13,48.361089044129535,33.66665603032647,-14.694433013803062,0.027500000000000004,4
Cont SA (Hard Reset),1,14,57.432556782817855,33.684150825409205,-23.74840595740865,0.05,5
Cont SA (Hard Reset),1,15,57.432556782817855,33.684150825409205,-23.74840595740865,0.05500000000000001,5
Cont SA (Hard Reset),1,16,57.432556782817855,33.684150825409205,-23.74840595740865,0.027500000000000004,5
Cont SA (Hard Reset),1,17,57.432556782817855,33.684150825409205,-23.74840595740865,0.030250000000000006,5
Cont SA (Hard Reset),1,18,58.815119362954036,33.5585318019364,-25.256587561017643,0.05,6
Cont SA (Hard Reset),1,19,58.815119362954036,33.5585318019364,-25.256587561017643,0.025,6
Cont SA (Hard Reset),1,20,58.27484194860679,33.541343198859,-24.733498749747792,0.05,7
Cont SA (Hard Reset),1,21,58.27484194860679,33.541343198859,-24.733498749747792,0.05500000000000001,7
Cont SA (Hard Reset),1,22,58.27484194860679,33.541343198859,-24.733498749747792,0.027500000000000004,7
Cont SA (Hard Reset),1,23,58.57252886723376,33.56924920191636,-25.003279665317404,0.05,8
Cont SA (Hard Reset),1,24,58.57252886723376,33.56924920191636,-25.003279665317404,0.05500000000000001,8
Cont SA (Hard Reset),1,25,58.57252886723376,33.56924920191636,-25.003279665317404,0.027500000000000004,8
Cont SA (Hard Reset),1,26,58.57252886723376,33.56924920191636,-25.003279665317404,0.013750000000000002,8
Cont SA (Hard Reset),1,27,58.57252886723376,33.56924920191636,-25.003279665317404,0.006875000000000001,8
Cont SA (Hard Reset),1,28,58.57252886723376,33.56924920191636,-25.003279665317404,0.0034375000000000005,8
Cont SA (Hard Reset),1,29,58.57252886723376,33.56924920191636,-25.003279665317404,0.0017187500000000002,8
Cont SA (Hard Reset),1,30,58.57252886723376,33.56924920191636,-25.003279665317404,0.0018906250000000004,8
Cont SA (Hard Reset),1,31,58.57252886723376,33.56924920191636,-25.003279665317404,0.001,8
Cont SA (Hard Reset),1,32,58.57252886723376,33.56924920191636,-25.003279665317404,0.0011,8
Cont SA (Hard Reset),1,33,58.57252886723376,33.56924920191636,-25.003279665317404,0.001,8
Cont SA (Hard Reset),1,34,58.57252886723376,33.56924920191636,-25.003279665317404,0.001,8
Cont SA (Hard Reset),1,35,58.57252886723376,33.56924920191636,-25.003279665317404,0.001,8
Cont SA (Hard Reset),1,36,58.57252886723376,33.56924920191636,-25.003279665317404,0.0011,8
Cont SA (Hard Reset),1,37,58.57252886723376,33.56924920191636,-25.003279665317404,0.001,8
Cont SA (Hard Reset),1,38,58.57252886723376,33.56924920191636,-25.003279665317404,0.001,8
Cont SA (Hard Reset),1,39,58.57252886723376,33.56924920191636,-25.003279665317404,0.001,8
Cont SA (Hard Reset),1,40,58.57252886723376,33.56924920191636,-25.003279665317404,0.001,8
Cont SA (Hard Reset),1,41,58.57252886723376,33.56924920191636,-25.003279665317404,0.001,8
Cont SA (Hard Reset),1,42,58.57252886723376,33.56924920191636,-25.003279665317404,0.001,8
Cont SA (Hard Reset),1,43,58.57252886723376,33.56924920191636,-25.003279665317404,0.001,8
Cont SA (Hard Reset),1,44,58.57252886723376,33.56924920191636,-25.003279665317404,0.0011,8
Cont SA (Hard Reset),1,45,58.57252886723376,33.56924920191636,-25.003279665317404,0.001,8
Cont SA (Hard Reset),1,46,58.57252886723376,33.56924920191636,-25.003279665317404,0.0011,8
Cont SA (Hard Reset),1,47,58.57252886723376,33.56924920191636,-25.003279665317404,0.001,8
Cont SA (Hard Reset),1,48,58.57252886723376,33.56924920191636,-25.003279665317404,0.0011,8
Cont SA (Hard Reset),1,49,58.57252886723376,33.56924920191636,-25.003279665317404,0.001,8
Cont SA (Hard Reset),1,50,58.57252886723376,33.56924920191636,-25.003279665317404,0.001,8
Cont SA (Hard Reset),1,51,58.57252886723376,33.56924920191636,-25.003279665317404,0.001,8
Cont SA (Hard Reset),1,52,58.57252886723376,33.56924920191636,-25.003279665317404,0.0011,8
Cont SA (Hard Reset),1,53,58.57252886723376,33.56924920191636,-25.003279665317404,0.0012100000000000001,8
Cont SA (Hard Reset),1,54,58.57252886723376,33.56924920191636,-25.003279665317404,0.0013310000000000002,8
Cont SA (Hard Reset),1,55,58.57252886723376,33.56924920191636,-25.003279665317404,0.001,8
Cont SA (Hard Reset),1,56,58.57252886723376,33.56924920191636,-25.003279665317404,0.001,8
Cont SA (Hard Reset),1,57,58.57252886723376,33.56924920191636,-25.003279665317404,0.001,8
Cont SA (Hard Reset),1,58,58.57252886723376,33.56924920191636,-25.003279665317404,0.001,8
Cont SA (Hard Reset),1,59,58.57252886723376,33.56924920191636,-25.003279665317404,0.0011,8
Cont SA (Hard Reset),1,60,58.57252886723376,33.56924920191636,-25.003279665317404,0.001,8
Cont SA (Hard Reset),1,61,58.57252886723376,33.56924920191636,-25.003279665317404,0.001,8
Cont SA (Hard Reset),1,62,58.57252886723376,33.56924920191636,-25.003279665317404,0.001,8
Cont SA (Hard Reset),1,63,58.57252886723376,33.56924920191636,-25.003279665317404,0.0011,8
Cont SA (Hard Reset),1,64,58.57252886723376,33.56924920191636,-25.003279665317404,0.001,8
Cont SA (Hard Reset),1,65,58.57252886723376,33.56924920191636,-25.003279665317404,0.001,8
Cont SA (Hard Reset),1,66,58.57252886723376,33.56924920191636,-25.003279665317404,0.001,8
Cont SA (Hard Reset),1,67,58.57252886723376,33.56924920191636,-25.003279665317404,0.0011,8
Cont SA (Hard Reset),1,68,58.57252886723376,33.56924920191636,-25.003279665317404,0.0012100000000000001,8
Cont SA (Hard Reset),1,69,63.62548172010915,33.56635457864677,-30.059127141462383,0.05,9
Cont SA (Hard Reset),1,70,63.62548172010915,33.56635457864677,-30.059127141462383,0.05500000000000001,9
Cont SA (Hard Reset),1,71,63.62548172010915,33.56635457864677,-30.059127141462383,0.027500000000000004,9
Cont SA (Hard Reset),1,72,63.62548172010915,33.56635457864677,-30.059127141462383,0.013750000000000002,9
Cont SA (Hard Reset),1,73,63.62548172010915,33.56635457864677,-30.059127141462383,0.015125000000000003,9
Cont SA (Hard Reset),1,74,63.62548172010915,33.56635457864677,-30.059127141462383,0.0075625000000000015,9
Cont SA (Hard Reset),1,75,63.62548172010915,33.56635457864677,-30.059127141462383,0.0037812500000000008,9
Cont SA (Hard Reset),1,76,63.62548172010915,33.56635457864677,-30.059127141462383,0.004159375000000001,9
Cont SA (Hard Reset),1,77,63.62548172010915,33.56635457864677,-30.059127141462383,0.004575312500000001,9
Cont SA (Hard Reset),1,78,63.62548172010915,33.56635457864677,-30.059127141462383,0.0022876562500000006,9
Cont SA (Hard Reset),1,79,63.62548172010915,33.56635457864677,-30.059127141462383,0.0011438281250000003,9
Cont SA (Hard Reset),1,80,63.62548172010915,33.56635457864677,-30.059127141462383,0.001,9
Cont SA (Hard Reset),1,81,63.62548172010915,33.56635457864677,-30.059127141462383,0.001,9
Cont SA (Hard Reset),1,82,63.62548172010915,33.56635457864677,-30.059127141462383,0.0011,9
Cont SA (Hard Reset),1,83,63.62548172010915,33.56635457864677,-30.059127141462383,0.0012100000000000001,9
Cont SA (Hard Reset),1,84,63.62548172010915,33.56635457864677,-30.059127141462383,0.0013310000000000002,9
Cont SA (Hard Reset),1,85,63.62548172010915,33.56635457864677,-30.059127141462383,0.001,9
Cont SA (Hard Reset),1,86,63.62548172010915,33.56635457864677,-30.059127141462383,0.0011,9
Cont SA (Hard Reset),1,87,63.62548172010915,33.56635457864677,-30.059127141462383,0.0012100000000000001,9
Cont SA (Hard Reset),1,88,63.62548172010915,33.56635457864677,-30.059127141462383,0.001,9
Cont SA (Hard Reset),1,89,63.62548172010915,33.56635457864677,-30.059127141462383,0.001,9
Cont SA (Hard Reset),1,90,63.62548172010915,33.56635457864677,-30.059127141462383,0.001,9
Cont SA (Hard Reset),1,91,63.62548172010915,33.56635457864677,-30.059127141462383,0.0011,9
Cont SA (Hard Reset),1,92,63.62548172010915,33.56635457864677,-30.059127141462383,0.001,9
Cont SA (Hard Reset),1,93,63.62548172010915,33.56635457864677,-30.059127141462383,0.001,9
Cont SA (Hard Reset),1,94,63.62548172010915,33.56635457864677,-30.059127141462383,0.0011,9
Cont SA (Hard Reset),1,95,63.62548172010915,33.56635457864677,-30.059127141462383,0.001,9
Cont SA (Hard Reset),1,96,63.62548172010915,33.56635457864677,-30.059127141462383,0.001,9
Cont SA (Hard Reset),1,97,63.62548172010915,33.56635457864677,-30.059127141462383,0.0011,9
Cont SA (Hard Reset),1,98,63.62548172010915,33.56635457864677,-30.059127141462383,0.001,9
Cont SA (Hard Reset),1,99,63.62548172010915,33.56635457864677,-30.059127141462383,0.001,9
Cont SA (Hard Reset),1,100,63.62548172010915,33.56635457864677,-30.059127141462383,0.0011,9
Cont SA (Hard Reset),1,101,63.62548172010915,33.56635457864677,-30.059127141462383,0.001,9
Cont SA (Hard Reset),1,102,63.62548172010915,33.56635457864677,-30.059127141462383,0.0011,9
Cont SA (Hard Reset),1,103,63.62548172010915,33.56635457864677,-30.059127141462383,0.001,9
Cont SA (Hard Reset),1,104,63.62548172010915,33.56635457864677,-30.059127141462383,0.0011,9
Cont SA (Hard Reset),1,105,63.62548172010915,33.56635457864677,-30.059127141462383,0.001,9
Cont SA (Hard Reset),1,106,63.62548172010915,33.56635457864677,-30.059127141462383,0.001,9
Cont SA (Hard Reset),1,107,63.62548172010915,33.56635457864677,-30.059127141462383,0.001,9
Cont SA (Hard Reset),1,108,63.62548172010915,33.56635457864677,-30.059127141462383,0.0011,9
Cont SA (Hard Reset),1,109,63.62548172010915,33.56635457864677,-30.059127141462383,0.001,9
Cont SA (Hard Reset),1,110,63.62548172010915,33.56635457864677,-30.059127141462383,0.001,9
Cont SA (Hard Reset),1,111,63.62548172010915,33.56635457864677,-30.059127141462383,0.0011,9
Cont SA (Hard Reset),1,112,63.62548172010915,33.56635457864677,-30.059127141462383,0.0012100000000000001,9
Cont SA (Hard Reset),1,113,63.62548172010915,33.56635457864677,-30.059127141462383,0.0013310000000000002,9
Cont SA (Hard Reset),1,114,63.62548172010915,33.56635457864677,-30.059127141462383,0.0014641000000000003,9
Cont SA (Hard Reset),1,115,63.62548172010915,33.56635457864677,-30.059127141462383,0.001,9
Cont SA (Hard Reset),1,116,63.62548172010915,33.56635457864677,-30.059127141462383,0.001,9
Cont SA (Hard Reset),1,117,63.62548172010915,33.56635457864677,-30.059127141462383,0.0011,9
Cont SA (Hard Reset),1,118,63.62548172010915,33.56635457864677,-30.059127141462383,0.001,9
Cont SA (Hard Reset),1,119,63.62548172010915,33.56635457864677,-30.059127141462383,0.0011,9
Cont SA (Hard Reset),1,120,63.62548172010915,33.56635457864677,-30.059127141462383,0.001,9
Cont SA (Hard Reset),1,121,63.62548172010915,33.56635457864677,-30.059127141462383,0.001,9
Cont SA (Hard Reset),1,122,63.62548172010915,33.56635457864677,-30.059127141462383,0.001,9
Cont SA (Hard Reset),1,123,63.62548172010915,33.56635457864677,-30.059127141462383,0.001,9
Cont SA (Hard Reset),1,124,63.62548172010915,33.56635457864677,-30.059127141462383,0.001,9
Cont SA (Hard Reset),1,125,63.62548172010915,33.56635457864677,-30.059127141462383,0.001,9
Cont SA (Hard Reset),1,126,63.62548172010915,33.56635457864677,-30.059127141462383,0.0011,9
Cont SA (Hard Reset),1,127,63.62548172010915,33.56635457864677,-30.059127141462383,0.0012100000000000001,9
Cont SA (Hard Reset),1,128,63.62548172010915,33.56635457864677,-30.059127141462383,0.001,9
Cont SA (Hard Reset),1,129,63.62548172010915,33.56635457864677,-30.059127141462383,0.001,9
Cont SA (Hard Reset),1,130,63.62548172010915,33.56635457864677,-30.059127141462383,0.0011,9
Cont SA (Hard Reset),1,131,63.62548172010915,33.56635457864677,-30.059127141462383,0.001,9
Cont SA (Hard Reset),1,132,63.62548172010915,33.56635457864677,-30.059127141462383,0.0011,9
Cont SA (Hard Reset),1,133,63.62548172010915,33.56635457864677,-30.059127141462383,0.001,9
Cont SA (Hard Reset),1,134,63.62548172010915,33.56635457864677,-30.059127141462383,0.0011,9
Cont SA (Hard Reset),1,135,63.62548172010915,33.56635457864677,-30.059127141462383,0.001,9
Cont SA (Hard Reset),1,136,63.62548172010915,33.56635457864677,-30.059127141462383,0.0011,9
Cont SA (Hard Reset),1,137,63.62548172010915,33.56635457864677,-30.059127141462383,0.001,9
Cont SA (Hard Reset),1,138,63.62548172010915,33.56635457864677,-30.059127141462383,0.001,9
Cont SA (Hard Reset),1,139,63.62548172010915,33.56635457864677,-30.059127141462383,0.0011,9
Cont SA (Hard Reset),1,140,63.62548172010915,33.56635457864677,-30.059127141462383,0.0012100000000000001,9
Cont SA (Hard Reset),1,141,63.62548172010915,33.56635457864677,-30.059127141462383,0.001,9
Cont SA (Hard Reset),1,142,63.62548172010915,33.56635457864677,-30.059127141462383,0.0011,9
Cont SA (Hard Reset),1,143,63.62548172010915,33.56635457864677,-30.059127141462383,0.0012100000000000001,9
Cont SA (Hard Reset),1,144,63.62548172010915,33.56635457864677,-30.059127141462383,0.001,9
Cont SA (Hard Reset),1,145,63.62548172010915,33.56635457864677,-30.059127141462383,0.0011,9
Cont SA (Hard Reset),1,146,63.62548172010915,33.56635457864677,-30.059127141462383,0.001,9
Cont SA (Hard Reset),1,147,63.62548172010915,33.56635457864677,-30.059127141462383,0.001,9
Cont SA (Hard Reset),1,148,63.62548172010915,33.56635457864677,-30.059127141462383,0.0011,9
Cont SA (Hard Reset),1,149,63.62548172010915,33.56635457864677,-30.059127141462383,0.001,9
Cont SA (Hard Reset),1,150,63.62548172010915,33.56635457864677,-30.059127141462383,0.001,9
Cont SA (Hard Reset),2,1,35.181064765476776,32.96877961394983,-2.2122851515269506,0.05,1
Cont SA (Hard Reset),2,2,35.181064765476776,32.96877961394983,-2.2122851515269506,0.025,1
Cont SA (Hard Reset),2,3,35.181064765476776,32.96877961394983,-2.2122851515269506,0.027500000000000004,1
Cont SA (Hard Reset),2,4,33.599672576475115,32.78052257837197,-0.8191499981031461,0.05,2
Cont SA (Hard Reset),2,5,29.897150729227338,32.381245402649384,2.484094673422046,0.05,3
Cont SA (Hard Reset),2,6,34.0718162939554,31.88229909297209,-2.1895172009833104,0.05,4
Cont SA (Hard Reset),2,7,34.0718162939554,31.88229909297209,-2.1895172009833104,0.025,4
Cont SA (Hard Reset),2,8,26.443435564660888,31.71308171986481,5.269646155203924,0.05,5
Cont SA (Hard Reset),2,9,28.46082432285146,31.55124865559104,3.090424332739577,0.05,6
Cont SA (Hard Reset),2,10,26.93763400833527,31.05016624196965,4.112532233634378,0.05,7
Cont SA (Hard Reset),2,11,29.856277717561042,30.75152918516133,0.8952514676002902,0.05,8
Cont SA (Hard Reset),2,12,33.53172850129551,30.404323354330405,-3.1274051469651094,0.05,9
Cont SA (Hard Reset),2,13,36.60040222128819,30.10362816353334,-6.496774057754853,0.05,10
Cont SA (Hard Reset),2,14,36.60040222128819,30.10362816353334,-6.496774057754853,0.025,10
Cont SA (Hard Reset),2,15,35.41770010966148,29.624605287404606,-5.793094822256876,0.05,11
Cont SA (Hard Reset),2,16,35.41770010966148,29.624605287404606,-5.793094822256876,0.05500000000000001,11
Cont SA (Hard Reset),2,17,38.99324365858321,29.58447271089563,-9.40877094768758,0.05,12
Cont SA (Hard Reset),2,18,38.99324365858321,29.58447271089563,-9.40877094768758,0.05500000000000001,12
Cont SA (Hard Reset),2,19,38.99324365858321,29.58447271089563,-9.40877094768758,0.06050000000000001,12
Cont SA (Hard Reset),2,20,46.93363593262637,29.56462412750037,-17.369011805126,0.05,12
Cont SA (Hard Reset),2,21,46.93363593262637,29.56462412750037,-17.369011805126,0.05500000000000001,12
Cont SA (Hard Reset),2,22,46.93363593262637,29.56462412750037,-17.369011805126,0.027500000000000004,12
Cont SA (Hard Reset),2,23,46.93363593262637,29.56462412750037,-17.369011805126,0.030250000000000006,12
Cont SA (Hard Reset),2,24,47.52115646752132,29.592743613268624,-17.928412854252695,0.05,13
Cont SA (Hard Reset),2,25,47.52115646752132,29.592743613268624,-17.928412854252695,0.025,13
Cont SA (Hard Reset),2,26,47.52115646752132,29.592743613268624,-17.928412854252695,0.0125,13
Cont SA (Hard Reset),2,27,47.52115646752132,29.592743613268624,-17.928412854252695,0.00625,13
Cont SA (Hard Reset),2,28,47.52115646752132,29.592743613268624,-17.928412854252695,0.006875000000000001,13
Cont SA (Hard Reset),2,29,47.52115646752132,29.592743613268624,-17.928412854252695,0.0075625000000000015,13
Cont SA (Hard Reset),2,30,47.52115646752132,29.592743613268624,-17.928412854252695,0.0037812500000000008,13
Cont SA (Hard Reset),2,31,48.886002479377154,29.6439806587451,-19.24202182063205,0.05,14
Cont SA (Hard Reset),2,32,48.886002479377154,29.6439806587451,-19.24202182063205,0.05500000000000001,14
Cont SA (Hard Reset),2,33,48.886002479377154,29.6439806587451,-19.24202182063205,0.027500000000000004,14
Cont SA (Hard Reset),2,34,48.886002479377154,29.6439806587451,-19.24202182063205,0.013750000000000002,14
Cont SA (Hard Reset),2,35,48.886002479377154,29.6439806587451,-19.24202182063205,0.006875000000000001,14
Cont SA (Hard Reset),2,36,48.886002479377154,29.6439806587451,-19.24202182063205,0.0034375000000000005,14
Cont SA (Hard Reset),2,37,48.886002479377154,29.6439806587451,-19.24202182063205,0.0037812500000000008,14
Cont SA (Hard Reset),2,38,48.886002479377154,29.6439806587451,-19.24202182063205,0.0018906250000000004,14
Cont SA (Hard Reset),2,39,48.886002479377154,29.6439806587451,-19.24202182063205,0.0020796875000000004,14
Cont SA (Hard Reset),2,40,48.886002479377154,29.6439806587451,-19.24202182063205,0.0022876562500000006,14
Cont SA (Hard Reset),2,41,48.886002479377154,29.6439806587451,-19.24202182063205,0.0011438281250000003,14
Cont SA (Hard Reset),2,42,48.886002479377154,29.6439806587451,-19.24202182063205,0.001,14
Cont SA (Hard Reset),2,43,48.886002479377154,29.6439806587451,-19.24202182063205,0.0011,14
Cont SA (Hard Reset),2,44,48.886002479377154,29.6439806587451,-19.24202182063205,0.001,14
Cont SA (Hard Reset),2,45,48.886002479377154,29.6439806587451,-19.24202182063205,0.001,14
Cont SA (Hard Reset),2,46,48.886002479377154,29.6439806587451,-19.24202182063205,0.001,14
Cont SA (Hard Reset),2,47,48.886002479377154,29.6439806587451,-19.24202182063205,0.0011,14
Cont SA (Hard Reset),2,48,48.886002479377154,29.6439806587451,-19.24202182063205,0.0012100000000000001,14
Cont SA (Hard Reset),2,49,48.886002479377154,29.6439806587451,-19.24202182063205,0.0013310000000000002,14
Cont SA (Hard Reset),2,50,48.886002479377154,29.6439806587451,-19.24202182063205,0.001,14
Cont SA (Hard Reset),2,51,48.886002479377154,29.6439806587451,-19.24202182063205,0.0011,14
Cont SA (Hard Reset),2,52,48.886002479377154,29.6439806587451,-19.24202182063205,0.0012100000000000001,14
Cont SA (Hard Reset),2,53,48.886002479377154,29.6439806587451,-19.24202182063205,0.001,14
Cont SA (Hard Reset),2,54,48.886002479377154,29.6439806587451,-19.24202182063205,0.001,14
Cont SA (Hard Reset),2,55,48.886002479377154,29.6439806587451,-19.24202182063205,0.0011,14
Cont SA (Hard Reset),2,56,48.886002479377154,29.6439806587451,-19.24202182063205,0.0012100000000000001,14
Cont SA (Hard Reset),2,57,48.886002479377154,29.6439806587451,-19.24202182063205,0.0013310000000000002,14
Cont SA (Hard Reset),2,58,48.886002479377154,29.6439806587451,-19.24202182063205,0.001,14
Cont SA (Hard Reset),2,59,48.886002479377154,29.6439806587451,-19.24202182063205,0.001,14
Cont SA (Hard Reset),2,60,48.886002479377154,29.6439806587451,-19.24202182063205,0.001,14
Cont SA (Hard Reset),2,61,48.886002479377154,29.6439806587451,-19.24202182063205,0.001,14
Cont SA (Hard Reset),2,62,48.886002479377154,29.6439806587451,-19.24202182063205,0.001,14
Cont SA (Hard Reset),2,63,48.886002479377154,29.6439806587451,-19.24202182063205,0.001,14
Cont SA (Hard Reset),2,64,48.886002479377154,29.6439806587451,-19.24202182063205,0.001,14
Cont SA (Hard Reset),2,65,48.886002479377154,29.6439806587451,-19.24202182063205,0.0011,14
Cont SA (Hard Reset),2,66,48.886002479377154,29.6439806587451,-19.24202182063205,0.0012100000000000001,14
Cont SA (Hard Reset),2,67,48.886002479377154,29.6439806587451,-19.24202182063205,0.0013310000000000002,14
Cont SA (Hard Reset),2,68,48.886002479377154,29.6439806587451,-19.24202182063205,0.0014641000000000003,14
Cont SA (Hard Reset),2,69,48.886002479377154,29.6439806587451,-19.24202182063205,0.001,14
Cont SA (Hard Reset),2,70,48.886002479377154,29.6439806587451,-19.24202182063205,0.0011,14
Cont SA (Hard Reset),2,71,48.886002479377154,29.6439806587451,-19.24202182063205,0.001,14
Cont SA (Hard Reset),2,72,48.886002479377154,29.6439806587451,-19.24202182063205,0.0011,14
Cont SA (Hard Reset),2,73,48.886002479377154,29.6439806587451,-19.24202182063205,0.001,14
Cont SA (Hard Reset),2,74,48.886002479377154,29.6439806587451,-19.24202182063205,0.001,14
Cont SA (Hard Reset),2,75,48.886002479377154,29.6439806587451,-19.24202182063205,0.0011,14
Cont SA (Hard Reset),2,76,48.886002479377154,29.6439806587451,-19.24202182063205,0.0012100000000000001,14
Cont SA (Hard Reset),2,77,48.886002479377154,29.6439806587451,-19.24202182063205,0.0013310000000000002,14
Cont SA (Hard Reset),2,78,48.886002479377154,29.6439806587451,-19.24202182063205,0.001,14
Cont SA (Hard Reset),2,79,48.886002479377154,29.6439806587451,-19.24202182063205,0.001,14
Cont SA (Hard Reset),2,80,48.886002479377154,29.6439806587451,-19.24202182063205,0.0011,14
Cont SA (Hard Reset),2,81,48.886002479377154,29.6439806587451,-19.24202182063205,0.001,14
Cont SA (Hard Reset),2,82,48.886002479377154,29.6439806587451,-19.24202182063205,0.0011,14
Cont SA (Hard Reset),2,83,48.886002479377154,29.6439806587451,-19.24202182063205,0.0012100000000000001,14
Cont SA (Hard Reset),2,84,48.886002479377154,29.6439806587451,-19.24202182063205,0.0013310000000000002,14
Cont SA (Hard Reset),2,85,48.886002479377154,29.6439806587451,-19.24202182063205,0.0014641000000000003,14
Cont SA (Hard Reset),2,86,48.886002479377154,29.6439806587451,-19.24202182063205,0.0016105100000000005,14
Cont SA (Hard Reset),2,87,48.886002479377154,29.6439806587451,-19.24202182063205,0.001,14
Cont SA (Hard Reset),2,88,48.886002479377154,29.6439806587451,-19.24202182063205,0.001,14
Cont SA (Hard Reset),2,89,48.886002479377154,29.6439806587451,-19.24202182063205,0.0011,14
Cont SA (Hard Reset),2,90,48.886002479377154,29.6439806587451,-19.24202182063205,0.0012100000000000001,14
Cont SA (Hard Reset),2,91,48.886002479377154,29.6439806587451,-19.24202182063205,0.0013310000000000002,14
Cont SA (Hard Reset),2,92,48.886002479377154,29.6439806587451,-19.24202182063205,0.0014641000000000003,14
Cont SA (Hard Reset),2,93,48.886002479377154,29.6439806587451,-19.24202182063205,0.0016105100000000005,14
Cont SA (Hard Reset),2,94,48.886002479377154,29.6439806587451,-19.24202182063205,0.0017715610000000007,14
Cont SA (Hard Reset),2,95,48.886002479377154,29.6439806587451,-19.24202182063205,0.001,14
Cont SA (Hard Reset),2,96,48.886002479377154,29.6439806587451,-19.24202182063205,0.001,14
Cont SA (Hard Reset),2,97,48.886002479377154,29.6439806587451,-19.24202182063205,0.001,14
Cont SA (Hard Reset),2,98,48.886002479377154,29.6439806587451,-19.24202182063205,0.001,14
Cont SA (Hard Reset),2,99,48.886002479377154,29.6439806587451,-19.24202182063205,0.0011,14
Cont SA (Hard Reset),2,100,48.886002479377154,29.6439806587451,-19.24202182063205,0.001,14
Cont SA (Hard Reset),2,101,48.886002479377154,29.6439806587451,-19.24202182063205,0.0011,14
Cont SA (Hard Reset),2,102,48.886002479377154,29.6439806587451,-19.24202182063205,0.001,14
Cont SA (Hard Reset),2,103,48.886002479377154,29.6439806587451,-19.24202182063205,0.001,14
Cont SA (Hard Reset),2,104,48.886002479377154,29.6439806587451,-19.24202182063205,0.0011,14
Cont SA (Hard Reset),2,105,48.886002479377154,29.6439806587451,-19.24202182063205,0.0012100000000000001,14
Cont SA (Hard Reset),2,106,48.886002479377154,29.6439806587451,-19.24202182063205,0.001,14
Cont SA (Hard Reset),2,107,48.886002479377154,29.6439806587451,-19.24202182063205,0.0011,14
Cont SA (Hard Reset),2,108,48.886002479377154,29.6439806587451,-19.24202182063205,0.0012100000000000001,14
Cont SA (Hard Reset),2,109,48.886002479377154,29.6439806587451,-19.24202182063205,0.001,14
Cont SA (Hard Reset),2,110,48.886002479377154,29.6439806587451,-19.24202182063205,0.0011,14
Cont SA (Hard Reset),2,111,48.886002479377154,29.6439806587451,-19.24202182063205,0.0012100000000000001,14
Cont SA (Hard Reset),2,112,48.886002479377154,29.6439806587451,-19.24202182063205,0.0013310000000000002,14
Cont SA (Hard Reset),2,113,48.886002479377154,29.6439806587451,-19.24202182063205,0.0014641000000000003,14
Cont SA (Hard Reset),2,114,48.886002479377154,29.6439806587451,-19.24202182063205,0.001,14
Cont SA (Hard Reset),2,115,48.886002479377154,29.6439806587451,-19.24202182063205,0.0011,14
Cont SA (Hard Reset),2,116,48.886002479377154,29.6439806587451,-19.24202182063205,0.001,14
Cont SA (Hard Reset),2,117,48.886002479377154,29.6439806587451,-19.24202182063205,0.001,14
Cont SA (Hard Reset),2,118,48.886002479377154,29.6439806587451,-19.24202182063205,0.001,14
Cont SA (Hard Reset),2,119,48.886002479377154,29.6439806587451,-19.24202182063205,0.0011,14
Cont SA (Hard Reset),2,120,48.886002479377154,29.6439806587451,-19.24202182063205,0.001,14
Cont SA (Hard Reset),2,121,48.886002479377154,29.6439806587451,-19.24202182063205,0.0011,14
Cont SA (Hard Reset),2,122,48.886002479377154,29.6439806587451,-19.24202182063205,0.0012100000000000001,14
Cont SA (Hard Reset),2,123,48.886002479377154,29.6439806587451,-19.24202182063205,0.001,14
Cont SA (Hard Reset),2,124,48.886002479377154,29.6439806587451,-19.24202182063205,0.0011,14
Cont SA (Hard Reset),2,125,48.886002479377154,29.6439806587451,-19.24202182063205,0.0012100000000000001,14
Cont SA (Hard Reset),2,126,48.886002479377154,29.6439806587451,-19.24202182063205,0.0013310000000000002,14
Cont SA (Hard Reset),2,127,48.886002479377154,29.6439806587451,-19.24202182063205,0.0014641000000000003,14
Cont SA (Hard Reset),2,128,48.886002479377154,29.6439806587451,-19.24202182063205,0.001,14
Cont SA (Hard Reset),2,129,48.886002479377154,29.6439806587451,-19.24202182063205,0.001,14
Cont SA (Hard Reset),2,130,48.886002479377154,29.6439806587451,-19.24202182063205,0.001,14
Cont SA (Hard Reset),2,131,48.886002479377154,29.6439806587451,-19.24202182063205,0.0011,14
Cont SA (Hard Reset),2,132,48.886002479377154,29.6439806587451,-19.24202182063205,0.001,14
Cont SA (Hard Reset),2,133,48.886002479377154,29.6439806587451,-19.24202182063205,0.001,14
Cont SA (Hard Reset),2,134,48.886002479377154,29.6439806587451,-19.24202182063205,0.0011,14
Cont SA (Hard Reset),2,135,48.886002479377154,29.6439806587451,-19.24202182063205,0.001,14
Cont SA (Hard Reset),2,136,48.886002479377154,29.6439806587451,-19.24202182063205,0.0011,14
Cont SA (Hard Reset),2,137,48.886002479377154,29.6439806587451,-19.24202182063205,0.0012100000000000001,14
Cont SA (Hard Reset),2,138,48.886002479377154,29.6439806587451,-19.24202182063205,0.0013310000000000002,14
Cont SA (Hard Reset),2,139,48.886002479377154,29.6439806587451,-19.24202182063205,0.001,14
Cont SA (Hard Reset),2,140,48.886002479377154,29.6439806587451,-19.24202182063205,0.0011,14
Cont SA (Hard Reset),2,141,48.886002479377154,29.6439806587451,-19.24202182063205,0.0012100000000000001,14
Cont SA (Hard Reset),2,142,48.886002479377154,29.6439806587451,-19.24202182063205,0.0013310000000000002,14
Cont SA (Hard Reset),2,143,48.886002479377154,29.6439806587451,-19.24202182063205,0.0014641000000000003,14
Cont SA (Hard Reset),2,144,48.886002479377154,29.6439806587451,-19.24202182063205,0.0016105100000000005,14
Cont SA (Hard Reset),2,145,48.886002479377154,29.6439806587451,-19.24202182063205,0.0017715610000000007,14
Cont SA (Hard Reset),2,146,48.886002479377154,29.6439806587451,-19.24202182063205,0.001,14
Cont SA (Hard Reset),2,147,48.886002479377154,29.6439806587451,-19.24202182063205,0.001,14
Cont SA (Hard Reset),2,148,48.886002479377154,29.6439806587451,-19.24202182063205,0.0011,14
Cont SA (Hard Reset),2,149,48.886002479377154,29.6439806587451,-19.24202182063205,0.001,14
Cont SA (Hard Reset),2,150,48.886002479377154,29.6439806587451,-19.24202182063205,0.0011,14
Cont SA (Hard Reset),3,1,38.5841214981745,33.15404877852255,-5.430072719651947,0.05,1
Cont SA (Hard Reset),3,2,39.54745688894767,33.04989139657721,-6.4975654923704615,0.05,2
Cont SA (Hard Reset),3,3,34.93974332563871,33.11543976692291,-1.824303558715797,0.05,3
Cont SA (Hard Reset),3,4,36.39806001611931,32.907028259150124,-3.4910317569691856,0.05,4
Cont SA (Hard Reset),3,5,39.95721324869829,32.93682918076978,-7.020384067928511,0.05,5
Cont SA (Hard Reset),3,6,32.66644519307608,32.60966352649304,-0.0567816665830397,0.05,6
Cont SA (Hard Reset),3,7,30.677670208395895,32.114429611060366,1.4367594026644692,0.05,7
Cont SA (Hard Reset),3,8,29.323155681248682,31.894008071026438,2.5708523897777558,0.05,8
Cont SA (Hard Reset),3,9,29.172392874413486,31.75905486510644,2.5866619906929516,0.05,9
Cont SA (Hard Reset),3,10,28.862424882308304,31.958445244669697,3.0960203623613953,0.05,10
Cont SA (Hard Reset),3,11,28.591872636934156,32.011121615780404,3.419248978846248,0.05,11
Cont SA (Hard Reset),3,12,28.744578155548545,31.91257410463148,3.1679959490829357,0.05,12
Cont SA (Hard Reset),3,13,28.744578155548545,31.91257410463148,3.1679959490829357,0.025,12
Cont SA (Hard Reset),3,14,28.97114280417303,31.852636540647445,2.8814937364744133,0.05,13
Cont SA (Hard Reset),3,15,28.97114280417303,31.852636540647445,2.8814937364744133,0.05500000000000001,13
Cont SA (Hard Reset),3,16,28.79715562303636,31.889957456875617,3.0928018338392556,0.05,14
Cont SA (Hard Reset),3,17,29.11220134780624,31.678786065185385,2.5665847173791425,0.05,15
Cont SA (Hard Reset),3,18,28.1413462239643,31.488659673326424,3.3473134493621224,0.05,16
Cont SA (Hard Reset),3,19,29.372341765837454,31.278990590093414,1.9066488242559607,0.05,17
Cont SA (Hard Reset),3,20,34.38988466090141,31.373545837219087,-3.0163388236823194,0.05,18
Cont SA (Hard Reset),3,21,33.072689392772325,31.44019629724938,-1.6324930955229469,0.05,19
Cont SA (Hard Reset),3,22,40.586968161352964,30.766733130070403,-9.820235031282563,0.05,20
Cont SA (Hard Reset),3,23,40.586968161352964,30.766733130070403,-9.820235031282563,0.025,20
Cont SA (Hard Reset),3,24,40.586968161352964,30.766733130070403,-9.820235031282563,0.027500000000000004,20
Cont SA (Hard Reset),3,25,40.586968161352964,30.766733130070403,-9.820235031282563,0.030250000000000006,20
Cont SA (Hard Reset),3,26,40.586968161352964,30.766733130070403,-9.820235031282563,0.033275000000000006,20
Cont SA (Hard Reset),3,27,45.269777496453834,30.904236566124887,-14.36554093032895,0.05,21
Cont SA (Hard Reset),3,28,45.269777496453834,30.904236566124887,-14.36554093032895,0.05500000000000001,21
Cont SA (Hard Reset),3,29,45.269777496453834,30.904236566124887,-14.36554093032895,0.06050000000000001,21
Cont SA (Hard Reset),3,30,45.269777496453834,30.904236566124887,-14.36554093032895,0.06655000000000001,21
Cont SA (Hard Reset),3,31,45.269777496453834,30.904236566124887,-14.36554093032895,0.033275000000000006,21
Cont SA (Hard Reset),3,32,45.269777496453834,30.904236566124887,-14.36554093032895,0.016637500000000003,21
Cont SA (Hard Reset),3,33,45.269777496453834,30.904236566124887,-14.36554093032895,0.008318750000000001,21
Cont SA (Hard Reset),3,34,45.269777496453834,30.904236566124887,-14.36554093032895,0.004159375000000001,21
Cont SA (Hard Reset),3,35,45.269777496453834,30.904236566124887,-14.36554093032895,0.004575312500000001,21
Cont SA (Hard Reset),3,36,45.269777496453834,30.904236566124887,-14.36554093032895,0.0022876562500000006,21
Cont SA (Hard Reset),3,37,45.269777496453834,30.904236566124887,-14.36554093032895,0.0011438281250000003,21
Cont SA (Hard Reset),3,38,45.269777496453834,30.904236566124887,-14.36554093032895,0.0012582109375000004,21
Cont SA (Hard Reset),3,39,45.269777496453834,30.904236566124887,-14.36554093032895,0.001,21
Cont SA (Hard Reset),3,40,45.269777496453834,30.904236566124887,-14.36554093032895,0.001,21
Cont SA (Hard Reset),3,41,45.269777496453834,30.904236566124887,-14.36554093032895,0.0011,21
Cont SA (Hard Reset),3,42,45.269777496453834,30.904236566124887,-14.36554093032895,0.001,21
Cont SA (Hard Reset),3,43,45.269777496453834,30.904236566124887,-14.36554093032895,0.0011,21
Cont SA (Hard Reset),3,44,45.269777496453834,30.904236566124887,-14.36554093032895,0.001,21
Cont SA (Hard Reset),3,45,45.269777496453834,30.904236566124887,-14.36554093032895,0.001,21
Cont SA (Hard Reset),3,46,45.269777496453834,30.904236566124887,-14.36554093032895,0.001,21
Cont SA (Hard Reset),3,47,45.269777496453834,30.904236566124887,-14.36554093032895,0.001,21
Cont SA (Hard Reset),3,48,45.269777496453834,30.904236566124887,-14.36554093032895,0.0011,21
Cont SA (Hard Reset),3,49,45.17350367413757,30.933767150190505,-14.239736523947066,0.05,22
Cont SA (Hard Reset),3,50,45.17350367413757,30.933767150190505,-14.239736523947066,0.025,22
Cont SA (Hard Reset),3,51,45.17350367413757,30.933767150190505,-14.239736523947066,0.027500000000000004,22
Cont SA (Hard Reset),3,52,45.17350367413757,30.933767150190505,-14.239736523947066,0.030250000000000006,22
Cont SA (Hard Reset),3,53,45.17350367413757,30.933767150190505,-14.239736523947066,0.033275000000000006,22
Cont SA (Hard Reset),3,54,45.17350367413757,30.933767150190505,-14.239736523947066,0.03660250000000001,22
Cont SA (Hard Reset),3,55,45.17350367413757,30.933767150190505,-14.239736523947066,0.018301250000000005,22
Cont SA (Hard Reset),3,56,45.17350367413757,30.933767150190505,-14.239736523947066,0.009150625000000003,22
Cont SA (Hard Reset),3,57,45.17350367413757,30.933767150190505,-14.239736523947066,0.010065687500000003,22
Cont SA (Hard Reset),3,58,45.17350367413757,30.933767150190505,-14.239736523947066,0.005032843750000002,22
Cont SA (Hard Reset),3,59,45.17350367413757,30.933767150190505,-14.239736523947066,0.005536128125000002,22
Cont SA (Hard Reset),3,60,45.17350367413757,30.933767150190505,-14.239736523947066,0.002768064062500001,22
Cont SA (Hard Reset),3,61,45.17350367413757,30.933767150190505,-14.239736523947066,0.0013840320312500005,22
Cont SA (Hard Reset),3,62,45.17350367413757,30.933767150190505,-14.239736523947066,0.001,22
Cont SA (Hard Reset),3,63,45.17350367413757,30.933767150190505,-14.239736523947066,0.001,22
Cont SA (Hard Reset),3,64,45.17350367413757,30.933767150190505,-14.239736523947066,0.0011,22
Cont SA (Hard Reset),3,65,45.17350367413757,30.933767150190505,-14.239736523947066,0.001,22
Cont SA (Hard Reset),3,66,45.17350367413757,30.933767150190505,-14.239736523947066,0.001,22
Cont SA (Hard Reset),3,67,45.17350367413757,30.933767150190505,-14.239736523947066,0.001,22
Cont SA (Hard Reset),3,68,45.17350367413757,30.933767150190505,-14.239736523947066,0.0011,22
Cont SA (Hard Reset),3,69,45.17350367413757,30.933767150190505,-14.239736523947066,0.001,22
Cont SA (Hard Reset),3,70,45.17350367413757,30.933767150190505,-14.239736523947066,0.0011,22
Cont SA (Hard Reset),3,71,45.17350367413757,30.933767150190505,-14.239736523947066,0.0012100000000000001,22
Cont SA (Hard Reset),3,72,45.17350367413757,30.933767150190505,-14.239736523947066,0.0013310000000000002,22
Cont SA (Hard Reset),3,73,45.17350367413757,30.933767150190505,-14.239736523947066,0.0014641000000000003,22
Cont SA (Hard Reset),3,74,45.17350367413757,30.933767150190505,-14.239736523947066,0.0016105100000000005,22
Cont SA (Hard Reset),3,75,45.17350367413757,30.933767150190505,-14.239736523947066,0.0017715610000000007,22
Cont SA (Hard Reset),3,76,45.17350367413757,30.933767150190505,-14.239736523947066,0.001,22
Cont SA (Hard Reset),3,77,45.17350367413757,30.933767150190505,-14.239736523947066,0.0011,22
Cont SA (Hard Reset),3,78,45.17350367413757,30.933767150190505,-14.239736523947066,0.0012100000000000001,22
Cont SA (Hard Reset),3,79,45.17350367413757,30.933767150190505,-14.239736523947066,0.0013310000000000002,22
Cont SA (Hard Reset),3,80,45.17350367413757,30.933767150190505,-14.239736523947066,0.0014641000000000003,22
Cont SA (Hard Reset),3,81,45.17350367413757,30.933767150190505,-14.239736523947066,0.001,22
Cont SA (Hard Reset),3,82,45.17350367413757,30.933767150190505,-14.239736523947066,0.001,22
Cont SA (Hard Reset),3,83,45.17350367413757,30.933767150190505,-14.239736523947066,0.0011,22
Cont SA (Hard Reset),3,84,45.17350367413757,30.933767150190505,-14.239736523947066,0.0012100000000000001,22
Cont SA (Hard Reset),3,85,45.72830336578863,30.940812087480467,-14.787491278308169,0.05,23
Cont SA (Hard Reset),3,86,45.72830336578863,30.940812087480467,-14.787491278308169,0.05500000000000001,23
Cont SA (Hard Reset),3,87,45.72830336578863,30.940812087480467,-14.787491278308169,0.027500000000000004,23
Cont SA (Hard Reset),3,88,45.72830336578863,30.940812087480467,-14.787491278308169,0.030250000000000006,23
Cont SA (Hard Reset),3,89,45.72830336578863,30.940812087480467,-14.787491278308169,0.033275000000000006,23
Cont SA (Hard Reset),3,90,45.72830336578863,30.940812087480467,-14.787491278308169,0.03660250000000001,23
Cont SA (Hard Reset),3,91,45.72830336578863,30.940812087480467,-14.787491278308169,0.040262750000000014,23
Cont SA (Hard Reset),3,92,45.72830336578863,30.940812087480467,-14.787491278308169,0.04428902500000002,23
Cont SA (Hard Reset),3,93,45.72830336578863,30.940812087480467,-14.787491278308169,0.04871792750000002,23
Cont SA (Hard Reset),3,94,45.72830336578863,30.940812087480467,-14.787491278308169,0.02435896375000001,23
Cont SA (Hard Reset),3,95,45.72830336578863,30.940812087480467,-14.787491278308169,0.026794860125000014,23
Cont SA (Hard Reset),3,96,45.72830336578863,30.940812087480467,-14.787491278308169,0.029474346137500017,23
Cont SA (Hard Reset),3,97,45.72830336578863,30.940812087480467,-14.787491278308169,0.03242178075125002,23
Cont SA (Hard Reset),3,98,45.72830336578863,30.940812087480467,-14.787491278308169,0.03566395882637502,23
Cont SA (Hard Reset),3,99,45.72830336578863,30.940812087480467,-14.787491278308169,0.039230354709012524,23
Cont SA (Hard Reset),3,100,45.72830336578863,30.940812087480467,-14.787491278308169,0.019615177354506262,23
Cont SA (Hard Reset),3,101,45.72830336578863,30.940812087480467,-14.787491278308169,0.02157669508995689,23
Cont SA (Hard Reset),3,102,45.72830336578863,30.940812087480467,-14.787491278308169,0.02373436459895258,23
Cont SA (Hard Reset),3,103,45.72830336578863,30.940812087480467,-14.787491278308169,0.02610780105884784,23
Cont SA (Hard Reset),3,104,45.72830336578863,30.940812087480467,-14.787491278308169,0.01305390052942392,23
Cont SA (Hard Reset),3,105,45.72830336578863,30.940812087480467,-14.787491278308169,0.014359290582366313,23
Cont SA (Hard Reset),3,106,45.72830336578863,30.940812087480467,-14.787491278308169,0.015795219640602945,23
Cont SA (Hard Reset),3,107,45.72830336578863,30.940812087480467,-14.787491278308169,0.007897609820301472,23
Cont SA (Hard Reset),3,108,45.72830336578863,30.940812087480467,-14.787491278308169,0.008687370802331621,23
Cont SA (Hard Reset),3,109,45.72830336578863,30.940812087480467,-14.787491278308169,0.009556107882564785,23
Cont SA (Hard Reset),3,110,45.8170350047895,30.97761814402727,-14.839416860762228,0.05,24
Cont SA (Hard Reset),3,111,45.8170350047895,30.97761814402727,-14.839416860762228,0.05500000000000001,24
Cont SA (Hard Reset),3,112,45.8170350047895,30.97761814402727,-14.839416860762228,0.06050000000000001,24
Cont SA (Hard Reset),3,113,45.8170350047895,30.97761814402727,-14.839416860762228,0.06655000000000001,24
Cont SA (Hard Reset),3,114,45.8170350047895,30.97761814402727,-14.839416860762228,0.07320500000000002,24
Cont SA (Hard Reset),3,115,45.8170350047895,30.97761814402727,-14.839416860762228,0.08052550000000003,24
Cont SA (Hard Reset),3,116,45.8170350047895,30.97761814402727,-14.839416860762228,0.08857805000000003,24
Cont SA (Hard Reset),3,117,45.8170350047895,30.97761814402727,-14.839416860762228,0.09743585500000004,24
Cont SA (Hard Reset),3,118,45.8170350047895,30.97761814402727,-14.839416860762228,0.10717944050000006,24
Cont SA (Hard Reset),3,119,45.8170350047895,30.97761814402727,-14.839416860762228,0.11789738455000007,24
Cont SA (Hard Reset),3,120,45.8170350047895,30.97761814402727,-14.839416860762228,0.12968712300500007,24
Cont SA (Hard Reset),3,121,45.8170350047895,30.97761814402727,-14.839416860762228,0.14265583530550008,24
Cont SA (Hard Reset),3,122,45.8170350047895,30.97761814402727,-14.839416860762228,0.1569214188360501,24
Cont SA (Hard Reset),3,123,45.8170350047895,30.97761814402727,-14.839416860762228,0.1726135607196551,24
Cont SA (Hard Reset),3,124,45.8170350047895,30.97761814402727,-14.839416860762228,0.18987491679162063,24
Cont SA (Hard Reset),3,125,45.8170350047895,30.97761814402727,-14.839416860762228,0.2,24
Cont SA (Hard Reset),3,126,45.8170350047895,30.97761814402727,-14.839416860762228,0.2,24
Cont SA (Hard Reset),3,127,45.8170350047895,30.97761814402727,-14.839416860762228,0.2,24
Cont SA (Hard Reset),3,128,45.8170350047895,30.97761814402727,-14.839416860762228,0.2,24
Cont SA (Hard Reset),3,129,45.8170350047895,30.97761814402727,-14.839416860762228,0.2,24
Cont SA (Hard Reset),3,130,52.23777439446921,31.101160911165703,-21.13661348330351,0.05,25
Cont SA (Hard Reset),3,131,52.23777439446921,31.101160911165703,-21.13661348330351,0.05500000000000001,25
Cont SA (Hard Reset),3,132,52.23777439446921,31.101160911165703,-21.13661348330351,0.06050000000000001,25
Cont SA (Hard Reset),3,133,52.23777439446921,31.101160911165703,-21.13661348330351,0.06655000000000001,25
Cont SA (Hard Reset),3,134,52.23777439446921,31.101160911165703,-21.13661348330351,0.07320500000000002,25
Cont SA (Hard Reset),3,135,52.23777439446921,31.101160911165703,-21.13661348330351,0.08052550000000003,25
Cont SA (Hard Reset),3,136,52.23777439446921,31.101160911165703,-21.13661348330351,0.08857805000000003,25
Cont SA (Hard Reset),3,137,52.23777439446921,31.101160911165703,-21.13661348330351,0.09743585500000004,25
Cont SA (Hard Reset),3,138,52.23777439446921,31.101160911165703,-21.13661348330351,0.10717944050000006,25
Cont SA (Hard Reset),3,139,52.23777439446921,31.101160911165703,-21.13661348330351,0.11789738455000007,25
Cont SA (Hard Reset),3,140,52.23777439446921,31.101160911165703,-21.13661348330351,0.12968712300500007,25
Cont SA (Hard Reset),3,141,52.23777439446921,31.101160911165703,-21.13661348330351,0.14265583530550008,25
Cont SA (Hard Reset),3,142,52.23777439446921,31.101160911165703,-21.13661348330351,0.1569214188360501,25
Cont SA (Hard Reset),3,143,52.23777439446921,31.101160911165703,-21.13661348330351,0.1726135607196551,25
Cont SA (Hard Reset),3,144,52.23777439446921,31.101160911165703,-21.13661348330351,0.18987491679162063,25
Cont SA (Hard Reset),3,145,52.23777439446921,31.101160911165703,-21.13661348330351,0.2,25
Cont SA (Hard Reset),3,146,52.23777439446921,31.101160911165703,-21.13661348330351,0.2,25
Cont SA (Hard Reset),3,147,52.23777439446921,31.101160911165703,-21.13661348330351,0.2,25
Cont SA (Hard Reset),3,148,52.23777439446921,31.101160911165703,-21.13661348330351,0.2,25
Cont SA (Hard Reset),3,149,52.23777439446921,31.101160911165703,-21.13661348330351,0.2,25
Cont SA (Hard Reset),3,150,52.23777439446921,31.101160911165703,-21.13661348330351,0.2,25
Cont SA (Hard Reset),4,1,28.157367282070602,32.58934189985905,4.431974617788448,0.05,1
Cont SA (Hard Reset),4,2,25.067066950625705,31.3728984197884,6.305831469162695,0.05,2
Cont SA (Hard Reset),4,3,27.913145126553385,31.48462592672662,3.571480800173235,0.05,3
Cont SA (Hard Reset),4,4,25.885493289718866,30.807844589701418,4.9223512999825525,0.05,4
Cont SA (Hard Reset),4,5,25.885493289718866,30.807844589701418,4.9223512999825525,0.025,4
Cont SA (Hard Reset),4,6,27.172730993881697,30.472843616264633,3.3001126223829362,0.05,5
Cont SA (Hard Reset),4,7,27.172730993881697,30.472843616264633,3.3001126223829362,0.05500000000000001,5
Cont SA (Hard Reset),4,8,26.701708112341798,30.127156257555015,3.4254481452132186,0.05,6
Cont SA (Hard Reset),4,9,26.701708112341798,30.127156257555015,3.4254481452132186,0.05500000000000001,6
Cont SA (Hard Reset),4,10,27.863461340850975,30.102597274915986,2.2391359340650125,0.05,7
Cont SA (Hard Reset),4,11,27.863461340850975,30.102597274915986,2.2391359340650125,0.025,7
Cont SA (Hard Reset),4,12,27.863461340850975,30.102597274915986,2.2391359340650125,0.027500000000000004,7
Cont SA (Hard Reset),4,13,27.863461340850975,30.102597274915986,2.2391359340650125,0.013750000000000002,7
Cont SA (Hard Reset),4,14,27.863461340850975,30.102597274915986,2.2391359340650125,0.006875000000000001,7
Cont SA (Hard Reset),4,15,27.863461340850975,30.102597274915986,2.2391359340650125,0.0034375000000000005,7
Cont SA (Hard Reset),4,16,27.863461340850975,30.102597274915986,2.2391359340650125,0.0017187500000000002,7
Cont SA (Hard Reset),4,17,27.863461340850975,30.102597274915986,2.2391359340650125,0.001,7
Cont SA (Hard Reset),4,18,27.863461340850975,30.102597274915986,2.2391359340650125,0.001,7
Cont SA (Hard Reset),4,19,28.051325932176688,30.012786465643355,1.9614605334666688,0.05,8
Cont SA (Hard Reset),4,20,33.26185996903421,28.798604507914835,-4.463255461119378,0.05,9
Cont SA (Hard Reset),4,21,33.6825928725409,29.102955922150024,-4.579636950390877,0.05,10
Cont SA (Hard Reset),4,22,33.6825928725409,29.102955922150024,-4.579636950390877,0.05500000000000001,10
Cont SA (Hard Reset),4,23,38.50147214142518,28.69882035211786,-9.802651789307323,0.05,11
Cont SA (Hard Reset),4,24,38.50147214142518,28.69882035211786,-9.802651789307323,0.025,11
Cont SA (Hard Reset),4,25,38.50147214142518,28.69882035211786,-9.802651789307323,0.027500000000000004,11
Cont SA (Hard Reset),4,26,38.50147214142518,28.69882035211786,-9.802651789307323,0.030250000000000006,11
Cont SA (Hard Reset),4,27,38.50147214142518,28.69882035211786,-9.802651789307323,0.033275000000000006,11
Cont SA (Hard Reset),4,28,38.50147214142518,28.69882035211786,-9.802651789307323,0.016637500000000003,11
Cont SA (Hard Reset),4,29,38.50147214142518,28.69882035211786,-9.802651789307323,0.008318750000000001,11
Cont SA (Hard Reset),4,30,38.50147214142518,28.69882035211786,-9.802651789307323,0.009150625000000003,11
Cont SA (Hard Reset),4,31,38.50147214142518,28.69882035211786,-9.802651789307323,0.010065687500000003,11
Cont SA (Hard Reset),4,32,38.50147214142518,28.69882035211786,-9.802651789307323,0.011072256250000004,11
Cont SA (Hard Reset),4,33,38.50147214142518,28.69882035211786,-9.802651789307323,0.005536128125000002,11
Cont SA (Hard Reset),4,34,38.50147214142518,28.69882035211786,-9.802651789307323,0.002768064062500001,11
Cont SA (Hard Reset),4,35,38.50147214142518,28.69882035211786,-9.802651789307323,0.0030448704687500014,11
Cont SA (Hard Reset),4,36,38.50147214142518,28.69882035211786,-9.802651789307323,0.0015224352343750007,11
Cont SA (Hard Reset),4,37,38.50147214142518,28.69882035211786,-9.802651789307323,0.0016746787578125009,11
Cont SA (Hard Reset),4,38,38.50147214142518,28.69882035211786,-9.802651789307323,0.001842146633593751,11
Cont SA (Hard Reset),4,39,38.50147214142518,28.69882035211786,-9.802651789307323,0.001,11
Cont SA (Hard Reset),4,40,38.50147214142518,28.69882035211786,-9.802651789307323,0.0011,11
Cont SA (Hard Reset),4,41,38.50147214142518,28.69882035211786,-9.802651789307323,0.0012100000000000001,11
Cont SA (Hard Reset),4,42,38.50147214142518,28.69882035211786,-9.802651789307323,0.0013310000000000002,11
Cont SA (Hard Reset),4,43,38.50147214142518,28.69882035211786,-9.802651789307323,0.0014641000000000003,11
Cont SA (Hard Reset),4,44,38.50147214142518,28.69882035211786,-9.802651789307323,0.0016105100000000005,11
Cont SA (Hard Reset),4,45,38.50147214142518,28.69882035211786,-9.802651789307323,0.0017715610000000007,11
Cont SA (Hard Reset),4,46,38.50147214142518,28.69882035211786,-9.802651789307323,0.0019487171000000009,11
Cont SA (Hard Reset),4,47,38.50147214142518,28.69882035211786,-9.802651789307323,0.001,11
Cont SA (Hard Reset),4,48,38.50147214142518,28.69882035211786,-9.802651789307323,0.001,11
Cont SA (Hard Reset),4,49,38.50147214142518,28.69882035211786,-9.802651789307323,0.001,11
Cont SA (Hard Reset),4,50,38.50147214142518,28.69882035211786,-9.802651789307323,0.001,11
Cont SA (Hard Reset),4,51,38.50147214142518,28.69882035211786,-9.802651789307323,0.0011,11
Cont SA (Hard Reset),4,52,38.50147214142518,28.69882035211786,-9.802651789307323,0.001,11
Cont SA (Hard Reset),4,53,38.50147214142518,28.69882035211786,-9.802651789307323,0.0011,11
Cont SA (Hard Reset),4,54,38.50147214142518,28.69882035211786,-9.802651789307323,0.0012100000000000001,11
Cont SA (Hard Reset),4,55,38.50147214142518,28.69882035211786,-9.802651789307323,0.001,11
Cont SA (Hard Reset),4,56,38.50147214142518,28.69882035211786,-9.802651789307323,0.0011,11
Cont SA (Hard Reset),4,57,38.50147214142518,28.69882035211786,-9.802651789307323,0.0012100000000000001,11
Cont SA (Hard Reset),4,58,38.50147214142518,28.69882035211786,-9.802651789307323,0.001,11
Cont SA (Hard Reset),4,59,38.50147214142518,28.69882035211786,-9.802651789307323,0.0011,11
Cont SA (Hard Reset),4,60,38.50147214142518,28.69882035211786,-9.802651789307323,0.001,11
Cont SA (Hard Reset),4,61,38.50147214142518,28.69882035211786,-9.802651789307323,0.0011,11
Cont SA (Hard Reset),4,62,38.50147214142518,28.69882035211786,-9.802651789307323,0.0012100000000000001,11
Cont SA (Hard Reset),4,63,38.50147214142518,28.69882035211786,-9.802651789307323,0.001,11
Cont SA (Hard Reset),4,64,38.50147214142518,28.69882035211786,-9.802651789307323,0.001,11
Cont SA (Hard Reset),4,65,38.50147214142518,28.69882035211786,-9.802651789307323,0.0011,11
Cont SA (Hard Reset),4,66,38.50147214142518,28.69882035211786,-9.802651789307323,0.001,11
Cont SA (Hard Reset),4,67,38.50147214142518,28.69882035211786,-9.802651789307323,0.0011,11
Cont SA (Hard Reset),4,68,38.50147214142518,28.69882035211786,-9.802651789307323,0.0012100000000000001,11
Cont SA (Hard Reset),4,69,38.50147214142518,28.69882035211786,-9.802651789307323,0.001,11
Cont SA (Hard Reset),4,70,38.50147214142518,28.69882035211786,-9.802651789307323,0.0011,11
Cont SA (Hard Reset),4,71,38.50147214142518,28.69882035211786,-9.802651789307323,0.0012100000000000001,11
Cont SA (Hard Reset),4,72,38.50147214142518,28.69882035211786,-9.802651789307323,0.001,11
Cont SA (Hard Reset),4,73,38.50147214142518,28.69882035211786,-9.802651789307323,0.001,11
Cont SA (Hard Reset),4,74,38.50147214142518,28.69882035211786,-9.802651789307323,0.0011,11
Cont SA (Hard Reset),4,75,38.50147214142518,28.69882035211786,-9.802651789307323,0.0012100000000000001,11
Cont SA (Hard Reset),4,76,38.50147214142518,28.69882035211786,-9.802651789307323,0.0013310000000000002,11
Cont SA (Hard Reset),4,77,38.50147214142518,28.69882035211786,-9.802651789307323,0.001,11
Cont SA (Hard Reset),4,78,38.50147214142518,28.69882035211786,-9.802651789307323,0.0011,11
Cont SA (Hard Reset),4,79,38.50147214142518,28.69882035211786,-9.802651789307323,0.0012100000000000001,11
Cont SA (Hard Reset),4,80,38.50147214142518,28.69882035211786,-9.802651789307323,0.001,11
Cont SA (Hard Reset),4,81,38.50147214142518,28.69882035211786,-9.802651789307323,0.001,11
Cont SA (Hard Reset),4,82,38.50147214142518,28.69882035211786,-9.802651789307323,0.0011,11
Cont SA (Hard Reset),4,83,38.50147214142518,28.69882035211786,-9.802651789307323,0.0012100000000000001,11
Cont SA (Hard Reset),4,84,38.50147214142518,28.69882035211786,-9.802651789307323,0.0013310000000000002,11
Cont SA (Hard Reset),4,85,38.50147214142518,28.69882035211786,-9.802651789307323,0.001,11
Cont SA (Hard Reset),4,86,38.50147214142518,28.69882035211786,-9.802651789307323,0.0011,11
Cont SA (Hard Reset),4,87,38.50147214142518,28.69882035211786,-9.802651789307323,0.0012100000000000001,11
Cont SA (Hard Reset),4,88,38.50147214142518,28.69882035211786,-9.802651789307323,0.0013310000000000002,11
Cont SA (Hard Reset),4,89,38.50147214142518,28.69882035211786,-9.802651789307323,0.001,11
Cont SA (Hard Reset),4,90,38.50147214142518,28.69882035211786,-9.802651789307323,0.001,11
Cont SA (Hard Reset),4,91,38.50147214142518,28.69882035211786,-9.802651789307323,0.001,11
Cont SA (Hard Reset),4,92,38.50147214142518,28.69882035211786,-9.802651789307323,0.001,11
Cont SA (Hard Reset),4,93,38.50147214142518,28.69882035211786,-9.802651789307323,0.001,11
Cont SA (Hard Reset),4,94,38.50147214142518,28.69882035211786,-9.802651789307323,0.001,11
Cont SA (Hard Reset),4,95,38.50147214142518,28.69882035211786,-9.802651789307323,0.0011,11
Cont SA (Hard Reset),4,96,38.50147214142518,28.69882035211786,-9.802651789307323,0.0012100000000000001,11
Cont SA (Hard Reset),4,97,38.50147214142518,28.69882035211786,-9.802651789307323,0.0013310000000000002,11
Cont SA (Hard Reset),4,98,38.50147214142518,28.69882035211786,-9.802651789307323,0.0014641000000000003,11
Cont SA (Hard Reset),4,99,38.50147214142518,28.69882035211786,-9.802651789307323,0.001,11
Cont SA (Hard Reset),4,100,38.50147214142518,28.69882035211786,-9.802651789307323,0.0011,11
Cont SA (Hard Reset),4,101,38.50147214142518,28.69882035211786,-9.802651789307323,0.0012100000000000001,11
Cont SA (Hard Reset),4,102,38.50147214142518,28.69882035211786,-9.802651789307323,0.0013310000000000002,11
Cont SA (Hard Reset),4,103,38.50147214142518,28.69882035211786,-9.802651789307323,0.0014641000000000003,11
Cont SA (Hard Reset),4,104,38.50147214142518,28.69882035211786,-9.802651789307323,0.0016105100000000005,11
Cont SA (Hard Reset),4,105,38.50147214142518,28.69882035211786,-9.802651789307323,0.0017715610000000007,11
Cont SA (Hard Reset),4,106,38.50147214142518,28.69882035211786,-9.802651789307323,0.0019487171000000009,11
Cont SA (Hard Reset),4,107,38.50147214142518,28.69882035211786,-9.802651789307323,0.001,11
Cont SA (Hard Reset),4,108,38.50147214142518,28.69882035211786,-9.802651789307323,0.001,11
Cont SA (Hard Reset),4,109,38.50147214142518,28.69882035211786,-9.802651789307323,0.0011,11
Cont SA (Hard Reset),4,110,38.50147214142518,28.69882035211786,-9.802651789307323,0.0012100000000000001,11
Cont SA (Hard Reset),4,111,38.50147214142518,28.69882035211786,-9.802651789307323,0.0013310000000000002,11
Cont SA (Hard Reset),4,112,38.50147214142518,28.69882035211786,-9.802651789307323,0.0014641000000000003,11
Cont SA (Hard Reset),4,113,38.50147214142518,28.69882035211786,-9.802651789307323,0.001,11
Cont SA (Hard Reset),4,114,38.50147214142518,28.69882035211786,-9.802651789307323,0.001,11
Cont SA (Hard Reset),4,115,38.50147214142518,28.69882035211786,-9.802651789307323,0.0011,11
Cont SA (Hard Reset),4,116,38.50147214142518,28.69882035211786,-9.802651789307323,0.0012100000000000001,11
Cont SA (Hard Reset),4,117,38.50147214142518,28.69882035211786,-9.802651789307323,0.0013310000000000002,11
Cont SA (Hard Reset),4,118,38.50147214142518,28.69882035211786,-9.802651789307323,0.001,11
Cont SA (Hard Reset),4,119,38.50147214142518,28.69882035211786,-9.802651789307323,0.0011,11
Cont SA (Hard Reset),4,120,38.50147214142518,28.69882035211786,-9.802651789307323,0.0012100000000000001,11
Cont SA (Hard Reset),4,121,38.50147214142518,28.69882035211786,-9.802651789307323,0.0013310000000000002,11
Cont SA (Hard Reset),4,122,38.50147214142518,28.69882035211786,-9.802651789307323,0.001,11
Cont SA (Hard Reset),4,123,38.50147214142518,28.69882035211786,-9.802651789307323,0.0011,11
Cont SA (Hard Reset),4,124,38.50147214142518,28.69882035211786,-9.802651789307323,0.001,11
Cont SA (Hard Reset),4,125,38.50147214142518,28.69882035211786,-9.802651789307323,0.001,11
Cont SA (Hard Reset),4,126,38.50147214142518,28.69882035211786,-9.802651789307323,0.0011,11
Cont SA (Hard Reset),4,127,38.50147214142518,28.69882035211786,-9.802651789307323,0.0012100000000000001,11
Cont SA (Hard Reset),4,128,38.50147214142518,28.69882035211786,-9.802651789307323,0.0013310000000000002,11
Cont SA (Hard Reset),4,129,38.50147214142518,28.69882035211786,-9.802651789307323,0.001,11
Cont SA (Hard Reset),4,130,38.50147214142518,28.69882035211786,-9.802651789307323,0.0011,11
Cont SA (Hard Reset),4,131,38.50147214142518,28.69882035211786,-9.802651789307323,0.0012100000000000001,11
Cont SA (Hard Reset),4,132,38.50147214142518,28.69882035211786,-9.802651789307323,0.0013310000000000002,11
Cont SA (Hard Reset),4,133,38.50147214142518,28.69882035211786,-9.802651789307323,0.001,11
Cont SA (Hard Reset),4,134,38.50147214142518,28.69882035211786,-9.802651789307323,0.001,11
Cont SA (Hard Reset),4,135,38.50147214142518,28.69882035211786,-9.802651789307323,0.0011,11
Cont SA (Hard Reset),4,136,38.50147214142518,28.69882035211786,-9.802651789307323,0.0012100000000000001,11
Cont SA (Hard Reset),4,137,38.50147214142518,28.69882035211786,-9.802651789307323,0.0013310000000000002,11
Cont SA (Hard Reset),4,138,38.50147214142518,28.69882035211786,-9.802651789307323,0.001,11
Cont SA (Hard Reset),4,139,38.50147214142518,28.69882035211786,-9.802651789307323,0.001,11
Cont SA (Hard Reset),4,140,38.50147214142518,28.69882035211786,-9.802651789307323,0.001,11
Cont SA (Hard Reset),4,141,38.50147214142518,28.69882035211786,-9.802651789307323,0.0011,11
Cont SA (Hard Reset),4,142,38.50147214142518,28.69882035211786,-9.802651789307323,0.001,11
Cont SA (Hard Reset),4,143,38.50147214142518,28.69882035211786,-9.802651789307323,0.0011,11
Cont SA (Hard Reset),4,144,38.50147214142518,28.69882035211786,-9.802651789307323,0.0012100000000000001,11
Cont SA (Hard Reset),4,145,38.50147214142518,28.69882035211786,-9.802651789307323,0.0013310000000000002,11
Cont SA (Hard Reset),4,146,38.50147214142518,28.69882035211786,-9.802651789307323,0.0014641000000000003,11
Cont SA (Hard Reset),4,147,38.50147214142518,28.69882035211786,-9.802651789307323,0.001,11
Cont SA (Hard Reset),4,148,38.50147214142518,28.69882035211786,-9.802651789307323,0.0011,11
Cont SA (Hard Reset),4,149,38.50147214142518,28.69882035211786,-9.802651789307323,0.0012100000000000001,11
Cont SA (Hard Reset),4,150,38.50147214142518,28.69882035211786,-9.802651789307323,0.0013310000000000002,11
Cont SA (No Reset),0,1,38.95385037861565,33.44498700843148,-5.508863370184167,0.05,1
Cont SA (No Reset),0,2,39.29399021176753,33.423889766797316,-5.87010044497021,0.025,2
Cont SA (No Reset),0,3,39.80912605024689,33.342791568948925,-6.466334481297962,0.027500000000000004,3
Cont SA (No Reset),0,4,42.500849520545145,33.30788489944067,-9.192964621104474,0.030250000000000006,4
Cont SA (No Reset),0,5,44.193413048952046,33.27345406918288,-10.919958979769161,0.015125000000000003,5
Cont SA (No Reset),0,6,44.193413048952046,33.27345406918288,-10.919958979769161,0.016637500000000003,5
Cont SA (No Reset),0,7,44.193413048952046,33.27345406918288,-10.919958979769161,0.018301250000000005,5
Cont SA (No Reset),0,8,44.193413048952046,33.27345406918288,-10.919958979769161,0.020131375000000007,5
Cont SA (No Reset),0,9,45.291794203034,33.23505524061182,-12.05673896242218,0.02214451250000001,6
Cont SA (No Reset),0,10,44.43573508482893,33.29618837682405,-11.13954670800488,0.02435896375000001,7
Cont SA (No Reset),0,11,43.60275544849405,33.228521222093455,-10.374234226400597,0.012179481875000005,8
Cont SA (No Reset),0,12,46.378588288778545,33.240523611092684,-13.138064677685861,0.013397430062500007,9
Cont SA (No Reset),0,13,50.76143112626736,33.21685063669539,-17.54458048957197,0.014737173068750008,10
Cont SA (No Reset),0,14,52.17054173713413,33.21560222926137,-18.954939507872755,0.007368586534375004,11
Cont SA (No Reset),0,15,52.17054173713413,33.21560222926137,-18.954939507872755,0.003684293267187502,11
Cont SA (No Reset),0,16,52.17054173713413,33.21560222926137,-18.954939507872755,0.004052722593906252,11
Cont SA (No Reset),0,17,52.17054173713413,33.21560222926137,-18.954939507872755,0.0044579948532968774,11
Cont SA (No Reset),0,18,52.17054173713413,33.21560222926137,-18.954939507872755,0.0049037943386265655,11
Cont SA (No Reset),0,19,52.17054173713413,33.21560222926137,-18.954939507872755,0.005394173772489222,11
Cont SA (No Reset),0,20,51.33679598699473,33.20258073080672,-18.134215256188007,0.005933591149738145,12
Cont SA (No Reset),0,21,51.33679598699473,33.20258073080672,-18.134215256188007,0.00652695026471196,12
Cont SA (No Reset),0,22,51.33679598699473,33.20258073080672,-18.134215256188007,0.00326347513235598,12
Cont SA (No Reset),0,23,51.33679598699473,33.20258073080672,-18.134215256188007,0.0035898226455915784,12
Cont SA (No Reset),0,24,51.33679598699473,33.20258073080672,-18.134215256188007,0.003948804910150736,12
Cont SA (No Reset),0,25,51.33679598699473,33.20258073080672,-18.134215256188007,0.0043436854011658105,12
Cont SA (No Reset),0,26,51.33679598699473,33.20258073080672,-18.134215256188007,0.004778053941282392,12
Cont SA (No Reset),0,27,50.63868239316372,33.1704161365492,-17.468266256614516,0.005255859335410632,13
Cont SA (No Reset),0,28,50.63868239316372,33.1704161365492,-17.468266256614516,0.005781445268951696,13
Cont SA (No Reset),0,29,50.63868239316372,33.1704161365492,-17.468266256614516,0.0063595897958468655,13
Cont SA (No Reset),0,30,50.63868239316372,33.1704161365492,-17.468266256614516,0.006995548775431553,13
Cont SA (No Reset),0,31,50.63868239316372,33.1704161365492,-17.468266256614516,0.007695103652974709,13
Cont SA (No Reset),0,32,50.63868239316372,33.1704161365492,-17.468266256614516,0.008464614018272181,13
Cont SA (No Reset),0,33,50.63868239316372,33.1704161365492,-17.468266256614516,0.0093110754200994,13
Cont SA (No Reset),0,34,50.63868239316372,33.1704161365492,-17.468266256614516,0.0046555377100497,13
Cont SA (No Reset),0,35,50.63868239316372,33.1704161365492,-17.468266256614516,0.00512109148105467,13
Cont SA (No Reset),0,36,51.52440116731783,33.17483538580196,-18.349565781515867,0.005633200629160138,14
Cont SA (No Reset),0,37,51.52440116731783,33.17483538580196,-18.349565781515867,0.006196520692076152,14
Cont SA (No Reset),0,38,51.52440116731783,33.17483538580196,-18.349565781515867,0.0068161727612837675,14
Cont SA (No Reset),0,39,51.52440116731783,33.17483538580196,-18.349565781515867,0.007497790037412144,14
Cont SA (No Reset),0,40,51.52440116731783,33.17483538580196,-18.349565781515867,0.00824756904115336,14
Cont SA (No Reset),0,41,51.52440116731783,33.17483538580196,-18.349565781515867,0.009072325945268698,14
Cont SA (No Reset),0,42,51.52440116731783,33.17483538580196,-18.349565781515867,0.009979558539795569,14
Cont SA (No Reset),0,43,51.52440116731783,33.17483538580196,-18.349565781515867,0.010977514393775126,14
Cont SA (No Reset),0,44,51.52440116731783,33.17483538580196,-18.349565781515867,0.012075265833152639,14
Cont SA (No Reset),0,45,51.52440116731783,33.17483538580196,-18.349565781515867,0.006037632916576319,14
Cont SA (No Reset),0,46,51.52440116731783,33.17483538580196,-18.349565781515867,0.006641396208233952,14
Cont SA (No Reset),0,47,51.52440116731783,33.17483538580196,-18.349565781515867,0.007305535829057347,14
Cont SA (No Reset),0,48,51.52440116731783,33.17483538580196,-18.349565781515867,0.008036089411963083,14
Cont SA (No Reset),0,49,51.52440116731783,33.17483538580196,-18.349565781515867,0.004018044705981542,14
Cont SA (No Reset),0,50,51.52440116731783,33.17483538580196,-18.349565781515867,0.004419849176579696,14
Cont SA (No Reset),0,51,51.52440116731783,33.17483538580196,-18.349565781515867,0.004861834094237666,14
Cont SA (No Reset),0,52,51.52440116731783,33.17483538580196,-18.349565781515867,0.005348017503661433,14
Cont SA (No Reset),0,53,51.52440116731783,33.17483538580196,-18.349565781515867,0.005882819254027577,14
Cont SA (No Reset),0,54,51.52440116731783,33.17483538580196,-18.349565781515867,0.0029414096270137884,14
Cont SA (No Reset),0,55,51.52440116731783,33.17483538580196,-18.349565781515867,0.0014707048135068942,14
Cont SA (No Reset),0,56,51.52440116731783,33.17483538580196,-18.349565781515867,0.0016177752948575838,14
Cont SA (No Reset),0,57,51.52440116731783,33.17483538580196,-18.349565781515867,0.001,14
Cont SA (No Reset),0,58,51.52440116731783,33.17483538580196,-18.349565781515867,0.0011,14
Cont SA (No Reset),0,59,51.74381994393363,33.17348881649894,-18.570331127434688,0.0012100000000000001,15
Cont SA (No Reset),0,60,51.74381994393363,33.17348881649894,-18.570331127434688,0.001,15
Cont SA (No Reset),0,61,51.74381994393363,33.17348881649894,-18.570331127434688,0.0011,15
Cont SA (No Reset),0,62,51.74381994393363,33.17348881649894,-18.570331127434688,0.0012100000000000001,15
Cont SA (No Reset),0,63,51.74381994393363,33.17348881649894,-18.570331127434688,0.001,15
Cont SA (No Reset),0,64,51.74381994393363,33.17348881649894,-18.570331127434688,0.0011,15
Cont SA (No Reset),0,65,51.74381994393363,33.17348881649894,-18.570331127434688,0.0012100000000000001,15
Cont SA (No Reset),0,66,51.74381994393363,33.17348881649894,-18.570331127434688,0.0013310000000000002,15
Cont SA (No Reset),0,67,51.74381994393363,33.17348881649894,-18.570331127434688,0.0014641000000000003,15
Cont SA (No Reset),0,68,51.74381994393363,33.17348881649894,-18.570331127434688,0.001,15
Cont SA (No Reset),0,69,51.74381994393363,33.17348881649894,-18.570331127434688,0.001,15
Cont SA (No Reset),0,70,51.74381994393363,33.17348881649894,-18.570331127434688,0.0011,15
Cont SA (No Reset),0,71,51.74381994393363,33.17348881649894,-18.570331127434688,0.0012100000000000001,15
Cont SA (No Reset),0,72,51.74381994393363,33.17348881649894,-18.570331127434688,0.0013310000000000002,15
Cont SA (No Reset),0,73,51.74381994393363,33.17348881649894,-18.570331127434688,0.0014641000000000003,15
Cont SA (No Reset),0,74,51.74381994393363,33.17348881649894,-18.570331127434688,0.0016105100000000005,15
Cont SA (No Reset),0,75,51.74381994393363,33.17348881649894,-18.570331127434688,0.001,15
Cont SA (No Reset),0,76,51.74381994393363,33.17348881649894,-18.570331127434688,0.0011,15
Cont SA (No Reset),0,77,51.74381994393363,33.17348881649894,-18.570331127434688,0.0012100000000000001,15
Cont SA (No Reset),0,78,51.74381994393363,33.17348881649894,-18.570331127434688,0.0013310000000000002,15
Cont SA (No Reset),0,79,51.74381994393363,33.17348881649894,-18.570331127434688,0.0014641000000000003,15
Cont SA (No Reset),0,80,51.74381994393363,33.17348881649894,-18.570331127434688,0.001,15
Cont SA (No Reset),0,81,51.74381994393363,33.17348881649894,-18.570331127434688,0.0011,15
Cont SA (No Reset),0,82,51.74381994393363,33.17348881649894,-18.570331127434688,0.0012100000000000001,15
Cont SA (No Reset),0,83,51.74381994393363,33.17348881649894,-18.570331127434688,0.0013310000000000002,15
Cont SA (No Reset),0,84,51.74381994393363,33.17348881649894,-18.570331127434688,0.001,15
Cont SA (No Reset),0,85,51.74381994393363,33.17348881649894,-18.570331127434688,0.001,15
Cont SA (No Reset),0,86,51.74381994393363,33.17348881649894,-18.570331127434688,0.0011,15
Cont SA (No Reset),0,87,51.74381994393363,33.17348881649894,-18.570331127434688,0.001,15
Cont SA (No Reset),0,88,51.74381994393363,33.17348881649894,-18.570331127434688,0.0011,15
Cont SA (No Reset),0,89,51.74381994393363,33.17348881649894,-18.570331127434688,0.0012100000000000001,15
Cont SA (No Reset),0,90,51.74381994393363,33.17348881649894,-18.570331127434688,0.0013310000000000002,15
Cont SA (No Reset),0,91,51.74381994393363,33.17348881649894,-18.570331127434688,0.0014641000000000003,15
Cont SA (No Reset),0,92,51.74381994393363,33.17348881649894,-18.570331127434688,0.0016105100000000005,15
Cont SA (No Reset),0,93,51.74381994393363,33.17348881649894,-18.570331127434688,0.0017715610000000007,15
Cont SA (No Reset),0,94,51.74381994393363,33.17348881649894,-18.570331127434688,0.0019487171000000009,15
Cont SA (No Reset),0,95,51.74381994393363,33.17348881649894,-18.570331127434688,0.002143588810000001,15
Cont SA (No Reset),0,96,51.74381994393363,33.17348881649894,-18.570331127434688,0.0023579476910000016,15
Cont SA (No Reset),0,97,51.74381994393363,33.17348881649894,-18.570331127434688,0.002593742460100002,15
Cont SA (No Reset),0,98,51.74381994393363,33.17348881649894,-18.570331127434688,0.0028531167061100022,15
Cont SA (No Reset),0,99,51.74381994393363,33.17348881649894,-18.570331127434688,0.0014265583530550011,15
Cont SA (No Reset),0,100,51.74381994393363,33.17348881649894,-18.570331127434688,0.0015692141883605014,15
Cont SA (No Reset),0,101,51.74381994393363,33.17348881649894,-18.570331127434688,0.001,15
Cont SA (No Reset),0,102,51.74381994393363,33.17348881649894,-18.570331127434688,0.0011,15
Cont SA (No Reset),0,103,51.74381994393363,33.17348881649894,-18.570331127434688,0.0012100000000000001,15
Cont SA (No Reset),0,104,51.74381994393363,33.17348881649894,-18.570331127434688,0.0013310000000000002,15
Cont SA (No Reset),0,105,51.74381994393363,33.17348881649894,-18.570331127434688,0.0014641000000000003,15
Cont SA (No Reset),0,106,51.74381994393363,33.17348881649894,-18.570331127434688,0.0016105100000000005,15
Cont SA (No Reset),0,107,51.74381994393363,33.17348881649894,-18.570331127434688,0.0017715610000000007,15
Cont SA (No Reset),0,108,51.74381994393363,33.17348881649894,-18.570331127434688,0.001,15
Cont SA (No Reset),0,109,51.74381994393363,33.17348881649894,-18.570331127434688,0.0011,15
Cont SA (No Reset),0,110,51.74381994393363,33.17348881649894,-18.570331127434688,0.0012100000000000001,15
Cont SA (No Reset),0,111,51.74381994393363,33.17348881649894,-18.570331127434688,0.0013310000000000002,15
Cont SA (No Reset),0,112,51.74381994393363,33.17348881649894,-18.570331127434688,0.0014641000000000003,15
Cont SA (No Reset),0,113,51.74381994393363,33.17348881649894,-18.570331127434688,0.0016105100000000005,15
Cont SA (No Reset),0,114,51.74381994393363,33.17348881649894,-18.570331127434688,0.0017715610000000007,15
Cont SA (No Reset),0,115,51.74381994393363,33.17348881649894,-18.570331127434688,0.0019487171000000009,15
Cont SA (No Reset),0,116,51.74381994393363,33.17348881649894,-18.570331127434688,0.002143588810000001,15
Cont SA (No Reset),0,117,51.74381994393363,33.17348881649894,-18.570331127434688,0.0023579476910000016,15
Cont SA (No Reset),0,118,51.74381994393363,33.17348881649894,-18.570331127434688,0.002593742460100002,15
Cont SA (No Reset),0,119,51.74381994393363,33.17348881649894,-18.570331127434688,0.0028531167061100022,15
Cont SA (No Reset),0,120,51.74381994393363,33.17348881649894,-18.570331127434688,0.003138428376721003,15
Cont SA (No Reset),0,121,51.74381994393363,33.17348881649894,-18.570331127434688,0.0015692141883605014,15
Cont SA (No Reset),0,122,51.74381994393363,33.17348881649894,-18.570331127434688,0.0017261356071965517,15
Cont SA (No Reset),0,123,51.74381994393363,33.17348881649894,-18.570331127434688,0.001898749167916207,15
Cont SA (No Reset),0,124,51.74381994393363,33.17348881649894,-18.570331127434688,0.002088624084707828,15
Cont SA (No Reset),0,125,51.74381994393363,33.17348881649894,-18.570331127434688,0.001044312042353914,15
Cont SA (No Reset),0,126,51.74381994393363,33.17348881649894,-18.570331127434688,0.0011487432465893054,15
Cont SA (No Reset),0,127,51.74381994393363,33.17348881649894,-18.570331127434688,0.001,15
Cont SA (No Reset),0,128,51.74381994393363,33.17348881649894,-18.570331127434688,0.0011,15
Cont SA (No Reset),0,129,51.74381994393363,33.17348881649894,-18.570331127434688,0.001,15
Cont SA (No Reset),0,130,51.74381994393363,33.17348881649894,-18.570331127434688,0.0011,15
Cont SA (No Reset),0,131,51.74381994393363,33.17348881649894,-18.570331127434688,0.0012100000000000001,15
Cont SA (No Reset),0,132,51.74381994393363,33.17348881649894,-18.570331127434688,0.0013310000000000002,15
Cont SA (No Reset),0,133,51.74381994393363,33.17348881649894,-18.570331127434688,0.0014641000000000003,15
Cont SA (No Reset),0,134,51.74381994393363,33.17348881649894,-18.570331127434688,0.0016105100000000005,15
Cont SA (No Reset),0,135,51.74381994393363,33.17348881649894,-18.570331127434688,0.001,15
Cont SA (No Reset),0,136,51.74381994393363,33.17348881649894,-18.570331127434688,0.0011,15
Cont SA (No Reset),0,137,51.74381994393363,33.17348881649894,-18.570331127434688,0.0012100000000000001,15
Cont SA (No Reset),0,138,51.74381994393363,33.17348881649894,-18.570331127434688,0.0013310000000000002,15
Cont SA (No Reset),0,139,51.74381994393363,33.17348881649894,-18.570331127434688,0.0014641000000000003,15
Cont SA (No Reset),0,140,51.74381994393363,33.17348881649894,-18.570331127434688,0.001,15
Cont SA (No Reset),0,141,51.74381994393363,33.17348881649894,-18.570331127434688,0.0011,15
Cont SA (No Reset),0,142,51.74381994393363,33.17348881649894,-18.570331127434688,0.0012100000000000001,15
Cont SA (No Reset),0,143,51.74381994393363,33.17348881649894,-18.570331127434688,0.0013310000000000002,15
Cont SA (No Reset),0,144,51.74381994393363,33.17348881649894,-18.570331127434688,0.0014641000000000003,15
Cont SA (No Reset),0,145,51.74381994393363,33.17348881649894,-18.570331127434688,0.0016105100000000005,15
Cont SA (No Reset),0,146,51.74381994393363,33.17348881649894,-18.570331127434688,0.0017715610000000007,15
Cont SA (No Reset),0,147,51.74381994393363,33.17348881649894,-18.570331127434688,0.0019487171000000009,15
Cont SA (No Reset),0,148,51.74381994393363,33.17348881649894,-18.570331127434688,0.001,15
Cont SA (No Reset),0,149,51.74381994393363,33.17348881649894,-18.570331127434688,0.0011,15
Cont SA (No Reset),0,150,51.74381994393363,33.17348881649894,-18.570331127434688,0.0012100000000000001,15
Cont SA (No Reset),1,1,53.70433785180954,33.717253309497345,-19.987084542312193,0.05,1
Cont SA (No Reset),1,2,53.70433785180954,33.717253309497345,-19.987084542312193,0.025,1
Cont SA (No Reset),1,3,53.70433785180954,33.717253309497345,-19.987084542312193,0.0125,1
Cont SA (No Reset),1,4,44.20396575746217,33.65390751526941,-10.550058242192762,0.00625,2
Cont SA (No Reset),1,5,44.20396575746217,33.65390751526941,-10.550058242192762,0.003125,2
Cont SA (No Reset),1,6,44.20396575746217,33.65390751526941,-10.550058242192762,0.0034375000000000005,2
Cont SA (No Reset),1,7,44.20396575746217,33.65390751526941,-10.550058242192762,0.0017187500000000002,2
Cont SA (No Reset),1,8,47.24967313522979,33.696919449098374,-13.552753686131416,0.001,3
Cont SA (No Reset),1,9,47.24967313522979,33.696919449098374,-13.552753686131416,0.0011,3
Cont SA (No Reset),1,10,47.24967313522979,33.696919449098374,-13.552753686131416,0.001,3
Cont SA (No Reset),1,11,47.24967313522979,33.696919449098374,-13.552753686131416,0.001,3
Cont SA (No Reset),1,12,47.24967313522979,33.696919449098374,-13.552753686131416,0.0011,3
Cont SA (No Reset),1,13,47.24967313522979,33.696919449098374,-13.552753686131416,0.001,3
Cont SA (No Reset),1,14,47.24967313522979,33.696919449098374,-13.552753686131416,0.001,3
Cont SA (No Reset),1,15,47.24967313522979,33.696919449098374,-13.552753686131416,0.001,3
Cont SA (No Reset),1,16,47.24967313522979,33.696919449098374,-13.552753686131416,0.001,3
Cont SA (No Reset),1,17,46.94127507172324,33.68315013766166,-13.258124934061575,0.001,4
Cont SA (No Reset),1,18,46.28981754236195,33.74914466975022,-12.540672872611728,0.0011,5
Cont SA (No Reset),1,19,46.28981754236195,33.74914466975022,-12.540672872611728,0.0012100000000000001,5
Cont SA (No Reset),1,20,46.28981754236195,33.74914466975022,-12.540672872611728,0.001,5
Cont SA (No Reset),1,21,46.28981754236195,33.74914466975022,-12.540672872611728,0.001,5
Cont SA (No Reset),1,22,46.28981754236195,33.74914466975022,-12.540672872611728,0.001,5
Cont SA (No Reset),1,23,46.28981754236195,33.74914466975022,-12.540672872611728,0.0011,5
Cont SA (No Reset),1,24,46.28981754236195,33.74914466975022,-12.540672872611728,0.0012100000000000001,5
Cont SA (No Reset),1,25,46.28981754236195,33.74914466975022,-12.540672872611728,0.001,5
Cont SA (No Reset),1,26,46.28981754236195,33.74914466975022,-12.540672872611728,0.0011,5
Cont SA (No Reset),1,27,46.28981754236195,33.74914466975022,-12.540672872611728,0.001,5
Cont SA (No Reset),1,28,46.28981754236195,33.74914466975022,-12.540672872611728,0.0011,5
Cont SA (No Reset),1,29,46.310394416285256,33.735686996932884,-12.57470741935237,0.001,6
Cont SA (No Reset),1,30,46.310394416285256,33.735686996932884,-12.57470741935237,0.001,6
Cont SA (No Reset),1,31,46.310394416285256,33.735686996932884,-12.57470741935237,0.0011,6
Cont SA (No Reset),1,32,46.310394416285256,33.735686996932884,-12.57470741935237,0.001,6
Cont SA (No Reset),1,33,46.310394416285256,33.735686996932884,-12.57470741935237,0.001,6
Cont SA (No Reset),1,34,46.310394416285256,33.735686996932884,-12.57470741935237,0.001,6
Cont SA (No Reset),1,35,46.310394416285256,33.735686996932884,-12.57470741935237,0.001,6
Cont SA (No Reset),1,36,46.310394416285256,33.735686996932884,-12.57470741935237,0.0011,6
Cont SA (No Reset),1,37,46.310394416285256,33.735686996932884,-12.57470741935237,0.001,6
Cont SA (No Reset),1,38,46.39771352866333,33.71095878346415,-12.686754745199183,0.001,7
Cont SA (No Reset),1,39,46.39771352866333,33.71095878346415,-12.686754745199183,0.0011,7
Cont SA (No Reset),1,40,46.39771352866333,33.71095878346415,-12.686754745199183,0.001,7
Cont SA (No Reset),1,41,46.39771352866333,33.71095878346415,-12.686754745199183,0.001,7
Cont SA (No Reset),1,42,46.39771352866333,33.71095878346415,-12.686754745199183,0.0011,7
Cont SA (No Reset),1,43,46.39771352866333,33.71095878346415,-12.686754745199183,0.001,7
Cont SA (No Reset),1,44,46.39771352866333,33.71095878346415,-12.686754745199183,0.0011,7
Cont SA (No Reset),1,45,46.39771352866333,33.71095878346415,-12.686754745199183,0.001,7
Cont SA (No Reset),1,46,46.39771352866333,33.71095878346415,-12.686754745199183,0.0011,7
Cont SA (No Reset),1,47,46.39771352866333,33.71095878346415,-12.686754745199183,0.001,7
Cont SA (No Reset),1,48,46.39771352866333,33.71095878346415,-12.686754745199183,0.0011,7
Cont SA (No Reset),1,49,46.39771352866333,33.71095878346415,-12.686754745199183,0.0012100000000000001,7
Cont SA (No Reset),1,50,48.23455709642335,33.69817634364365,-14.536380752779698,0.0013310000000000002,8
Cont SA (No Reset),1,51,48.23455709642335,33.69817634364365,-14.536380752779698,0.0014641000000000003,8
Cont SA (No Reset),1,52,48.23455709642335,33.69817634364365,-14.536380752779698,0.001,8
Cont SA (No Reset),1,53,48.23455709642335,33.69817634364365,-14.536380752779698,0.0011,8
Cont SA (No Reset),1,54,48.23455709642335,33.69817634364365,-14.536380752779698,0.001,8
Cont SA (No Reset),1,55,48.23455709642335,33.69817634364365,-14.536380752779698,0.001,8
Cont SA (No Reset),1,56,48.238550960719536,33.67512442457709,-14.563426536142444,0.001,9
Cont SA (No Reset),1,57,48.238550960719536,33.67512442457709,-14.563426536142444,0.0011,9
Cont SA (No Reset),1,58,48.238550960719536,33.67512442457709,-14.563426536142444,0.0012100000000000001,9
Cont SA (No Reset),1,59,48.238550960719536,33.67512442457709,-14.563426536142444,0.0013310000000000002,9
Cont SA (No Reset),1,60,48.238550960719536,33.67512442457709,-14.563426536142444,0.001,9
Cont SA (No Reset),1,61,48.238550960719536,33.67512442457709,-14.563426536142444,0.001,9
Cont SA (No Reset),1,62,48.849391855024216,33.718762807023296,-15.130629048000918,0.001,10
Cont SA (No Reset),1,63,48.849391855024216,33.718762807023296,-15.130629048000918,0.0011,10
Cont SA (No Reset),1,64,48.849391855024216,33.718762807023296,-15.130629048000918,0.001,10
Cont SA (No Reset),1,65,48.849391855024216,33.718762807023296,-15.130629048000918,0.001,10
Cont SA (No Reset),1,66,48.849391855024216,33.718762807023296,-15.130629048000918,0.001,10
Cont SA (No Reset),1,67,48.849391855024216,33.718762807023296,-15.130629048000918,0.001,10
Cont SA (No Reset),1,68,48.849391855024216,33.718762807023296,-15.130629048000918,0.0011,10
Cont SA (No Reset),1,69,48.849391855024216,33.718762807023296,-15.130629048000918,0.001,10
Cont SA (No Reset),1,70,48.849391855024216,33.718762807023296,-15.130629048000918,0.001,10
Cont SA (No Reset),1,71,48.849391855024216,33.718762807023296,-15.130629048000918,0.0011,10
Cont SA (No Reset),1,72,49.12828096698574,33.71646426911969,-15.411816697866051,0.0012100000000000001,11
Cont SA (No Reset),1,73,49.12828096698574,33.71646426911969,-15.411816697866051,0.0013310000000000002,11
Cont SA (No Reset),1,74,49.12828096698574,33.71646426911969,-15.411816697866051,0.001,11
Cont SA (No Reset),1,75,49.12828096698574,33.71646426911969,-15.411816697866051,0.001,11
Cont SA (No Reset),1,76,49.12828096698574,33.71646426911969,-15.411816697866051,0.0011,11
Cont SA (No Reset),1,77,49.12828096698574,33.71646426911969,-15.411816697866051,0.001,11
Cont SA (No Reset),1,78,49.12828096698574,33.71646426911969,-15.411816697866051,0.001,11
Cont SA (No Reset),1,79,49.12828096698574,33.71646426911969,-15.411816697866051,0.001,11
Cont SA (No Reset),1,80,49.12828096698574,33.71646426911969,-15.411816697866051,0.001,11
Cont SA (No Reset),1,81,49.12828096698574,33.71646426911969,-15.411816697866051,0.0011,11
Cont SA (No Reset),1,82,49.12828096698574,33.71646426911969,-15.411816697866051,0.001,11
Cont SA (No Reset),1,83,49.12828096698574,33.71646426911969,-15.411816697866051,0.001,11
Cont SA (No Reset),1,84,49.12828096698574,33.71646426911969,-15.411816697866051,0.001,11
Cont SA (No Reset),1,85,49.12828096698574,33.71646426911969,-15.411816697866051,0.0011,11
Cont SA (No Reset),1,86,49.12828096698574,33.71646426911969,-15.411816697866051,0.001,11
Cont SA (No Reset),1,87,49.12828096698574,33.71646426911969,-15.411816697866051,0.001,11
Cont SA (No Reset),1,88,49.12828096698574,33.71646426911969,-15.411816697866051,0.001,11
Cont SA (No Reset),1,89,49.12828096698574,33.71646426911969,-15.411816697866051,0.001,11
Cont SA (No Reset),1,90,49.12828096698574,33.71646426911969,-15.411816697866051,0.001,11
Cont SA (No Reset),1,91,49.12828096698574,33.71646426911969,-15.411816697866051,0.0011,11
Cont SA (No Reset),1,92,49.12828096698574,33.71646426911969,-15.411816697866051,0.0012100000000000001,11
Cont SA (No Reset),1,93,49.12828096698574,33.71646426911969,-15.411816697866051,0.001,11
Cont SA (No Reset),1,94,49.12828096698574,33.71646426911969,-15.411816697866051,0.001,11
Cont SA (No Reset),1,95,49.12828096698574,33.71646426911969,-15.411816697866051,0.001,11
Cont SA (No Reset),1,96,49.12828096698574,33.71646426911969,-15.411816697866051,0.001,11
Cont SA (No Reset),1,97,49.12828096698574,33.71646426911969,-15.411816697866051,0.0011,11
Cont SA (No Reset),1,98,49.12828096698574,33.71646426911969,-15.411816697866051,0.001,11
Cont SA (No Reset),1,99,49.12828096698574,33.71646426911969,-15.411816697866051,0.001,11
Cont SA (No Reset),1,100,49.12828096698574,33.71646426911969,-15.411816697866051,0.001,11
Cont SA (No Reset),1,101,49.12828096698574,33.71646426911969,-15.411816697866051,0.0011,11
Cont SA (No Reset),1,102,49.12828096698574,33.71646426911969,-15.411816697866051,0.001,11
Cont SA (No Reset),1,103,49.12828096698574,33.71646426911969,-15.411816697866051,0.0011,11
Cont SA (No Reset),1,104,49.12828096698574,33.71646426911969,-15.411816697866051,0.001,11
Cont SA (No Reset),1,105,49.12828096698574,33.71646426911969,-15.411816697866051,0.001,11
Cont SA (No Reset),1,106,49.12828096698574,33.71646426911969,-15.411816697866051,0.0011,11
Cont SA (No Reset),1,107,49.12828096698574,33.71646426911969,-15.411816697866051,0.001,11
Cont SA (No Reset),1,108,49.12828096698574,33.71646426911969,-15.411816697866051,0.001,11
Cont SA (No Reset),1,109,49.12828096698574,33.71646426911969,-15.411816697866051,0.0011,11
Cont SA (No Reset),1,110,49.12828096698574,33.71646426911969,-15.411816697866051,0.001,11
Cont SA (No Reset),1,111,49.12828096698574,33.71646426911969,-15.411816697866051,0.001,11
Cont SA (No Reset),1,112,49.12828096698574,33.71646426911969,-15.411816697866051,0.001,11
Cont SA (No Reset),1,113,49.12828096698574,33.71646426911969,-15.411816697866051,0.001,11
Cont SA (No Reset),1,114,49.12828096698574,33.71646426911969,-15.411816697866051,0.0011,11
Cont SA (No Reset),1,115,49.12828096698574,33.71646426911969,-15.411816697866051,0.001,11
Cont SA (No Reset),1,116,49.12828096698574,33.71646426911969,-15.411816697866051,0.001,11
Cont SA (No Reset),1,117,49.12828096698574,33.71646426911969,-15.411816697866051,0.001,11
Cont SA (No Reset),1,118,49.12828096698574,33.71646426911969,-15.411816697866051,0.001,11
Cont SA (No Reset),1,119,49.12828096698574,33.71646426911969,-15.411816697866051,0.001,11
Cont SA (No Reset),1,120,49.12828096698574,33.71646426911969,-15.411816697866051,0.0011,11
Cont SA (No Reset),1,121,49.12828096698574,33.71646426911969,-15.411816697866051,0.001,11
Cont SA (No Reset),1,122,49.12828096698574,33.71646426911969,-15.411816697866051,0.001,11
Cont SA (No Reset),1,123,49.12828096698574,33.71646426911969,-15.411816697866051,0.001,11
Cont SA (No Reset),1,124,49.12828096698574,33.71646426911969,-15.411816697866051,0.001,11
Cont SA (No Reset),1,125,49.12828096698574,33.71646426911969,-15.411816697866051,0.0011,11
Cont SA (No Reset),1,126,49.12828096698574,33.71646426911969,-15.411816697866051,0.001,11
Cont SA (No Reset),1,127,49.12828096698574,33.71646426911969,-15.411816697866051,0.0011,11
Cont SA (No Reset),1,128,49.12828096698574,33.71646426911969,-15.411816697866051,0.0012100000000000001,11
Cont SA (No Reset),1,129,49.12828096698574,33.71646426911969,-15.411816697866051,0.0013310000000000002,11
Cont SA (No Reset),1,130,49.12828096698574,33.71646426911969,-15.411816697866051,0.001,11
Cont SA (No Reset),1,131,49.12828096698574,33.71646426911969,-15.411816697866051,0.001,11
Cont SA (No Reset),1,132,49.12828096698574,33.71646426911969,-15.411816697866051,0.0011,11
Cont SA (No Reset),1,133,49.12828096698574,33.71646426911969,-15.411816697866051,0.001,11
Cont SA (No Reset),1,134,49.12828096698574,33.71646426911969,-15.411816697866051,0.001,11
Cont SA (No Reset),1,135,49.12828096698574,33.71646426911969,-15.411816697866051,0.001,11
Cont SA (No Reset),1,136,49.12828096698574,33.71646426911969,-15.411816697866051,0.001,11
Cont SA (No Reset),1,137,49.12828096698574,33.71646426911969,-15.411816697866051,0.0011,11
Cont SA (No Reset),1,138,49.12828096698574,33.71646426911969,-15.411816697866051,0.001,11
Cont SA (No Reset),1,139,49.12828096698574,33.71646426911969,-15.411816697866051,0.001,11
Cont SA (No Reset),1,140,49.12828096698574,33.71646426911969,-15.411816697866051,0.001,11
Cont SA (No Reset),1,141,49.12828096698574,33.71646426911969,-15.411816697866051,0.001,11
Cont SA (No Reset),1,142,49.12828096698574,33.71646426911969,-15.411816697866051,0.001,11
Cont SA (No Reset),1,143,49.12828096698574,33.71646426911969,-15.411816697866051,0.001,11
Cont SA (No Reset),1,144,49.12828096698574,33.71646426911969,-15.411816697866051,0.001,11
Cont SA (No Reset),1,145,49.12828096698574,33.71646426911969,-15.411816697866051,0.001,11
Cont SA (No Reset),1,146,49.12828096698574,33.71646426911969,-15.411816697866051,0.0011,11
Cont SA (No Reset),1,147,49.12828096698574,33.71646426911969,-15.411816697866051,0.001,11
Cont SA (No Reset),1,148,49.12828096698574,33.71646426911969,-15.411816697866051,0.001,11
Cont SA (No Reset),1,149,49.12828096698574,33.71646426911969,-15.411816697866051,0.0011,11
Cont SA (No Reset),1,150,49.12828096698574,33.71646426911969,-15.411816697866051,0.001,11
Cont SA (No Reset),2,1,35.181064765476776,32.96877961394983,-2.2122851515269506,0.05,1
Cont SA (No Reset),2,2,35.181064765476776,32.96877961394983,-2.2122851515269506,0.025,1
Cont SA (No Reset),2,3,35.181064765476776,32.96877961394983,-2.2122851515269506,0.027500000000000004,1
Cont SA (No Reset),2,4,33.599672576475115,32.78052257837197,-0.8191499981031461,0.030250000000000006,2
Cont SA (No Reset),2,5,31.20605677408537,32.39863657499245,1.192579800907082,0.033275000000000006,3
Cont SA (No Reset),2,6,31.20605677408537,32.39863657499245,1.192579800907082,0.03660250000000001,3
Cont SA (No Reset),2,7,33.039732840159274,32.35256761795153,-0.6871652222077446,0.018301250000000005,4
Cont SA (No Reset),2,8,26.25119510346399,31.762852388836464,5.511657285372476,0.009150625000000003,5
Cont SA (No Reset),2,9,27.94120203978101,30.640272188309655,2.699070148528645,0.004575312500000001,6
Cont SA (No Reset),2,10,25.2115441753872,30.301564363978557,5.090020188591358,0.0022876562500000006,7
Cont SA (No Reset),2,11,27.932468617641447,28.23077091970304,0.29830230206159164,0.002516421875000001,8
Cont SA (No Reset),2,12,26.517086996686807,28.14568517405511,1.6285981773683027,0.0012582109375000004,9
Cont SA (No Reset),2,13,25.73003144747393,27.761885783128612,2.0318543356546805,0.0013840320312500005,10
Cont SA (No Reset),2,14,25.03260920166168,25.140692780249687,0.1080835785880095,0.001,11
Cont SA (No Reset),2,15,24.765828534410463,24.870274480535922,0.10444594612545899,0.001,12
Cont SA (No Reset),2,16,23.808148758056966,25.31744320019708,1.5092944421401142,0.0011,13
Cont SA (No Reset),2,17,24.046049130505533,25.515874267548675,1.4698251370431425,0.0012100000000000001,14
Cont SA (No Reset),2,18,25.226100883987634,26.059940451549735,0.8338395675621028,0.0013310000000000002,15
Cont SA (No Reset),2,19,25.5689032481521,26.324795294531032,0.7558920463789317,0.0014641000000000003,16
Cont SA (No Reset),2,20,25.5689032481521,26.324795294531032,0.7558920463789317,0.0016105100000000005,16
Cont SA (No Reset),2,21,24.375776778403466,26.37967531251507,2.003898534111603,0.0017715610000000007,17
Cont SA (No Reset),2,22,24.375776778403466,26.37967531251507,2.003898534111603,0.0019487171000000009,17
Cont SA (No Reset),2,23,26.305253836755615,25.65464910863243,-0.6506047281231854,0.001,18
Cont SA (No Reset),2,24,26.476090513370156,24.797493083255464,-1.6785974301146906,0.001,19
Cont SA (No Reset),2,25,26.75849091671822,24.864618357848446,-1.8938725588697747,0.0011,20
Cont SA (No Reset),2,26,28.474987469839903,25.46191641940854,-3.013071050431364,0.0012100000000000001,21
Cont SA (No Reset),2,27,28.671263047664244,25.477403318419682,-3.19385972924456,0.0013310000000000002,22
Cont SA (No Reset),2,28,29.376239301655453,25.771874256251458,-3.604365045403995,0.0014641000000000003,23
Cont SA (No Reset),2,29,29.73773095534794,25.670939666280994,-4.066791289066944,0.0016105100000000005,24
Cont SA (No Reset),2,30,29.73773095534794,25.670939666280994,-4.066791289066944,0.0017715610000000007,24
Cont SA (No Reset),2,31,29.73773095534794,25.670939666280994,-4.066791289066944,0.0019487171000000009,24
Cont SA (No Reset),2,32,30.277440721615946,25.64275116845213,-4.634689553163816,0.002143588810000001,25
Cont SA (No Reset),2,33,29.86043217486126,26.15275269533921,-3.707679479522051,0.0023579476910000016,26
Cont SA (No Reset),2,34,29.86043217486126,26.15275269533921,-3.707679479522051,0.002593742460100002,26
Cont SA (No Reset),2,35,29.054594121970116,25.180915137884107,-3.873678984086009,0.001296871230050001,27
Cont SA (No Reset),2,36,29.308114596016953,25.456477259785043,-3.8516373362319087,0.0014265583530550011,28
Cont SA (No Reset),2,37,29.95961331792139,25.43851084404512,-4.521102473876273,0.0015692141883605014,29
Cont SA (No Reset),2,38,29.835960615211647,25.5892318141835,-4.246728801028149,0.001,30
Cont SA (No Reset),2,39,30.627839329636963,25.032177007035106,-5.595662322601856,0.0011,31
Cont SA (No Reset),2,40,30.627839329636963,25.032177007035106,-5.595662322601856,0.0012100000000000001,31
Cont SA (No Reset),2,41,30.627839329636963,25.032177007035106,-5.595662322601856,0.0013310000000000002,31
Cont SA (No Reset),2,42,30.504708730856812,25.391679786039752,-5.113028944817061,0.0014641000000000003,32
Cont SA (No Reset),2,43,30.504708730856812,25.391679786039752,-5.113028944817061,0.0016105100000000005,32
Cont SA (No Reset),2,44,30.504708730856812,25.391679786039752,-5.113028944817061,0.0017715610000000007,32
Cont SA (No Reset),2,45,30.504708730856812,25.391679786039752,-5.113028944817061,0.001,32
Cont SA (No Reset),2,46,30.504708730856812,25.391679786039752,-5.113028944817061,0.001,32
Cont SA (No Reset),2,47,30.504708730856812,25.391679786039752,-5.113028944817061,0.001,32
Cont SA (No Reset),2,48,30.504708730856812,25.391679786039752,-5.113028944817061,0.001,32
Cont SA (No Reset),2,49,30.777515004044737,25.288303712672825,-5.489211291371912,0.001,33
Cont SA (No Reset),2,50,30.777515004044737,25.288303712672825,-5.489211291371912,0.0011,33
Cont SA (No Reset),2,51,30.777515004044737,25.288303712672825,-5.489211291371912,0.0012100000000000001,33
Cont SA (No Reset),2,52,30.777515004044737,25.288303712672825,-5.489211291371912,0.0013310000000000002,33
Cont SA (No Reset),2,53,30.777515004044737,25.288303712672825,-5.489211291371912,0.001,33
Cont SA (No Reset),2,54,30.777515004044737,25.288303712672825,-5.489211291371912,0.001,33
Cont SA (No Reset),2,55,30.777515004044737,25.288303712672825,-5.489211291371912,0.001,33
Cont SA (No Reset),2,56,30.777515004044737,25.288303712672825,-5.489211291371912,0.001,33
Cont SA (No Reset),2,57,30.777515004044737,25.288303712672825,-5.489211291371912,0.001,33
Cont SA (No Reset),2,58,30.777515004044737,25.288303712672825,-5.489211291371912,0.001,33
Cont SA (No Reset),2,59,30.777515004044737,25.288303712672825,-5.489211291371912,0.001,33
Cont SA (No Reset),2,60,30.777515004044737,25.288303712672825,-5.489211291371912,0.0011,33
Cont SA (No Reset),2,61,30.777515004044737,25.288303712672825,-5.489211291371912,0.001,33
Cont SA (No Reset),2,62,30.777515004044737,25.288303712672825,-5.489211291371912,0.001,33
Cont SA (No Reset),2,63,30.777515004044737,25.288303712672825,-5.489211291371912,0.001,33
Cont SA (No Reset),2,64,30.777515004044737,25.288303712672825,-5.489211291371912,0.0011,33
Cont SA (No Reset),2,65,30.777515004044737,25.288303712672825,-5.489211291371912,0.0012100000000000001,33
Cont SA (No Reset),2,66,30.777515004044737,25.288303712672825,-5.489211291371912,0.0013310000000000002,33
Cont SA (No Reset),2,67,30.777515004044737,25.288303712672825,-5.489211291371912,0.0014641000000000003,33
Cont SA (No Reset),2,68,30.777515004044737,25.288303712672825,-5.489211291371912,0.001,33
Cont SA (No Reset),2,69,30.777515004044737,25.288303712672825,-5.489211291371912,0.001,33
Cont SA (No Reset),2,70,30.777515004044737,25.288303712672825,-5.489211291371912,0.0011,33
Cont SA (No Reset),2,71,30.777515004044737,25.288303712672825,-5.489211291371912,0.0012100000000000001,33
Cont SA (No Reset),2,72,30.777515004044737,25.288303712672825,-5.489211291371912,0.001,33
Cont SA (No Reset),2,73,30.777515004044737,25.288303712672825,-5.489211291371912,0.0011,33
Cont SA (No Reset),2,74,30.777515004044737,25.288303712672825,-5.489211291371912,0.001,33
Cont SA (No Reset),2,75,30.777515004044737,25.288303712672825,-5.489211291371912,0.0011,33
Cont SA (No Reset),2,76,30.777515004044737,25.288303712672825,-5.489211291371912,0.001,33
Cont SA (No Reset),2,77,30.777515004044737,25.288303712672825,-5.489211291371912,0.0011,33
Cont SA (No Reset),2,78,30.777515004044737,25.288303712672825,-5.489211291371912,0.0012100000000000001,33
Cont SA (No Reset),2,79,30.855836258178606,25.011568801214203,-5.844267456964403,0.001,34
Cont SA (No Reset),2,80,31.035609279637566,25.061190317395123,-5.974418962242441,0.0011,35
Cont SA (No Reset),2,81,31.035609279637566,25.061190317395123,-5.974418962242441,0.0012100000000000001,35
Cont SA (No Reset),2,82,31.035609279637566,25.061190317395123,-5.974418962242441,0.001,35
Cont SA (No Reset),2,83,31.035609279637566,25.061190317395123,-5.974418962242441,0.001,35
Cont SA (No Reset),2,84,31.035609279637566,25.061190317395123,-5.974418962242441,0.001,35
Cont SA (No Reset),2,85,31.288823373828016,25.035778315790353,-6.253045058037665,0.001,36
Cont SA (No Reset),2,86,31.680980956557242,25.33245896068193,-6.348521995875314,0.0011,37
Cont SA (No Reset),2,87,31.680980956557242,25.33245896068193,-6.348521995875314,0.001,37
Cont SA (No Reset),2,88,31.680980956557242,25.33245896068193,-6.348521995875314,0.0011,37
Cont SA (No Reset),2,89,31.680980956557242,25.33245896068193,-6.348521995875314,0.0012100000000000001,37
Cont SA (No Reset),2,90,31.84894174246678,25.356181471309522,-6.492760271157258,0.0013310000000000002,38
Cont SA (No Reset),2,91,31.84894174246678,25.356181471309522,-6.492760271157258,0.0014641000000000003,38
Cont SA (No Reset),2,92,31.91074721458073,25.153706531060976,-6.757040683519754,0.001,39
Cont SA (No Reset),2,93,31.91074721458073,25.153706531060976,-6.757040683519754,0.0011,39
Cont SA (No Reset),2,94,31.91074721458073,25.153706531060976,-6.757040683519754,0.0012100000000000001,39
Cont SA (No Reset),2,95,31.91074721458073,25.153706531060976,-6.757040683519754,0.001,39
Cont SA (No Reset),2,96,31.91074721458073,25.153706531060976,-6.757040683519754,0.001,39
Cont SA (No Reset),2,97,31.91074721458073,25.153706531060976,-6.757040683519754,0.0011,39
Cont SA (No Reset),2,98,31.91074721458073,25.153706531060976,-6.757040683519754,0.0012100000000000001,39
Cont SA (No Reset),2,99,31.91074721458073,25.153706531060976,-6.757040683519754,0.001,39
Cont SA (No Reset),2,100,31.91074721458073,25.153706531060976,-6.757040683519754,0.0011,39
Cont SA (No Reset),2,101,32.071660022299,25.5218659862622,-6.549794036036797,0.0012100000000000001,40
Cont SA (No Reset),2,102,32.21479729795062,25.419979491828755,-6.79481780612186,0.001,41
Cont SA (No Reset),2,103,32.21479729795062,25.419979491828755,-6.79481780612186,0.0011,41
Cont SA (No Reset),2,104,32.819726283781335,25.4972222691436,-7.322504014637739,0.001,42
Cont SA (No Reset),2,105,32.819726283781335,25.4972222691436,-7.322504014637739,0.0011,42
Cont SA (No Reset),2,106,32.819726283781335,25.4972222691436,-7.322504014637739,0.001,42
Cont SA (No Reset),2,107,32.819726283781335,25.4972222691436,-7.322504014637739,0.001,42
Cont SA (No Reset),2,108,32.819726283781335,25.4972222691436,-7.322504014637739,0.001,42
Cont SA (No Reset),2,109,32.819726283781335,25.4972222691436,-7.322504014637739,0.001,42
Cont SA (No Reset),2,110,32.819726283781335,25.4972222691436,-7.322504014637739,0.0011,42
Cont SA (No Reset),2,111,32.819726283781335,25.4972222691436,-7.322504014637739,0.001,42
Cont SA (No Reset),2,112,32.819726283781335,25.4972222691436,-7.322504014637739,0.0011,42
Cont SA (No Reset),2,113,32.819726283781335,25.4972222691436,-7.322504014637739,0.001,42
Cont SA (No Reset),2,114,32.819726283781335,25.4972222691436,-7.322504014637739,0.0011,42
Cont SA (No Reset),2,115,32.819726283781335,25.4972222691436,-7.322504014637739,0.0012100000000000001,42
Cont SA (No Reset),2,116,32.819726283781335,25.4972222691436,-7.322504014637739,0.001,42
Cont SA (No Reset),2,117,32.819726283781335,25.4972222691436,-7.322504014637739,0.0011,42
Cont SA (No Reset),2,118,32.819726283781335,25.4972222691436,-7.322504014637739,0.001,42
Cont SA (No Reset),2,119,32.819726283781335,25.4972222691436,-7.322504014637739,0.0011,42
Cont SA (No Reset),2,120,32.819726283781335,25.4972222691436,-7.322504014637739,0.001,42
Cont SA (No Reset),2,121,32.819726283781335,25.4972222691436,-7.322504014637739,0.001,42
Cont SA (No Reset),2,122,32.819726283781335,25.4972222691436,-7.322504014637739,0.001,42
Cont SA (No Reset),2,123,32.819726283781335,25.4972222691436,-7.322504014637739,0.0011,42
Cont SA (No Reset),2,124,32.819726283781335,25.4972222691436,-7.322504014637739,0.0012100000000000001,42
Cont SA (No Reset),2,125,32.819726283781335,25.4972222691436,-7.322504014637739,0.001,42
Cont SA (No Reset),2,126,32.819726283781335,25.4972222691436,-7.322504014637739,0.001,42
Cont SA (No Reset),2,127,32.819726283781335,25.4972222691436,-7.322504014637739,0.001,42
Cont SA (No Reset),2,128,32.819726283781335,25.4972222691436,-7.322504014637739,0.0011,42
Cont SA (No Reset),2,129,32.819726283781335,25.4972222691436,-7.322504014637739,0.0012100000000000001,42
Cont SA (No Reset),2,130,32.819726283781335,25.4972222691436,-7.322504014637739,0.0013310000000000002,42
Cont SA (No Reset),2,131,32.819726283781335,25.4972222691436,-7.322504014637739,0.0014641000000000003,42
Cont SA (No Reset),2,132,32.819726283781335,25.4972222691436,-7.322504014637739,0.0016105100000000005,42
Cont SA (No Reset),2,133,32.819726283781335,25.4972222691436,-7.322504014637739,0.0017715610000000007,42
Cont SA (No Reset),2,134,36.866531503224174,25.93890026413161,-10.927631239092563,0.0019487171000000009,43
Cont SA (No Reset),2,135,36.866531503224174,25.93890026413161,-10.927631239092563,0.002143588810000001,43
Cont SA (No Reset),2,136,36.866531503224174,25.93890026413161,-10.927631239092563,0.0010717944050000006,43
Cont SA (No Reset),2,137,37.45631618356592,25.590673969102564,-11.865642214463355,0.001,44
Cont SA (No Reset),2,138,37.45631618356592,25.590673969102564,-11.865642214463355,0.0011,44
Cont SA (No Reset),2,139,37.45631618356592,25.590673969102564,-11.865642214463355,0.001,44
Cont SA (No Reset),2,140,37.45631618356592,25.590673969102564,-11.865642214463355,0.001,44
Cont SA (No Reset),2,141,40.233816319796674,25.942962048224878,-14.290854271571797,0.001,45
Cont SA (No Reset),2,142,40.233816319796674,25.942962048224878,-14.290854271571797,0.001,45
Cont SA (No Reset),2,143,40.233816319796674,25.942962048224878,-14.290854271571797,0.001,45
Cont SA (No Reset),2,144,40.233816319796674,25.942962048224878,-14.290854271571797,0.001,45
Cont SA (No Reset),2,145,40.233816319796674,25.942962048224878,-14.290854271571797,0.001,45
Cont SA (No Reset),2,146,40.233816319796674,25.942962048224878,-14.290854271571797,0.001,45
Cont SA (No Reset),2,147,40.233816319796674,25.942962048224878,-14.290854271571797,0.001,45
Cont SA (No Reset),2,148,40.233816319796674,25.942962048224878,-14.290854271571797,0.0011,45
Cont SA (No Reset),2,149,40.233816319796674,25.942962048224878,-14.290854271571797,0.001,45
Cont SA (No Reset),2,150,40.233816319796674,25.942962048224878,-14.290854271571797,0.0011,45
Cont SA (No Reset),3,1,38.5841214981745,33.15404877852255,-5.430072719651947,0.05,1
Cont SA (No Reset),3,2,39.54745688894767,33.04989139657721,-6.4975654923704615,0.025,2
Cont SA (No Reset),3,3,34.424029568679195,33.20724141449641,-1.2167881541827896,0.027500000000000004,3
Cont SA (No Reset),3,4,36.22395281044099,33.018112811639284,-3.2058399988017094,0.013750000000000002,4
Cont SA (No Reset),3,5,34.04434750580052,32.99763769038507,-1.0467098154154566,0.015125000000000003,5
Cont SA (No Reset),3,6,31.92125073511213,32.748400969398844,0.8271502342867126,0.0075625000000000015,6
Cont SA (No Reset),3,7,26.39534773991976,32.47255090794231,6.077203168022554,0.0037812500000000008,7
Cont SA (No Reset),3,8,26.174994820089534,32.262157949018174,6.087163128928641,0.0018906250000000004,8
Cont SA (No Reset),3,9,26.327192571403177,31.983057546899545,5.655864975496367,0.001,9
Cont SA (No Reset),3,10,26.506816549920416,31.942224627630814,5.435408077710399,0.0011,10
Cont SA (No Reset),3,11,28.28490482391064,32.176985404417515,3.892080580506873,0.0012100000000000001,11
Cont SA (No Reset),3,12,24.913149703917373,31.80979876030237,6.896649056384998,0.0013310000000000002,12
Cont SA (No Reset),3,13,24.772621648222216,31.709829910291557,6.93720826206934,0.0014641000000000003,13
Cont SA (No Reset),3,14,24.772621648222216,31.709829910291557,6.93720826206934,0.0016105100000000005,13
Cont SA (No Reset),3,15,25.35980197190442,31.88081052656594,6.52100855466152,0.001,14
Cont SA (No Reset),3,16,25.89982251128267,31.979316020898576,6.0794935096159035,0.0011,15
Cont SA (No Reset),3,17,25.79144704848627,31.8787851231285,6.087338074642232,0.0012100000000000001,16
Cont SA (No Reset),3,18,26.78329597982068,32.10227698813983,5.318981008319148,0.0013310000000000002,17
Cont SA (No Reset),3,19,27.073630401567677,32.22891838771722,5.155287986149545,0.0014641000000000003,18
Cont SA (No Reset),3,20,26.052780941196367,31.34470643887709,5.291925497680723,0.001,19
Cont SA (No Reset),3,21,26.052780941196367,31.34470643887709,5.291925497680723,0.001,19
Cont SA (No Reset),3,22,26.052780941196367,31.34470643887709,5.291925497680723,0.001,19
Cont SA (No Reset),3,23,26.052780941196367,31.34470643887709,5.291925497680723,0.001,19
Cont SA (No Reset),3,24,26.052780941196367,31.34470643887709,5.291925497680723,0.001,19
Cont SA (No Reset),3,25,26.052780941196367,31.34470643887709,5.291925497680723,0.001,19
Cont SA (No Reset),3,26,26.052780941196367,31.34470643887709,5.291925497680723,0.001,19
Cont SA (No Reset),3,27,26.588022917601094,31.313864785128267,4.725841867527174,0.001,20
Cont SA (No Reset),3,28,26.588022917601094,31.313864785128267,4.725841867527174,0.001,20
Cont SA (No Reset),3,29,26.588022917601094,31.313864785128267,4.725841867527174,0.0011,20
Cont SA (No Reset),3,30,26.588022917601094,31.313864785128267,4.725841867527174,0.0012100000000000001,20
Cont SA (No Reset),3,31,26.588022917601094,31.313864785128267,4.725841867527174,0.0013310000000000002,20
Cont SA (No Reset),3,32,26.588022917601094,31.313864785128267,4.725841867527174,0.0014641000000000003,20
Cont SA (No Reset),3,33,26.588022917601094,31.313864785128267,4.725841867527174,0.0016105100000000005,20
Cont SA (No Reset),3,34,26.588022917601094,31.313864785128267,4.725841867527174,0.0017715610000000007,20
Cont SA (No Reset),3,35,26.588022917601094,31.313864785128267,4.725841867527174,0.0019487171000000009,20
Cont SA (No Reset),3,36,26.588022917601094,31.313864785128267,4.725841867527174,0.002143588810000001,20
Cont SA (No Reset),3,37,26.588022917601094,31.313864785128267,4.725841867527174,0.0023579476910000016,20
Cont SA (No Reset),3,38,27.409285979069555,31.25199450682995,3.842708527760394,0.002593742460100002,21
Cont SA (No Reset),3,39,27.409285979069555,31.25199450682995,3.842708527760394,0.0028531167061100022,21
Cont SA (No Reset),3,40,27.409285979069555,31.25199450682995,3.842708527760394,0.003138428376721003,21
Cont SA (No Reset),3,41,27.409285979069555,31.25199450682995,3.842708527760394,0.0034522712143931033,21
Cont SA (No Reset),3,42,27.409285979069555,31.25199450682995,3.842708527760394,0.003797498335832414,21
Cont SA (No Reset),3,43,27.409285979069555,31.25199450682995,3.842708527760394,0.004177248169415656,21
Cont SA (No Reset),3,44,27.409285979069555,31.25199450682995,3.842708527760394,0.002088624084707828,21
Cont SA (No Reset),3,45,27.409285979069555,31.25199450682995,3.842708527760394,0.002297486493178611,21
Cont SA (No Reset),3,46,27.409285979069555,31.25199450682995,3.842708527760394,0.002527235142496472,21
Cont SA (No Reset),3,47,27.409285979069555,31.25199450682995,3.842708527760394,0.0027799586567461196,21
Cont SA (No Reset),3,48,27.409285979069555,31.25199450682995,3.842708527760394,0.003057954522420732,21
Cont SA (No Reset),3,49,27.409285979069555,31.25199450682995,3.842708527760394,0.0033637499746628054,21
Cont SA (No Reset),3,50,27.409285979069555,31.25199450682995,3.842708527760394,0.0037001249721290864,21
Cont SA (No Reset),3,51,27.409285979069555,31.25199450682995,3.842708527760394,0.0040701374693419955,21
Cont SA (No Reset),3,52,27.409285979069555,31.25199450682995,3.842708527760394,0.004477151216276195,21
Cont SA (No Reset),3,53,27.409285979069555,31.25199450682995,3.842708527760394,0.004924866337903815,21
Cont SA (No Reset),3,54,27.409285979069555,31.25199450682995,3.842708527760394,0.005417352971694197,21
Cont SA (No Reset),3,55,27.48819540725975,31.226750486698528,3.7385550794387785,0.005959088268863617,22
Cont SA (No Reset),3,56,27.48819540725975,31.226750486698528,3.7385550794387785,0.006554997095749979,22
Cont SA (No Reset),3,57,27.48819540725975,31.226750486698528,3.7385550794387785,0.0032774985478749895,22
Cont SA (No Reset),3,58,27.48819540725975,31.226750486698528,3.7385550794387785,0.0036052484026624886,22
Cont SA (No Reset),3,59,27.48819540725975,31.226750486698528,3.7385550794387785,0.003965773242928738,22
Cont SA (No Reset),3,60,27.48819540725975,31.226750486698528,3.7385550794387785,0.004362350567221612,22
Cont SA (No Reset),3,61,27.48819540725975,31.226750486698528,3.7385550794387785,0.002181175283610806,22
Cont SA (No Reset),3,62,27.48819540725975,31.226750486698528,3.7385550794387785,0.001090587641805403,22
Cont SA (No Reset),3,63,27.48819540725975,31.226750486698528,3.7385550794387785,0.0011996464059859434,22
Cont SA (No Reset),3,64,27.48819540725975,31.226750486698528,3.7385550794387785,0.001,22
Cont SA (No Reset),3,65,27.48819540725975,31.226750486698528,3.7385550794387785,0.0011,22
Cont SA (No Reset),3,66,27.84592933870086,31.204098771127455,3.3581694324265947,0.001,23
Cont SA (No Reset),3,67,27.84592933870086,31.204098771127455,3.3581694324265947,0.0011,23
Cont SA (No Reset),3,68,27.84592933870086,31.204098771127455,3.3581694324265947,0.001,23
Cont SA (No Reset),3,69,27.84592933870086,31.204098771127455,3.3581694324265947,0.0011,23
Cont SA (No Reset),3,70,27.84592933870086,31.204098771127455,3.3581694324265947,0.001,23
Cont SA (No Reset),3,71,27.84592933870086,31.204098771127455,3.3581694324265947,0.0011,23
Cont SA (No Reset),3,72,27.84592933870086,31.204098771127455,3.3581694324265947,0.001,23
Cont SA (No Reset),3,73,27.84592933870086,31.204098771127455,3.3581694324265947,0.001,23
Cont SA (No Reset),3,74,27.84592933870086,31.204098771127455,3.3581694324265947,0.0011,23
Cont SA (No Reset),3,75,27.84592933870086,31.204098771127455,3.3581694324265947,0.0012100000000000001,23
Cont SA (No Reset),3,76,27.84592933870086,31.204098771127455,3.3581694324265947,0.0013310000000000002,23
Cont SA (No Reset),3,77,28.43037375848125,30.557751505784346,2.1273777473030964,0.0014641000000000003,24
Cont SA (No Reset),3,78,28.43037375848125,30.557751505784346,2.1273777473030964,0.0016105100000000005,24
Cont SA (No Reset),3,79,29.243788007987888,30.69003196081431,1.4462439528264206,0.0017715610000000007,25
Cont SA (No Reset),3,80,29.243788007987888,30.69003196081431,1.4462439528264206,0.0019487171000000009,25
Cont SA (No Reset),3,81,29.333793628219585,30.39178102199154,1.0579873937719564,0.002143588810000001,26
Cont SA (No Reset),3,82,29.333793628219585,30.39178102199154,1.0579873937719564,0.0010717944050000006,26
Cont SA (No Reset),3,83,29.333793628219585,30.39178102199154,1.0579873937719564,0.0011789738455000008,26
Cont SA (No Reset),3,84,29.333793628219585,30.39178102199154,1.0579873937719564,0.001,26
Cont SA (No Reset),3,85,29.360291516565155,30.187752437007163,0.8274609204420056,0.0011,27
Cont SA (No Reset),3,86,29.690483399670413,30.37106392811363,0.6805805284432186,0.0012100000000000001,28
Cont SA (No Reset),3,87,30.36176929235603,30.463529898297736,0.10176060594170504,0.0013310000000000002,29
Cont SA (No Reset),3,88,30.36176929235603,30.463529898297736,0.10176060594170504,0.0014641000000000003,29
Cont SA (No Reset),3,89,30.69530918330043,30.532714466524503,-0.16259471677592785,0.0016105100000000005,30
Cont SA (No Reset),3,90,30.69530918330043,30.532714466524503,-0.16259471677592785,0.0017715610000000007,30
Cont SA (No Reset),3,91,30.83329827423745,30.53179637013365,-0.30150190410379807,0.001,31
Cont SA (No Reset),3,92,30.83329827423745,30.53179637013365,-0.30150190410379807,0.0011,31
Cont SA (No Reset),3,93,30.83329827423745,30.53179637013365,-0.30150190410379807,0.0012100000000000001,31
Cont SA (No Reset),3,94,30.83329827423745,30.53179637013365,-0.30150190410379807,0.0013310000000000002,31
Cont SA (No Reset),3,95,30.83329827423745,30.53179637013365,-0.30150190410379807,0.001,31
Cont SA (No Reset),3,96,30.83329827423745,30.53179637013365,-0.30150190410379807,0.001,31
Cont SA (No Reset),3,97,30.83329827423745,30.53179637013365,-0.30150190410379807,0.0011,31
Cont SA (No Reset),3,98,30.83329827423745,30.53179637013365,-0.30150190410379807,0.0012100000000000001,31
Cont SA (No Reset),3,99,35.98384535794893,30.664517426996262,-5.319327930952668,0.001,32
Cont SA (No Reset),3,100,35.98384535794893,30.664517426996262,-5.319327930952668,0.0011,32
Cont SA (No Reset),3,101,35.98384535794893,30.664517426996262,-5.319327930952668,0.001,32
Cont SA (No Reset),3,102,35.98384535794893,30.664517426996262,-5.319327930952668,0.001,32
Cont SA (No Reset),3,103,35.98384535794893,30.664517426996262,-5.319327930952668,0.001,32
Cont SA (No Reset),3,104,35.98384535794893,30.664517426996262,-5.319327930952668,0.0011,32
Cont SA (No Reset),3,105,35.98384535794893,30.664517426996262,-5.319327930952668,0.001,32
Cont SA (No Reset),3,106,35.98384535794893,30.664517426996262,-5.319327930952668,0.001,32
Cont SA (No Reset),3,107,35.98384535794893,30.664517426996262,-5.319327930952668,0.0011,32
Cont SA (No Reset),3,108,35.98384535794893,30.664517426996262,-5.319327930952668,0.001,32
Cont SA (No Reset),3,109,35.98384535794893,30.664517426996262,-5.319327930952668,0.0011,32
Cont SA (No Reset),3,110,35.98384535794893,30.664517426996262,-5.319327930952668,0.001,32
Cont SA (No Reset),3,111,35.98384535794893,30.664517426996262,-5.319327930952668,0.001,32
Cont SA (No Reset),3,112,35.98384535794893,30.664517426996262,-5.319327930952668,0.0011,32
Cont SA (No Reset),3,113,35.98384535794893,30.664517426996262,-5.319327930952668,0.0012100000000000001,32
Cont SA (No Reset),3,114,35.98384535794893,30.664517426996262,-5.319327930952668,0.0013310000000000002,32
Cont SA (No Reset),3,115,35.98384535794893,30.664517426996262,-5.319327930952668,0.0014641000000000003,32
Cont SA (No Reset),3,116,35.98384535794893,30.664517426996262,-5.319327930952668,0.001,32
Cont SA (No Reset),3,117,35.98384535794893,30.664517426996262,-5.319327930952668,0.0011,32
Cont SA (No Reset),3,118,35.98384535794893,30.664517426996262,-5.319327930952668,0.0012100000000000001,32
Cont SA (No Reset),3,119,36.55834679843089,30.668426785443472,-5.889920012987417,0.0013310000000000002,33
Cont SA (No Reset),3,120,36.55834679843089,30.668426785443472,-5.889920012987417,0.0014641000000000003,33
Cont SA (No Reset),3,121,36.55834679843089,30.668426785443472,-5.889920012987417,0.0016105100000000005,33
Cont SA (No Reset),3,122,36.55834679843089,30.668426785443472,-5.889920012987417,0.001,33
Cont SA (No Reset),3,123,36.55834679843089,30.668426785443472,-5.889920012987417,0.001,33
Cont SA (No Reset),3,124,36.55834679843089,30.668426785443472,-5.889920012987417,0.0011,33
Cont SA (No Reset),3,125,36.55834679843089,30.668426785443472,-5.889920012987417,0.001,33
Cont SA (No Reset),3,126,36.55834679843089,30.668426785443472,-5.889920012987417,0.001,33
Cont SA (No Reset),3,127,36.55834679843089,30.668426785443472,-5.889920012987417,0.0011,33
Cont SA (No Reset),3,128,36.55834679843089,30.668426785443472,-5.889920012987417,0.001,33
Cont SA (No Reset),3,129,36.55834679843089,30.668426785443472,-5.889920012987417,0.001,33
Cont SA (No Reset),3,130,36.55834679843089,30.668426785443472,-5.889920012987417,0.0011,33
Cont SA (No Reset),3,131,36.55834679843089,30.668426785443472,-5.889920012987417,0.0012100000000000001,33
Cont SA (No Reset),3,132,36.55834679843089,30.668426785443472,-5.889920012987417,0.0013310000000000002,33
Cont SA (No Reset),3,133,36.55834679843089,30.668426785443472,-5.889920012987417,0.001,33
Cont SA (No Reset),3,134,36.55834679843089,30.668426785443472,-5.889920012987417,0.0011,33
Cont SA (No Reset),3,135,36.55834679843089,30.668426785443472,-5.889920012987417,0.001,33
Cont SA (No Reset),3,136,36.55834679843089,30.668426785443472,-5.889920012987417,0.0011,33
Cont SA (No Reset),3,137,36.55834679843089,30.668426785443472,-5.889920012987417,0.0012100000000000001,33
Cont SA (No Reset),3,138,36.55834679843089,30.668426785443472,-5.889920012987417,0.001,33
Cont SA (No Reset),3,139,36.55834679843089,30.668426785443472,-5.889920012987417,0.0011,33
Cont SA (No Reset),3,140,36.55834679843089,30.668426785443472,-5.889920012987417,0.001,33
Cont SA (No Reset),3,141,36.55834679843089,30.668426785443472,-5.889920012987417,0.0011,33
Cont SA (No Reset),3,142,36.55834679843089,30.668426785443472,-5.889920012987417,0.001,33
Cont SA (No Reset),3,143,37.063543400776545,30.72062347471888,-6.3429199260576645,0.0011,34
Cont SA (No Reset),3,144,37.063543400776545,30.72062347471888,-6.3429199260576645,0.0012100000000000001,34
Cont SA (No Reset),3,145,37.063543400776545,30.72062347471888,-6.3429199260576645,0.001,34
Cont SA (No Reset),3,146,37.063543400776545,30.72062347471888,-6.3429199260576645,0.001,34
Cont SA (No Reset),3,147,37.063543400776545,30.72062347471888,-6.3429199260576645,0.001,34
Cont SA (No Reset),3,148,37.063543400776545,30.72062347471888,-6.3429199260576645,0.001,34
Cont SA (No Reset),3,149,37.063543400776545,30.72062347471888,-6.3429199260576645,0.001,34
Cont SA (No Reset),3,150,37.063543400776545,30.72062347471888,-6.3429199260576645,0.001,34
Cont SA (No Reset),4,1,28.157367282070602,32.58934189985905,4.431974617788448,0.05,1
Cont SA (No Reset),4,2,25.067066950625705,31.3728984197884,6.305831469162695,0.025,2
Cont SA (No Reset),4,3,27.160510073741584,31.484865669513404,4.32435559577182,0.0125,3
Cont SA (No Reset),4,4,24.336499398720804,30.860033181784793,6.52353378306399,0.013750000000000002,4
Cont SA (No Reset),4,5,24.336499398720804,30.860033181784793,6.52353378306399,0.006875000000000001,4
Cont SA (No Reset),4,6,24.603974607530176,30.570763566746013,5.966788959215836,0.0075625000000000015,5
Cont SA (No Reset),4,7,24.780070184732644,30.262799241348944,5.4827290566163,0.008318750000000001,6
Cont SA (No Reset),4,8,26.499072631997002,30.11907516458535,3.620002532588348,0.009150625000000003,7
Cont SA (No Reset),4,9,25.879984071978274,30.03589785762621,4.155913785647935,0.004575312500000001,8
Cont SA (No Reset),4,10,27.015221883404408,30.176258272201938,3.1610363887975317,0.005032843750000002,9
Cont SA (No Reset),4,11,26.845922085010184,30.007931599785685,3.1620095147755016,0.005536128125000002,10
Cont SA (No Reset),4,12,27.214430807624748,29.774491761996966,2.560060954372218,0.006089740937500003,11
Cont SA (No Reset),4,13,27.482180221502777,29.28624223957222,1.8040620180694462,0.0030448704687500014,12
Cont SA (No Reset),4,14,31.278155022767184,29.262253720479528,-2.015901302287657,0.0015224352343750007,13
Cont SA (No Reset),4,15,31.87069332042986,28.264554835859137,-3.6061384845707245,0.0016746787578125009,14
Cont SA (No Reset),4,16,32.7469428946159,28.40348441542611,-4.343458479189787,0.001,15
Cont SA (No Reset),4,17,32.7469428946159,28.40348441542611,-4.343458479189787,0.0011,15
Cont SA (No Reset),4,18,32.7469428946159,28.40348441542611,-4.343458479189787,0.0012100000000000001,15
Cont SA (No Reset),4,19,32.7469428946159,28.40348441542611,-4.343458479189787,0.0013310000000000002,15
Cont SA (No Reset),4,20,32.7469428946159,28.40348441542611,-4.343458479189787,0.001,15
Cont SA (No Reset),4,21,32.7469428946159,28.40348441542611,-4.343458479189787,0.001,15
Cont SA (No Reset),4,22,32.7469428946159,28.40348441542611,-4.343458479189787,0.001,15
Cont SA (No Reset),4,23,32.7469428946159,28.40348441542611,-4.343458479189787,0.0011,15
Cont SA (No Reset),4,24,32.7469428946159,28.40348441542611,-4.343458479189787,0.0012100000000000001,15
Cont SA (No Reset),4,25,32.7469428946159,28.40348441542611,-4.343458479189787,0.001,15
Cont SA (No Reset),4,26,32.7469428946159,28.40348441542611,-4.343458479189787,0.001,15
Cont SA (No Reset),4,27,32.7469428946159,28.40348441542611,-4.343458479189787,0.001,15
Cont SA (No Reset),4,28,32.7469428946159,28.40348441542611,-4.343458479189787,0.0011,15
Cont SA (No Reset),4,29,32.7469428946159,28.40348441542611,-4.343458479189787,0.001,15
Cont SA (No Reset),4,30,32.7469428946159,28.40348441542611,-4.343458479189787,0.0011,15
Cont SA (No Reset),4,31,32.7469428946159,28.40348441542611,-4.343458479189787,0.001,15
Cont SA (No Reset),4,32,32.7469428946159,28.40348441542611,-4.343458479189787,0.0011,15
Cont SA (No Reset),4,33,32.7469428946159,28.40348441542611,-4.343458479189787,0.001,15
Cont SA (No Reset),4,34,32.7469428946159,28.40348441542611,-4.343458479189787,0.0011,15
Cont SA (No Reset),4,35,32.7469428946159,28.40348441542611,-4.343458479189787,0.0012100000000000001,15
Cont SA (No Reset),4,36,32.7469428946159,28.40348441542611,-4.343458479189787,0.0013310000000000002,15
Cont SA (No Reset),4,37,32.7469428946159,28.40348441542611,-4.343458479189787,0.001,15
Cont SA (No Reset),4,38,32.7469428946159,28.40348441542611,-4.343458479189787,0.001,15
Cont SA (No Reset),4,39,32.7469428946159,28.40348441542611,-4.343458479189787,0.0011,15
Cont SA (No Reset),4,40,32.7469428946159,28.40348441542611,-4.343458479189787,0.0012100000000000001,15
Cont SA (No Reset),4,41,32.7469428946159,28.40348441542611,-4.343458479189787,0.0013310000000000002,15
Cont SA (No Reset),4,42,32.7469428946159,28.40348441542611,-4.343458479189787,0.0014641000000000003,15
Cont SA (No Reset),4,43,32.7469428946159,28.40348441542611,-4.343458479189787,0.001,15
Cont SA (No Reset),4,44,32.7469428946159,28.40348441542611,-4.343458479189787,0.001,15
Cont SA (No Reset),4,45,32.7469428946159,28.40348441542611,-4.343458479189787,0.0011,15
Cont SA (No Reset),4,46,32.7469428946159,28.40348441542611,-4.343458479189787,0.0012100000000000001,15
Cont SA (No Reset),4,47,32.7469428946159,28.40348441542611,-4.343458479189787,0.001,15
Cont SA (No Reset),4,48,32.7469428946159,28.40348441542611,-4.343458479189787,0.0011,15
Cont SA (No Reset),4,49,32.7469428946159,28.40348441542611,-4.343458479189787,0.0012100000000000001,15
Cont SA (No Reset),4,50,32.7469428946159,28.40348441542611,-4.343458479189787,0.0013310000000000002,15
Cont SA (No Reset),4,51,32.7469428946159,28.40348441542611,-4.343458479189787,0.001,15
Cont SA (No Reset),4,52,32.7469428946159,28.40348441542611,-4.343458479189787,0.001,15
Cont SA (No Reset),4,53,32.7469428946159,28.40348441542611,-4.343458479189787,0.0011,15
Cont SA (No Reset),4,54,32.7469428946159,28.40348441542611,-4.343458479189787,0.0012100000000000001,15
Cont SA (No Reset),4,55,32.7469428946159,28.40348441542611,-4.343458479189787,0.0013310000000000002,15
Cont SA (No Reset),4,56,32.7469428946159,28.40348441542611,-4.343458479189787,0.0014641000000000003,15
Cont SA (No Reset),4,57,32.7469428946159,28.40348441542611,-4.343458479189787,0.0016105100000000005,15
Cont SA (No Reset),4,58,32.7469428946159,28.40348441542611,-4.343458479189787,0.001,15
Cont SA (No Reset),4,59,32.7469428946159,28.40348441542611,-4.343458479189787,0.001,15
Cont SA (No Reset),4,60,32.7469428946159,28.40348441542611,-4.343458479189787,0.001,15
Cont SA (No Reset),4,61,32.7469428946159,28.40348441542611,-4.343458479189787,0.0011,15
Cont SA (No Reset),4,62,32.7469428946159,28.40348441542611,-4.343458479189787,0.0012100000000000001,15
Cont SA (No Reset),4,63,32.7469428946159,28.40348441542611,-4.343458479189787,0.0013310000000000002,15
Cont SA (No Reset),4,64,32.7469428946159,28.40348441542611,-4.343458479189787,0.001,15
Cont SA (No Reset),4,65,32.7469428946159,28.40348441542611,-4.343458479189787,0.001,15
Cont SA (No Reset),4,66,32.7469428946159,28.40348441542611,-4.343458479189787,0.0011,15
Cont SA (No Reset),4,67,32.7469428946159,28.40348441542611,-4.343458479189787,0.001,15
Cont SA (No Reset),4,68,32.7469428946159,28.40348441542611,-4.343458479189787,0.001,15
Cont SA (No Reset),4,69,32.7469428946159,28.40348441542611,-4.343458479189787,0.0011,15
Cont SA (No Reset),4,70,32.7469428946159,28.40348441542611,-4.343458479189787,0.0012100000000000001,15
Cont SA (No Reset),4,71,32.7469428946159,28.40348441542611,-4.343458479189787,0.0013310000000000002,15
Cont SA (No Reset),4,72,32.7469428946159,28.40348441542611,-4.343458479189787,0.001,15
Cont SA (No Reset),4,73,32.7469428946159,28.40348441542611,-4.343458479189787,0.001,15
Cont SA (No Reset),4,74,32.7469428946159,28.40348441542611,-4.343458479189787,0.001,15
Cont SA (No Reset),4,75,32.7469428946159,28.40348441542611,-4.343458479189787,0.001,15
Cont SA (No Reset),4,76,32.7469428946159,28.40348441542611,-4.343458479189787,0.001,15
Cont SA (No Reset),4,77,32.7469428946159,28.40348441542611,-4.343458479189787,0.0011,15
Cont SA (No Reset),4,78,32.7469428946159,28.40348441542611,-4.343458479189787,0.001,15
Cont SA (No Reset),4,79,32.7469428946159,28.40348441542611,-4.343458479189787,0.0011,15
Cont SA (No Reset),4,80,32.7469428946159,28.40348441542611,-4.343458479189787,0.0012100000000000001,15
Cont SA (No Reset),4,81,32.7469428946159,28.40348441542611,-4.343458479189787,0.0013310000000000002,15
Cont SA (No Reset),4,82,32.7469428946159,28.40348441542611,-4.343458479189787,0.0014641000000000003,15
Cont SA (No Reset),4,83,32.7469428946159,28.40348441542611,-4.343458479189787,0.0016105100000000005,15
Cont SA (No Reset),4,84,32.7469428946159,28.40348441542611,-4.343458479189787,0.0017715610000000007,15
Cont SA (No Reset),4,85,32.7469428946159,28.40348441542611,-4.343458479189787,0.001,15
Cont SA (No Reset),4,86,32.7469428946159,28.40348441542611,-4.343458479189787,0.0011,15
Cont SA (No Reset),4,87,32.7469428946159,28.40348441542611,-4.343458479189787,0.0012100000000000001,15
Cont SA (No Reset),4,88,32.7469428946159,28.40348441542611,-4.343458479189787,0.001,15
Cont SA (No Reset),4,89,32.7469428946159,28.40348441542611,-4.343458479189787,0.0011,15
Cont SA (No Reset),4,90,32.7469428946159,28.40348441542611,-4.343458479189787,0.0012100000000000001,15
Cont SA (No Reset),4,91,32.7469428946159,28.40348441542611,-4.343458479189787,0.0013310000000000002,15
Cont SA (No Reset),4,92,32.7469428946159,28.40348441542611,-4.343458479189787,0.0014641000000000003,15
Cont SA (No Reset),4,93,32.7469428946159,28.40348441542611,-4.343458479189787,0.001,15
Cont SA (No Reset),4,94,32.7469428946159,28.40348441542611,-4.343458479189787,0.0011,15
Cont SA (No Reset),4,95,32.7469428946159,28.40348441542611,-4.343458479189787,0.0012100000000000001,15
Cont SA (No Reset),4,96,32.7469428946159,28.40348441542611,-4.343458479189787,0.0013310000000000002,15
Cont SA (No Reset),4,97,32.7469428946159,28.40348441542611,-4.343458479189787,0.0014641000000000003,15
Cont SA (No Reset),4,98,32.7469428946159,28.40348441542611,-4.343458479189787,0.001,15
Cont SA (No Reset),4,99,32.7469428946159,28.40348441542611,-4.343458479189787,0.001,15
Cont SA (No Reset),4,100,32.7469428946159,28.40348441542611,-4.343458479189787,0.001,15
Cont SA (No Reset),4,101,32.7469428946159,28.40348441542611,-4.343458479189787,0.0011,15
Cont SA (No Reset),4,102,32.7469428946159,28.40348441542611,-4.343458479189787,0.001,15
Cont SA (No Reset),4,103,32.7469428946159,28.40348441542611,-4.343458479189787,0.0011,15
Cont SA (No Reset),4,104,32.7469428946159,28.40348441542611,-4.343458479189787,0.0012100000000000001,15
Cont SA (No Reset),4,105,32.7469428946159,28.40348441542611,-4.343458479189787,0.001,15
Cont SA (No Reset),4,106,32.7469428946159,28.40348441542611,-4.343458479189787,0.0011,15
Cont SA (No Reset),4,107,32.7469428946159,28.40348441542611,-4.343458479189787,0.0012100000000000001,15
Cont SA (No Reset),4,108,32.7469428946159,28.40348441542611,-4.343458479189787,0.001,15
Cont SA (No Reset),4,109,32.7469428946159,28.40348441542611,-4.343458479189787,0.001,15
Cont SA (No Reset),4,110,32.7469428946159,28.40348441542611,-4.343458479189787,0.001,15
Cont SA (No Reset),4,111,32.7469428946159,28.40348441542611,-4.343458479189787,0.0011,15
Cont SA (No Reset),4,112,32.7469428946159,28.40348441542611,-4.343458479189787,0.0012100000000000001,15
Cont SA (No Reset),4,113,32.7469428946159,28.40348441542611,-4.343458479189787,0.001,15
Cont SA (No Reset),4,114,32.7469428946159,28.40348441542611,-4.343458479189787,0.0011,15
Cont SA (No Reset),4,115,34.756948094426825,28.45928405958101,-6.297664034845819,0.0012100000000000001,16
Cont SA (No Reset),4,116,34.756948094426825,28.45928405958101,-6.297664034845819,0.0013310000000000002,16
Cont SA (No Reset),4,117,34.756948094426825,28.45928405958101,-6.297664034845819,0.001,16
Cont SA (No Reset),4,118,34.756948094426825,28.45928405958101,-6.297664034845819,0.0011,16
Cont SA (No Reset),4,119,34.756948094426825,28.45928405958101,-6.297664034845819,0.0012100000000000001,16
Cont SA (No Reset),4,120,34.756948094426825,28.45928405958101,-6.297664034845819,0.0013310000000000002,16
Cont SA (No Reset),4,121,34.756948094426825,28.45928405958101,-6.297664034845819,0.001,16
Cont SA (No Reset),4,122,34.756948094426825,28.45928405958101,-6.297664034845819,0.001,16
Cont SA (No Reset),4,123,34.756948094426825,28.45928405958101,-6.297664034845819,0.001,16
Cont SA (No Reset),4,124,34.756948094426825,28.45928405958101,-6.297664034845819,0.001,16
Cont SA (No Reset),4,125,34.756948094426825,28.45928405958101,-6.297664034845819,0.001,16
Cont SA (No Reset),4,126,34.756948094426825,28.45928405958101,-6.297664034845819,0.0011,16
Cont SA (No Reset),4,127,34.756948094426825,28.45928405958101,-6.297664034845819,0.001,16
Cont SA (No Reset),4,128,34.756948094426825,28.45928405958101,-6.297664034845819,0.0011,16
Cont SA (No Reset),4,129,34.756948094426825,28.45928405958101,-6.297664034845819,0.001,16
Cont SA (No Reset),4,130,34.756948094426825,28.45928405958101,-6.297664034845819,0.0011,16
Cont SA (No Reset),4,131,34.756948094426825,28.45928405958101,-6.297664034845819,0.0012100000000000001,16
Cont SA (No Reset),4,132,34.756948094426825,28.45928405958101,-6.297664034845819,0.001,16
Cont SA (No Reset),4,133,34.756948094426825,28.45928405958101,-6.297664034845819,0.0011,16
Cont SA (No Reset),4,134,34.756948094426825,28.45928405958101,-6.297664034845819,0.001,16
Cont SA (No Reset),4,135,34.756948094426825,28.45928405958101,-6.297664034845819,0.0011,16
Cont SA (No Reset),4,136,34.756948094426825,28.45928405958101,-6.297664034845819,0.0012100000000000001,16
Cont SA (No Reset),4,137,34.756948094426825,28.45928405958101,-6.297664034845819,0.0013310000000000002,16
Cont SA (No Reset),4,138,34.756948094426825,28.45928405958101,-6.297664034845819,0.0014641000000000003,16
Cont SA (No Reset),4,139,34.756948094426825,28.45928405958101,-6.297664034845819,0.001,16
Cont SA (No Reset),4,140,34.756948094426825,28.45928405958101,-6.297664034845819,0.0011,16
Cont SA (No Reset),4,141,34.756948094426825,28.45928405958101,-6.297664034845819,0.001,16
Cont SA (No Reset),4,142,34.756948094426825,28.45928405958101,-6.297664034845819,0.0011,16
Cont SA (No Reset),4,143,34.756948094426825,28.45928405958101,-6.297664034845819,0.0012100000000000001,16
Cont SA (No Reset),4,144,34.756948094426825,28.45928405958101,-6.297664034845819,0.0013310000000000002,16
Cont SA (No Reset),4,145,34.756948094426825,28.45928405958101,-6.297664034845819,0.0014641000000000003,16
Cont SA (No Reset),4,146,34.756948094426825,28.45928405958101,-6.297664034845819,0.0016105100000000005,16
Cont SA (No Reset),4,147,34.756948094426825,28.45928405958101,-6.297664034845819,0.0017715610000000007,16
Cont SA (No Reset),4,148,34.756948094426825,28.45928405958101,-6.297664034845819,0.0019487171000000009,16
Cont SA (No Reset),4,149,34.756948094426825,28.45928405958101,-6.297664034845819,0.001,16
Cont SA (No Reset),4,150,34.756948094426825,28.45928405958101,-6.297664034845819,0.001,16
Cont SA (Smart Reset),0,1,38.95385037861565,33.44498700843148,-5.508863370184167,0.05,1
Cont SA (Smart Reset),0,2,39.29399021176753,33.423889766797316,-5.87010044497021,0.025,2
Cont SA (Smart Reset),0,3,39.80912605024689,33.342791568948925,-6.466334481297962,0.027500000000000004,3
Cont SA (Smart Reset),0,4,42.500849520545145,33.30788489944067,-9.192964621104474,0.030250000000000006,4
Cont SA (Smart Reset),0,5,44.193413048952046,33.27345406918288,-10.919958979769161,0.015125000000000003,5
Cont SA (Smart Reset),0,6,44.193413048952046,33.27345406918288,-10.919958979769161,0.016637500000000003,5
Cont SA (Smart Reset),0,7,44.193413048952046,33.27345406918288,-10.919958979769161,0.018301250000000005,5
Cont SA (Smart Reset),0,8,44.193413048952046,33.27345406918288,-10.919958979769161,0.020131375000000007,5
Cont SA (Smart Reset),0,9,45.291794203034,33.23505524061182,-12.05673896242218,0.02214451250000001,6
Cont SA (Smart Reset),0,10,44.43573508482893,33.29618837682405,-11.13954670800488,0.02435896375000001,7
Cont SA (Smart Reset),0,11,43.60275544849405,33.228521222093455,-10.374234226400597,0.012179481875000005,8
Cont SA (Smart Reset),0,12,46.378588288778545,33.240523611092684,-13.138064677685861,0.013397430062500007,9
Cont SA (Smart Reset),0,13,50.76143112626736,33.21685063669539,-17.54458048957197,0.014737173068750008,10
Cont SA (Smart Reset),0,14,52.17054173713413,33.21560222926137,-18.954939507872755,0.007368586534375004,11
Cont SA (Smart Reset),0,15,52.17054173713413,33.21560222926137,-18.954939507872755,0.003684293267187502,11
Cont SA (Smart Reset),0,16,52.17054173713413,33.21560222926137,-18.954939507872755,0.004052722593906252,11
Cont SA (Smart Reset),0,17,52.17054173713413,33.21560222926137,-18.954939507872755,0.0044579948532968774,11
Cont SA (Smart Reset),0,18,52.17054173713413,33.21560222926137,-18.954939507872755,0.0049037943386265655,11
Cont SA (Smart Reset),0,19,52.17054173713413,33.21560222926137,-18.954939507872755,0.005394173772489222,11
Cont SA (Smart Reset),0,20,51.33679598699473,33.20258073080672,-18.134215256188007,0.005933591149738145,12
Cont SA (Smart Reset),0,21,51.33679598699473,33.20258073080672,-18.134215256188007,0.00652695026471196,12
Cont SA (Smart Reset),0,22,51.33679598699473,33.20258073080672,-18.134215256188007,0.00326347513235598,12
Cont SA (Smart Reset),0,23,51.33679598699473,33.20258073080672,-18.134215256188007,0.0035898226455915784,12
Cont SA (Smart Reset),0,24,51.33679598699473,33.20258073080672,-18.134215256188007,0.003948804910150736,12
Cont SA (Smart Reset),0,25,51.33679598699473,33.20258073080672,-18.134215256188007,0.0043436854011658105,12
Cont SA (Smart Reset),0,26,51.33679598699473,33.20258073080672,-18.134215256188007,0.004778053941282392,12
Cont SA (Smart Reset),0,27,50.63868239316372,33.1704161365492,-17.468266256614516,0.005255859335410632,13
Cont SA (Smart Reset),0,28,50.63868239316372,33.1704161365492,-17.468266256614516,0.005781445268951696,13
Cont SA (Smart Reset),0,29,50.63868239316372,33.1704161365492,-17.468266256614516,0.0063595897958468655,13
Cont SA (Smart Reset),0,30,50.63868239316372,33.1704161365492,-17.468266256614516,0.006995548775431553,13
Cont SA (Smart Reset),0,31,50.63868239316372,33.1704161365492,-17.468266256614516,0.007695103652974709,13
Cont SA (Smart Reset),0,32,50.63868239316372,33.1704161365492,-17.468266256614516,0.008464614018272181,13
Cont SA (Smart Reset),0,33,50.63868239316372,33.1704161365492,-17.468266256614516,0.0093110754200994,13
Cont SA (Smart Reset),0,34,50.63868239316372,33.1704161365492,-17.468266256614516,0.0046555377100497,13
Cont SA (Smart Reset),0,35,50.63868239316372,33.1704161365492,-17.468266256614516,0.00512109148105467,13
Cont SA (Smart Reset),0,36,51.52440116731783,33.17483538580196,-18.349565781515867,0.005633200629160138,14
Cont SA (Smart Reset),0,37,51.52440116731783,33.17483538580196,-18.349565781515867,0.006196520692076152,14
Cont SA (Smart Reset),0,38,51.52440116731783,33.17483538580196,-18.349565781515867,0.0068161727612837675,14
Cont SA (Smart Reset),0,39,51.52440116731783,33.17483538580196,-18.349565781515867,0.007497790037412144,14
Cont SA (Smart Reset),0,40,51.52440116731783,33.17483538580196,-18.349565781515867,0.00824756904115336,14
Cont SA (Smart Reset),0,41,51.52440116731783,33.17483538580196,-18.349565781515867,0.009072325945268698,14
Cont SA (Smart Reset),0,42,51.52440116731783,33.17483538580196,-18.349565781515867,0.009979558539795569,14
Cont SA (Smart Reset),0,43,51.52440116731783,33.17483538580196,-18.349565781515867,0.010977514393775126,14
Cont SA (Smart Reset),0,44,51.52440116731783,33.17483538580196,-18.349565781515867,0.012075265833152639,14
Cont SA (Smart Reset),0,45,51.52440116731783,33.17483538580196,-18.349565781515867,0.006037632916576319,14
Cont SA (Smart Reset),0,46,51.52440116731783,33.17483538580196,-18.349565781515867,0.006641396208233952,14
Cont SA (Smart Reset),0,47,51.52440116731783,33.17483538580196,-18.349565781515867,0.007305535829057347,14
Cont SA (Smart Reset),0,48,51.52440116731783,33.17483538580196,-18.349565781515867,0.008036089411963083,14
Cont SA (Smart Reset),0,49,51.52440116731783,33.17483538580196,-18.349565781515867,0.004018044705981542,14
Cont SA (Smart Reset),0,50,51.52440116731783,33.17483538580196,-18.349565781515867,0.004419849176579696,14
Cont SA (Smart Reset),0,51,51.52440116731783,33.17483538580196,-18.349565781515867,0.004861834094237666,14
Cont SA (Smart Reset),0,52,51.52440116731783,33.17483538580196,-18.349565781515867,0.005348017503661433,14
Cont SA (Smart Reset),0,53,51.52440116731783,33.17483538580196,-18.349565781515867,0.005882819254027577,14
Cont SA (Smart Reset),0,54,51.52440116731783,33.17483538580196,-18.349565781515867,0.0029414096270137884,14
Cont SA (Smart Reset),0,55,51.52440116731783,33.17483538580196,-18.349565781515867,0.0014707048135068942,14
Cont SA (Smart Reset),0,56,51.52440116731783,33.17483538580196,-18.349565781515867,0.0016177752948575838,14
Cont SA (Smart Reset),0,57,51.52440116731783,33.17483538580196,-18.349565781515867,0.001,14
Cont SA (Smart Reset),0,58,51.52440116731783,33.17483538580196,-18.349565781515867,0.0011,14
Cont SA (Smart Reset),0,59,51.74381994393363,33.17348881649894,-18.570331127434688,0.0012100000000000001,15
Cont SA (Smart Reset),0,60,51.74381994393363,33.17348881649894,-18.570331127434688,0.001,15
Cont SA (Smart Reset),0,61,51.74381994393363,33.17348881649894,-18.570331127434688,0.0011,15
Cont SA (Smart Reset),0,62,51.74381994393363,33.17348881649894,-18.570331127434688,0.0012100000000000001,15
Cont SA (Smart Reset),0,63,51.74381994393363,33.17348881649894,-18.570331127434688,0.001,15
Cont SA (Smart Reset),0,64,51.74381994393363,33.17348881649894,-18.570331127434688,0.0011,15
Cont SA (Smart Reset),0,65,51.74381994393363,33.17348881649894,-18.570331127434688,0.0012100000000000001,15
Cont SA (Smart Reset),0,66,51.74381994393363,33.17348881649894,-18.570331127434688,0.0013310000000000002,15
Cont SA (Smart Reset),0,67,51.74381994393363,33.17348881649894,-18.570331127434688,0.0014641000000000003,15
Cont SA (Smart Reset),0,68,51.74381994393363,33.17348881649894,-18.570331127434688,0.001,15
Cont SA (Smart Reset),0,69,51.74381994393363,33.17348881649894,-18.570331127434688,0.001,15
Cont SA (Smart Reset),0,70,51.74381994393363,33.17348881649894,-18.570331127434688,0.0011,15
Cont SA (Smart Reset),0,71,51.74381994393363,33.17348881649894,-18.570331127434688,0.0012100000000000001,15
Cont SA (Smart Reset),0,72,51.74381994393363,33.17348881649894,-18.570331127434688,0.0013310000000000002,15
Cont SA (Smart Reset),0,73,51.74381994393363,33.17348881649894,-18.570331127434688,0.0014641000000000003,15
Cont SA (Smart Reset),0,74,51.74381994393363,33.17348881649894,-18.570331127434688,0.0016105100000000005,15
Cont SA (Smart Reset),0,75,51.74381994393363,33.17348881649894,-18.570331127434688,0.001,15
Cont SA (Smart Reset),0,76,51.74381994393363,33.17348881649894,-18.570331127434688,0.0011,15
Cont SA (Smart Reset),0,77,51.74381994393363,33.17348881649894,-18.570331127434688,0.0012100000000000001,15
Cont SA (Smart Reset),0,78,51.74381994393363,33.17348881649894,-18.570331127434688,0.0013310000000000002,15
Cont SA (Smart Reset),0,79,51.74381994393363,33.17348881649894,-18.570331127434688,0.0014641000000000003,15
Cont SA (Smart Reset),0,80,51.74381994393363,33.17348881649894,-18.570331127434688,0.001,15
Cont SA (Smart Reset),0,81,51.74381994393363,33.17348881649894,-18.570331127434688,0.0011,15
Cont SA (Smart Reset),0,82,51.74381994393363,33.17348881649894,-18.570331127434688,0.0012100000000000001,15
Cont SA (Smart Reset),0,83,51.74381994393363,33.17348881649894,-18.570331127434688,0.0013310000000000002,15
Cont SA (Smart Reset),0,84,51.74381994393363,33.17348881649894,-18.570331127434688,0.001,15
Cont SA (Smart Reset),0,85,51.74381994393363,33.17348881649894,-18.570331127434688,0.001,15
Cont SA (Smart Reset),0,86,51.74381994393363,33.17348881649894,-18.570331127434688,0.0011,15
Cont SA (Smart Reset),0,87,51.74381994393363,33.17348881649894,-18.570331127434688,0.001,15
Cont SA (Smart Reset),0,88,51.74381994393363,33.17348881649894,-18.570331127434688,0.0011,15
Cont SA (Smart Reset),0,89,51.74381994393363,33.17348881649894,-18.570331127434688,0.0012100000000000001,15
Cont SA (Smart Reset),0,90,51.74381994393363,33.17348881649894,-18.570331127434688,0.0013310000000000002,15
Cont SA (Smart Reset),0,91,51.74381994393363,33.17348881649894,-18.570331127434688,0.0014641000000000003,15
Cont SA (Smart Reset),0,92,51.74381994393363,33.17348881649894,-18.570331127434688,0.0016105100000000005,15
Cont SA (Smart Reset),0,93,51.74381994393363,33.17348881649894,-18.570331127434688,0.0017715610000000007,15
Cont SA (Smart Reset),0,94,51.74381994393363,33.17348881649894,-18.570331127434688,0.0019487171000000009,15
Cont SA (Smart Reset),0,95,51.74381994393363,33.17348881649894,-18.570331127434688,0.002143588810000001,15
Cont SA (Smart Reset),0,96,51.74381994393363,33.17348881649894,-18.570331127434688,0.0023579476910000016,15
Cont SA (Smart Reset),0,97,51.74381994393363,33.17348881649894,-18.570331127434688,0.002593742460100002,15
Cont SA (Smart Reset),0,98,51.74381994393363,33.17348881649894,-18.570331127434688,0.0028531167061100022,15
Cont SA (Smart Reset),0,99,51.74381994393363,33.17348881649894,-18.570331127434688,0.0014265583530550011,15
Cont SA (Smart Reset),0,100,51.74381994393363,33.17348881649894,-18.570331127434688,0.0015692141883605014,15
Cont SA (Smart Reset),0,101,51.74381994393363,33.17348881649894,-18.570331127434688,0.001,15
Cont SA (Smart Reset),0,102,51.74381994393363,33.17348881649894,-18.570331127434688,0.0011,15
Cont SA (Smart Reset),0,103,51.74381994393363,33.17348881649894,-18.570331127434688,0.0012100000000000001,15
Cont SA (Smart Reset),0,104,51.74381994393363,33.17348881649894,-18.570331127434688,0.0013310000000000002,15
Cont SA (Smart Reset),0,105,51.74381994393363,33.17348881649894,-18.570331127434688,0.0014641000000000003,15
Cont SA (Smart Reset),0,106,51.74381994393363,33.17348881649894,-18.570331127434688,0.0016105100000000005,15
Cont SA (Smart Reset),0,107,51.74381994393363,33.17348881649894,-18.570331127434688,0.0017715610000000007,15
Cont SA (Smart Reset),0,108,51.74381994393363,33.17348881649894,-18.570331127434688,0.001,15
Cont SA (Smart Reset),0,109,51.74381994393363,33.17348881649894,-18.570331127434688,0.0011,15
Cont SA (Smart Reset),0,110,51.74381994393363,33.17348881649894,-18.570331127434688,0.0012100000000000001,15
Cont SA (Smart Reset),0,111,51.74381994393363,33.17348881649894,-18.570331127434688,0.0013310000000000002,15
Cont SA (Smart Reset),0,112,51.74381994393363,33.17348881649894,-18.570331127434688,0.0014641000000000003,15
Cont SA (Smart Reset),0,113,51.74381994393363,33.17348881649894,-18.570331127434688,0.0016105100000000005,15
Cont SA (Smart Reset),0,114,51.74381994393363,33.17348881649894,-18.570331127434688,0.0017715610000000007,15
Cont SA (Smart Reset),0,115,51.74381994393363,33.17348881649894,-18.570331127434688,0.0019487171000000009,15
Cont SA (Smart Reset),0,116,51.74381994393363,33.17348881649894,-18.570331127434688,0.002143588810000001,15
Cont SA (Smart Reset),0,117,51.74381994393363,33.17348881649894,-18.570331127434688,0.0023579476910000016,15
Cont SA (Smart Reset),0,118,51.74381994393363,33.17348881649894,-18.570331127434688,0.002593742460100002,15
Cont SA (Smart Reset),0,119,51.74381994393363,33.17348881649894,-18.570331127434688,0.0028531167061100022,15
Cont SA (Smart Reset),0,120,51.74381994393363,33.17348881649894,-18.570331127434688,0.003138428376721003,15
Cont SA (Smart Reset),0,121,51.74381994393363,33.17348881649894,-18.570331127434688,0.0015692141883605014,15
Cont SA (Smart Reset),0,122,51.74381994393363,33.17348881649894,-18.570331127434688,0.0017261356071965517,15
Cont SA (Smart Reset),0,123,51.74381994393363,33.17348881649894,-18.570331127434688,0.001898749167916207,15
Cont SA (Smart Reset),0,124,51.74381994393363,33.17348881649894,-18.570331127434688,0.002088624084707828,15
Cont SA (Smart Reset),0,125,51.74381994393363,33.17348881649894,-18.570331127434688,0.001044312042353914,15
Cont SA (Smart Reset),0,126,51.74381994393363,33.17348881649894,-18.570331127434688,0.0011487432465893054,15
Cont SA (Smart Reset),0,127,51.74381994393363,33.17348881649894,-18.570331127434688,0.001,15
Cont SA (Smart Reset),0,128,51.74381994393363,33.17348881649894,-18.570331127434688,0.0011,15
Cont SA (Smart Reset),0,129,51.74381994393363,33.17348881649894,-18.570331127434688,0.001,15
Cont SA (Smart Reset),0,130,51.74381994393363,33.17348881649894,-18.570331127434688,0.0011,15
Cont SA (Smart Reset),0,131,51.74381994393363,33.17348881649894,-18.570331127434688,0.0012100000000000001,15
Cont SA (Smart Reset),0,132,51.74381994393363,33.17348881649894,-18.570331127434688,0.0013310000000000002,15
Cont SA (Smart Reset),0,133,51.74381994393363,33.17348881649894,-18.570331127434688,0.0014641000000000003,15
Cont SA (Smart Reset),0,134,51.74381994393363,33.17348881649894,-18.570331127434688,0.0016105100000000005,15
Cont SA (Smart Reset),0,135,51.74381994393363,33.17348881649894,-18.570331127434688,0.001,15
Cont SA (Smart Reset),0,136,51.74381994393363,33.17348881649894,-18.570331127434688,0.0011,15
Cont SA (Smart Reset),0,137,51.74381994393363,33.17348881649894,-18.570331127434688,0.0012100000000000001,15
Cont SA (Smart Reset),0,138,51.74381994393363,33.17348881649894,-18.570331127434688,0.0013310000000000002,15
Cont SA (Smart Reset),0,139,51.74381994393363,33.17348881649894,-18.570331127434688,0.0014641000000000003,15
Cont SA (Smart Reset),0,140,51.74381994393363,33.17348881649894,-18.570331127434688,0.001,15
Cont SA (Smart Reset),0,141,51.74381994393363,33.17348881649894,-18.570331127434688,0.0011,15
Cont SA (Smart Reset),0,142,51.74381994393363,33.17348881649894,-18.570331127434688,0.0012100000000000001,15
Cont SA (Smart Reset),0,143,51.74381994393363,33.17348881649894,-18.570331127434688,0.0013310000000000002,15
Cont SA (Smart Reset),0,144,51.74381994393363,33.17348881649894,-18.570331127434688,0.0014641000000000003,15
Cont SA (Smart Reset),0,145,51.74381994393363,33.17348881649894,-18.570331127434688,0.0016105100000000005,15
Cont SA (Smart Reset),0,146,51.74381994393363,33.17348881649894,-18.570331127434688,0.0017715610000000007,15
Cont SA (Smart Reset),0,147,51.74381994393363,33.17348881649894,-18.570331127434688,0.0019487171000000009,15
Cont SA (Smart Reset),0,148,51.74381994393363,33.17348881649894,-18.570331127434688,0.001,15
Cont SA (Smart Reset),0,149,51.74381994393363,33.17348881649894,-18.570331127434688,0.0011,15
Cont SA (Smart Reset),0,150,51.74381994393363,33.17348881649894,-18.570331127434688,0.0012100000000000001,15
Cont SA (Smart Reset),1,1,53.70433785180954,33.717253309497345,-19.987084542312193,0.05,1
Cont SA (Smart Reset),1,2,53.70433785180954,33.717253309497345,-19.987084542312193,0.025,1
Cont SA (Smart Reset),1,3,53.70433785180954,33.717253309497345,-19.987084542312193,0.0125,1
Cont SA (Smart Reset),1,4,44.20396575746217,33.65390751526941,-10.550058242192762,0.00625,2
Cont SA (Smart Reset),1,5,44.20396575746217,33.65390751526941,-10.550058242192762,0.003125,2
Cont SA (Smart Reset),1,6,44.20396575746217,33.65390751526941,-10.550058242192762,0.0034375000000000005,2
Cont SA (Smart Reset),1,7,44.20396575746217,33.65390751526941,-10.550058242192762,0.0017187500000000002,2
Cont SA (Smart Reset),1,8,47.24967313522979,33.696919449098374,-13.552753686131416,0.001,3
Cont SA (Smart Reset),1,9,47.24967313522979,33.696919449098374,-13.552753686131416,0.0011,3
Cont SA (Smart Reset),1,10,47.24967313522979,33.696919449098374,-13.552753686131416,0.001,3
Cont SA (Smart Reset),1,11,47.24967313522979,33.696919449098374,-13.552753686131416,0.001,3
Cont SA (Smart Reset),1,12,47.24967313522979,33.696919449098374,-13.552753686131416,0.0011,3
Cont SA (Smart Reset),1,13,47.24967313522979,33.696919449098374,-13.552753686131416,0.001,3
Cont SA (Smart Reset),1,14,47.24967313522979,33.696919449098374,-13.552753686131416,0.001,3
Cont SA (Smart Reset),1,15,47.24967313522979,33.696919449098374,-13.552753686131416,0.001,3
Cont SA (Smart Reset),1,16,47.24967313522979,33.696919449098374,-13.552753686131416,0.001,3
Cont SA (Smart Reset),1,17,46.94127507172324,33.68315013766166,-13.258124934061575,0.001,4
Cont SA (Smart Reset),1,18,46.28981754236195,33.74914466975022,-12.540672872611728,0.0011,5
Cont SA (Smart Reset),1,19,46.28981754236195,33.74914466975022,-12.540672872611728,0.0012100000000000001,5
Cont SA (Smart Reset),1,20,46.28981754236195,33.74914466975022,-12.540672872611728,0.001,5
Cont SA (Smart Reset),1,21,46.28981754236195,33.74914466975022,-12.540672872611728,0.001,5
Cont SA (Smart Reset),1,22,46.28981754236195,33.74914466975022,-12.540672872611728,0.001,5
Cont SA (Smart Reset),1,23,46.28981754236195,33.74914466975022,-12.540672872611728,0.0011,5
Cont SA (Smart Reset),1,24,46.28981754236195,33.74914466975022,-12.540672872611728,0.0012100000000000001,5
Cont SA (Smart Reset),1,25,46.28981754236195,33.74914466975022,-12.540672872611728,0.001,5
Cont SA (Smart Reset),1,26,46.28981754236195,33.74914466975022,-12.540672872611728,0.0011,5
Cont SA (Smart Reset),1,27,46.28981754236195,33.74914466975022,-12.540672872611728,0.001,5
Cont SA (Smart Reset),1,28,46.28981754236195,33.74914466975022,-12.540672872611728,0.0011,5
Cont SA (Smart Reset),1,29,46.310394416285256,33.735686996932884,-12.57470741935237,0.001,6
Cont SA (Smart Reset),1,30,46.310394416285256,33.735686996932884,-12.57470741935237,0.001,6
Cont SA (Smart Reset),1,31,46.310394416285256,33.735686996932884,-12.57470741935237,0.0011,6
Cont SA (Smart Reset),1,32,46.310394416285256,33.735686996932884,-12.57470741935237,0.001,6
Cont SA (Smart Reset),1,33,46.310394416285256,33.735686996932884,-12.57470741935237,0.001,6
Cont SA (Smart Reset),1,34,46.310394416285256,33.735686996932884,-12.57470741935237,0.001,6
Cont SA (Smart Reset),1,35,46.310394416285256,33.735686996932884,-12.57470741935237,0.001,6
Cont SA (Smart Reset),1,36,46.310394416285256,33.735686996932884,-12.57470741935237,0.0011,6
Cont SA (Smart Reset),1,37,46.310394416285256,33.735686996932884,-12.57470741935237,0.001,6
Cont SA (Smart Reset),1,38,46.39771352866333,33.71095878346415,-12.686754745199183,0.001,7
Cont SA (Smart Reset),1,39,46.39771352866333,33.71095878346415,-12.686754745199183,0.0011,7
Cont SA (Smart Reset),1,40,46.39771352866333,33.71095878346415,-12.686754745199183,0.001,7
Cont SA (Smart Reset),1,41,46.39771352866333,33.71095878346415,-12.686754745199183,0.001,7
Cont SA (Smart Reset),1,42,46.39771352866333,33.71095878346415,-12.686754745199183,0.0011,7
Cont SA (Smart Reset),1,43,46.39771352866333,33.71095878346415,-12.686754745199183,0.001,7
Cont SA (Smart Reset),1,44,46.39771352866333,33.71095878346415,-12.686754745199183,0.0011,7
Cont SA (Smart Reset),1,45,46.39771352866333,33.71095878346415,-12.686754745199183,0.001,7
Cont SA (Smart Reset),1,46,46.39771352866333,33.71095878346415,-12.686754745199183,0.0011,7
Cont SA (Smart Reset),1,47,46.39771352866333,33.71095878346415,-12.686754745199183,0.001,7
Cont SA (Smart Reset),1,48,46.39771352866333,33.71095878346415,-12.686754745199183,0.0011,7
Cont SA (Smart Reset),1,49,46.39771352866333,33.71095878346415,-12.686754745199183,0.0012100000000000001,7
Cont SA (Smart Reset),1,50,48.23455709642335,33.69817634364365,-14.536380752779698,0.0013310000000000002,8
Cont SA (Smart Reset),1,51,48.23455709642335,33.69817634364365,-14.536380752779698,0.0014641000000000003,8
Cont SA (Smart Reset),1,52,48.23455709642335,33.69817634364365,-14.536380752779698,0.001,8
Cont SA (Smart Reset),1,53,48.23455709642335,33.69817634364365,-14.536380752779698,0.0011,8
Cont SA (Smart Reset),1,54,48.23455709642335,33.69817634364365,-14.536380752779698,0.001,8
Cont SA (Smart Reset),1,55,48.23455709642335,33.69817634364365,-14.536380752779698,0.001,8
Cont SA (Smart Reset),1,56,48.238550960719536,33.67512442457709,-14.563426536142444,0.001,9
Cont SA (Smart Reset),1,57,48.238550960719536,33.67512442457709,-14.563426536142444,0.0011,9
Cont SA (Smart Reset),1,58,48.238550960719536,33.67512442457709,-14.563426536142444,0.0012100000000000001,9
Cont SA (Smart Reset),1,59,48.238550960719536,33.67512442457709,-14.563426536142444,0.0013310000000000002,9
Cont SA (Smart Reset),1,60,48.238550960719536,33.67512442457709,-14.563426536142444,0.001,9
Cont SA (Smart Reset),1,61,48.238550960719536,33.67512442457709,-14.563426536142444,0.001,9
Cont SA (Smart Reset),1,62,48.849391855024216,33.718762807023296,-15.130629048000918,0.001,10
Cont SA (Smart Reset),1,63,48.849391855024216,33.718762807023296,-15.130629048000918,0.0011,10
Cont SA (Smart Reset),1,64,48.849391855024216,33.718762807023296,-15.130629048000918,0.001,10
Cont SA (Smart Reset),1,65,48.849391855024216,33.718762807023296,-15.130629048000918,0.001,10
Cont SA (Smart Reset),1,66,48.849391855024216,33.718762807023296,-15.130629048000918,0.001,10
Cont SA (Smart Reset),1,67,48.849391855024216,33.718762807023296,-15.130629048000918,0.001,10
Cont SA (Smart Reset),1,68,48.849391855024216,33.718762807023296,-15.130629048000918,0.0011,10
Cont SA (Smart Reset),1,69,48.849391855024216,33.718762807023296,-15.130629048000918,0.001,10
Cont SA (Smart Reset),1,70,48.849391855024216,33.718762807023296,-15.130629048000918,0.001,10
Cont SA (Smart Reset),1,71,48.849391855024216,33.718762807023296,-15.130629048000918,0.0011,10
Cont SA (Smart Reset),1,72,49.12828096698574,33.71646426911969,-15.411816697866051,0.0012100000000000001,11
Cont SA (Smart Reset),1,73,49.12828096698574,33.71646426911969,-15.411816697866051,0.0013310000000000002,11
Cont SA (Smart Reset),1,74,49.12828096698574,33.71646426911969,-15.411816697866051,0.001,11
Cont SA (Smart Reset),1,75,49.12828096698574,33.71646426911969,-15.411816697866051,0.001,11
Cont SA (Smart Reset),1,76,49.12828096698574,33.71646426911969,-15.411816697866051,0.0011,11
Cont SA (Smart Reset),1,77,49.12828096698574,33.71646426911969,-15.411816697866051,0.001,11
Cont SA (Smart Reset),1,78,49.12828096698574,33.71646426911969,-15.411816697866051,0.001,11
Cont SA (Smart Reset),1,79,49.12828096698574,33.71646426911969,-15.411816697866051,0.001,11
Cont SA (Smart Reset),1,80,49.12828096698574,33.71646426911969,-15.411816697866051,0.001,11
Cont SA (Smart Reset),1,81,49.12828096698574,33.71646426911969,-15.411816697866051,0.0011,11
Cont SA (Smart Reset),1,82,49.12828096698574,33.71646426911969,-15.411816697866051,0.001,11
Cont SA (Smart Reset),1,83,49.12828096698574,33.71646426911969,-15.411816697866051,0.001,11
Cont SA (Smart Reset),1,84,49.12828096698574,33.71646426911969,-15.411816697866051,0.001,11
Cont SA (Smart Reset),1,85,49.12828096698574,33.71646426911969,-15.411816697866051,0.0011,11
Cont SA (Smart Reset),1,86,49.12828096698574,33.71646426911969,-15.411816697866051,0.001,11
Cont SA (Smart Reset),1,87,49.12828096698574,33.71646426911969,-15.411816697866051,0.001,11
Cont SA (Smart Reset),1,88,49.12828096698574,33.71646426911969,-15.411816697866051,0.001,11
Cont SA (Smart Reset),1,89,49.12828096698574,33.71646426911969,-15.411816697866051,0.001,11
Cont SA (Smart Reset),1,90,49.12828096698574,33.71646426911969,-15.411816697866051,0.001,11
Cont SA (Smart Reset),1,91,49.12828096698574,33.71646426911969,-15.411816697866051,0.0011,11
Cont SA (Smart Reset),1,92,49.12828096698574,33.71646426911969,-15.411816697866051,0.0012100000000000001,11
Cont SA (Smart Reset),1,93,49.12828096698574,33.71646426911969,-15.411816697866051,0.001,11
Cont SA (Smart Reset),1,94,49.12828096698574,33.71646426911969,-15.411816697866051,0.001,11
Cont SA (Smart Reset),1,95,49.12828096698574,33.71646426911969,-15.411816697866051,0.001,11
Cont SA (Smart Reset),1,96,49.12828096698574,33.71646426911969,-15.411816697866051,0.001,11
Cont SA (Smart Reset),1,97,49.12828096698574,33.71646426911969,-15.411816697866051,0.0011,11
Cont SA (Smart Reset),1,98,49.12828096698574,33.71646426911969,-15.411816697866051,0.001,11
Cont SA (Smart Reset),1,99,49.12828096698574,33.71646426911969,-15.411816697866051,0.001,11
Cont SA (Smart Reset),1,100,49.12828096698574,33.71646426911969,-15.411816697866051,0.001,11
Cont SA (Smart Reset),1,101,49.12828096698574,33.71646426911969,-15.411816697866051,0.0011,11
Cont SA (Smart Reset),1,102,49.12828096698574,33.71646426911969,-15.411816697866051,0.001,11
Cont SA (Smart Reset),1,103,49.12828096698574,33.71646426911969,-15.411816697866051,0.0011,11
Cont SA (Smart Reset),1,104,49.12828096698574,33.71646426911969,-15.411816697866051,0.001,11
Cont SA (Smart Reset),1,105,49.12828096698574,33.71646426911969,-15.411816697866051,0.001,11
Cont SA (Smart Reset),1,106,49.12828096698574,33.71646426911969,-15.411816697866051,0.0011,11
Cont SA (Smart Reset),1,107,49.12828096698574,33.71646426911969,-15.411816697866051,0.001,11
Cont SA (Smart Reset),1,108,49.12828096698574,33.71646426911969,-15.411816697866051,0.001,11
Cont SA (Smart Reset),1,109,49.12828096698574,33.71646426911969,-15.411816697866051,0.0011,11
Cont SA (Smart Reset),1,110,49.12828096698574,33.71646426911969,-15.411816697866051,0.001,11
Cont SA (Smart Reset),1,111,49.12828096698574,33.71646426911969,-15.411816697866051,0.001,11
Cont SA (Smart Reset),1,112,49.12828096698574,33.71646426911969,-15.411816697866051,0.001,11
Cont SA (Smart Reset),1,113,49.12828096698574,33.71646426911969,-15.411816697866051,0.001,11
Cont SA (Smart Reset),1,114,49.12828096698574,33.71646426911969,-15.411816697866051,0.0011,11
Cont SA (Smart Reset),1,115,49.12828096698574,33.71646426911969,-15.411816697866051,0.001,11
Cont SA (Smart Reset),1,116,49.12828096698574,33.71646426911969,-15.411816697866051,0.001,11
Cont SA (Smart Reset),1,117,49.12828096698574,33.71646426911969,-15.411816697866051,0.001,11
Cont SA (Smart Reset),1,118,49.12828096698574,33.71646426911969,-15.411816697866051,0.001,11
Cont SA (Smart Reset),1,119,49.12828096698574,33.71646426911969,-15.411816697866051,0.001,11
Cont SA (Smart Reset),1,120,49.12828096698574,33.71646426911969,-15.411816697866051,0.0011,11
Cont SA (Smart Reset),1,121,49.12828096698574,33.71646426911969,-15.411816697866051,0.001,11
Cont SA (Smart Reset),1,122,49.12828096698574,33.71646426911969,-15.411816697866051,0.001,11
Cont SA (Smart Reset),1,123,49.12828096698574,33.71646426911969,-15.411816697866051,0.001,11
Cont SA (Smart Reset),1,124,49.12828096698574,33.71646426911969,-15.411816697866051,0.001,11
Cont SA (Smart Reset),1,125,49.12828096698574,33.71646426911969,-15.411816697866051,0.0011,11
Cont SA (Smart Reset),1,126,49.12828096698574,33.71646426911969,-15.411816697866051,0.001,11
Cont SA (Smart Reset),1,127,49.12828096698574,33.71646426911969,-15.411816697866051,0.0011,11
Cont SA (Smart Reset),1,128,49.12828096698574,33.71646426911969,-15.411816697866051,0.0012100000000000001,11
Cont SA (Smart Reset),1,129,49.12828096698574,33.71646426911969,-15.411816697866051,0.0013310000000000002,11
Cont SA (Smart Reset),1,130,49.12828096698574,33.71646426911969,-15.411816697866051,0.001,11
Cont SA (Smart Reset),1,131,49.12828096698574,33.71646426911969,-15.411816697866051,0.001,11
Cont SA (Smart Reset),1,132,49.12828096698574,33.71646426911969,-15.411816697866051,0.0011,11
Cont SA (Smart Reset),1,133,49.12828096698574,33.71646426911969,-15.411816697866051,0.001,11
Cont SA (Smart Reset),1,134,49.12828096698574,33.71646426911969,-15.411816697866051,0.001,11
Cont SA (Smart Reset),1,135,49.12828096698574,33.71646426911969,-15.411816697866051,0.001,11
Cont SA (Smart Reset),1,136,49.12828096698574,33.71646426911969,-15.411816697866051,0.001,11
Cont SA (Smart Reset),1,137,49.12828096698574,33.71646426911969,-15.411816697866051,0.0011,11
Cont SA (Smart Reset),1,138,49.12828096698574,33.71646426911969,-15.411816697866051,0.001,11
Cont SA (Smart Reset),1,139,49.12828096698574,33.71646426911969,-15.411816697866051,0.001,11
Cont SA (Smart Reset),1,140,49.12828096698574,33.71646426911969,-15.411816697866051,0.001,11
Cont SA (Smart Reset),1,141,49.12828096698574,33.71646426911969,-15.411816697866051,0.001,11
Cont SA (Smart Reset),1,142,49.12828096698574,33.71646426911969,-15.411816697866051,0.001,11
Cont SA (Smart Reset),1,143,49.12828096698574,33.71646426911969,-15.411816697866051,0.001,11
Cont SA (Smart Reset),1,144,49.12828096698574,33.71646426911969,-15.411816697866051,0.001,11
Cont SA (Smart Reset),1,145,49.12828096698574,33.71646426911969,-15.411816697866051,0.001,11
Cont SA (Smart Reset),1,146,49.12828096698574,33.71646426911969,-15.411816697866051,0.0011,11
Cont SA (Smart Reset),1,147,49.12828096698574,33.71646426911969,-15.411816697866051,0.001,11
Cont SA (Smart Reset),1,148,49.12828096698574,33.71646426911969,-15.411816697866051,0.001,11
Cont SA (Smart Reset),1,149,49.12828096698574,33.71646426911969,-15.411816697866051,0.0011,11
Cont SA (Smart Reset),1,150,49.12828096698574,33.71646426911969,-15.411816697866051,0.001,11
Cont SA (Smart Reset),2,1,35.181064765476776,32.96877961394983,-2.2122851515269506,0.05,1
Cont SA (Smart Reset),2,2,35.181064765476776,32.96877961394983,-2.2122851515269506,0.025,1
Cont SA (Smart Reset),2,3,35.181064765476776,32.96877961394983,-2.2122851515269506,0.027500000000000004,1
Cont SA (Smart Reset),2,4,33.599672576475115,32.78052257837197,-0.8191499981031461,0.030250000000000006,2
Cont SA (Smart Reset),2,5,31.20605677408537,32.39863657499245,1.192579800907082,0.033275000000000006,3
Cont SA (Smart Reset),2,6,31.20605677408537,32.39863657499245,1.192579800907082,0.03660250000000001,3
Cont SA (Smart Reset),2,7,33.039732840159274,32.35256761795153,-0.6871652222077446,0.018301250000000005,4
Cont SA (Smart Reset),2,8,26.25119510346399,31.762852388836464,5.511657285372476,0.009150625000000003,5
Cont SA (Smart Reset),2,9,27.94120203978101,30.640272188309655,2.699070148528645,0.004575312500000001,6
Cont SA (Smart Reset),2,10,25.2115441753872,30.301564363978557,5.090020188591358,0.0022876562500000006,7
Cont SA (Smart Reset),2,11,27.932468617641447,28.23077091970304,0.29830230206159164,0.002516421875000001,8
Cont SA (Smart Reset),2,12,26.517086996686807,28.14568517405511,1.6285981773683027,0.0012582109375000004,9
Cont SA (Smart Reset),2,13,25.73003144747393,27.761885783128612,2.0318543356546805,0.0013840320312500005,10
Cont SA (Smart Reset),2,14,25.03260920166168,25.140692780249687,0.1080835785880095,0.001,11
Cont SA (Smart Reset),2,15,24.765828534410463,24.870274480535922,0.10444594612545899,0.001,12
Cont SA (Smart Reset),2,16,23.808148758056966,25.31744320019708,1.5092944421401142,0.0011,13
Cont SA (Smart Reset),2,17,24.046049130505533,25.515874267548675,1.4698251370431425,0.0012100000000000001,14
Cont SA (Smart Reset),2,18,25.226100883987634,26.059940451549735,0.8338395675621028,0.0013310000000000002,15
Cont SA (Smart Reset),2,19,25.5689032481521,26.324795294531032,0.7558920463789317,0.0014641000000000003,16
Cont SA (Smart Reset),2,20,25.5689032481521,26.324795294531032,0.7558920463789317,0.0016105100000000005,16
Cont SA (Smart Reset),2,21,24.375776778403466,26.37967531251507,2.003898534111603,0.0017715610000000007,17
Cont SA (Smart Reset),2,22,24.375776778403466,26.37967531251507,2.003898534111603,0.0019487171000000009,17
Cont SA (Smart Reset),2,23,26.305253836755615,25.65464910863243,-0.6506047281231854,0.001,18
Cont SA (Smart Reset),2,24,26.476090513370156,24.797493083255464,-1.6785974301146906,0.001,19
Cont SA (Smart Reset),2,25,26.75849091671822,24.864618357848446,-1.8938725588697747,0.0011,20
Cont SA (Smart Reset),2,26,28.474987469839903,25.46191641940854,-3.013071050431364,0.0012100000000000001,21
Cont SA (Smart Reset),2,27,28.671263047664244,25.477403318419682,-3.19385972924456,0.0013310000000000002,22
Cont SA (Smart Reset),2,28,29.376239301655453,25.771874256251458,-3.604365045403995,0.0014641000000000003,23
Cont SA (Smart Reset),2,29,29.73773095534794,25.670939666280994,-4.066791289066944,0.0016105100000000005,24
Cont SA (Smart Reset),2,30,29.73773095534794,25.670939666280994,-4.066791289066944,0.0017715610000000007,24
Cont SA (Smart Reset),2,31,29.73773095534794,25.670939666280994,-4.066791289066944,0.0019487171000000009,24
Cont SA (Smart Reset),2,32,30.277440721615946,25.64275116845213,-4.634689553163816,0.002143588810000001,25
Cont SA (Smart Reset),2,33,29.86043217486126,26.15275269533921,-3.707679479522051,0.0023579476910000016,26
Cont SA (Smart Reset),2,34,29.86043217486126,26.15275269533921,-3.707679479522051,0.002593742460100002,26
Cont SA (Smart Reset),2,35,29.054594121970116,25.180915137884107,-3.873678984086009,0.001296871230050001,27
Cont SA (Smart Reset),2,36,29.308114596016953,25.456477259785043,-3.8516373362319087,0.0014265583530550011,28
Cont SA (Smart Reset),2,37,29.95961331792139,25.43851084404512,-4.521102473876273,0.0015692141883605014,29
Cont SA (Smart Reset),2,38,29.835960615211647,25.5892318141835,-4.246728801028149,0.001,30
Cont SA (Smart Reset),2,39,30.627839329636963,25.032177007035106,-5.595662322601856,0.0011,31
Cont SA (Smart Reset),2,40,30.627839329636963,25.032177007035106,-5.595662322601856,0.0012100000000000001,31
Cont SA (Smart Reset),2,41,30.627839329636963,25.032177007035106,-5.595662322601856,0.0013310000000000002,31
Cont SA (Smart Reset),2,42,30.504708730856812,25.391679786039752,-5.113028944817061,0.0014641000000000003,32
Cont SA (Smart Reset),2,43,30.504708730856812,25.391679786039752,-5.113028944817061,0.0016105100000000005,32
Cont SA (Smart Reset),2,44,30.504708730856812,25.391679786039752,-5.113028944817061,0.0017715610000000007,32
Cont SA (Smart Reset),2,45,30.504708730856812,25.391679786039752,-5.113028944817061,0.001,32
Cont SA (Smart Reset),2,46,30.504708730856812,25.391679786039752,-5.113028944817061,0.001,32
Cont SA (Smart Reset),2,47,30.504708730856812,25.391679786039752,-5.113028944817061,0.001,32
Cont SA (Smart Reset),2,48,30.504708730856812,25.391679786039752,-5.113028944817061,0.001,32
Cont SA (Smart Reset),2,49,30.777515004044737,25.288303712672825,-5.489211291371912,0.001,33
Cont SA (Smart Reset),2,50,30.777515004044737,25.288303712672825,-5.489211291371912,0.0011,33
Cont SA (Smart Reset),2,51,30.777515004044737,25.288303712672825,-5.489211291371912,0.0012100000000000001,33
Cont SA (Smart Reset),2,52,30.777515004044737,25.288303712672825,-5.489211291371912,0.0013310000000000002,33
Cont SA (Smart Reset),2,53,30.777515004044737,25.288303712672825,-5.489211291371912,0.001,33
Cont SA (Smart Reset),2,54,30.777515004044737,25.288303712672825,-5.489211291371912,0.001,33
Cont SA (Smart Reset),2,55,30.777515004044737,25.288303712672825,-5.489211291371912,0.001,33
Cont SA (Smart Reset),2,56,30.777515004044737,25.288303712672825,-5.489211291371912,0.001,33
Cont SA (Smart Reset),2,57,30.777515004044737,25.288303712672825,-5.489211291371912,0.001,33
Cont SA (Smart Reset),2,58,30.777515004044737,25.288303712672825,-5.489211291371912,0.001,33
Cont SA (Smart Reset),2,59,30.777515004044737,25.288303712672825,-5.489211291371912,0.001,33
Cont SA (Smart Reset),2,60,30.777515004044737,25.288303712672825,-5.489211291371912,0.0011,33
Cont SA (Smart Reset),2,61,30.777515004044737,25.288303712672825,-5.489211291371912,0.001,33
Cont SA (Smart Reset),2,62,30.777515004044737,25.288303712672825,-5.489211291371912,0.001,33
Cont SA (Smart Reset),2,63,30.777515004044737,25.288303712672825,-5.489211291371912,0.001,33
Cont SA (Smart Reset),2,64,30.777515004044737,25.288303712672825,-5.489211291371912,0.0011,33
Cont SA (Smart Reset),2,65,30.777515004044737,25.288303712672825,-5.489211291371912,0.0012100000000000001,33
Cont SA (Smart Reset),2,66,30.777515004044737,25.288303712672825,-5.489211291371912,0.0013310000000000002,33
Cont SA (Smart Reset),2,67,30.777515004044737,25.288303712672825,-5.489211291371912,0.0014641000000000003,33
Cont SA (Smart Reset),2,68,30.777515004044737,25.288303712672825,-5.489211291371912,0.001,33
Cont SA (Smart Reset),2,69,30.777515004044737,25.288303712672825,-5.489211291371912,0.001,33
Cont SA (Smart Reset),2,70,30.777515004044737,25.288303712672825,-5.489211291371912,0.0011,33
Cont SA (Smart Reset),2,71,30.777515004044737,25.288303712672825,-5.489211291371912,0.0012100000000000001,33
Cont SA (Smart Reset),2,72,30.777515004044737,25.288303712672825,-5.489211291371912,0.001,33
Cont SA (Smart Reset),2,73,30.777515004044737,25.288303712672825,-5.489211291371912,0.0011,33
Cont SA (Smart Reset),2,74,30.777515004044737,25.288303712672825,-5.489211291371912,0.001,33
Cont SA (Smart Reset),2,75,30.777515004044737,25.288303712672825,-5.489211291371912,0.0011,33
Cont SA (Smart Reset),2,76,30.777515004044737,25.288303712672825,-5.489211291371912,0.001,33
Cont SA (Smart Reset),2,77,30.777515004044737,25.288303712672825,-5.489211291371912,0.0011,33
Cont SA (Smart Reset),2,78,30.777515004044737,25.288303712672825,-5.489211291371912,0.0012100000000000001,33
Cont SA (Smart Reset),2,79,30.855836258178606,25.011568801214203,-5.844267456964403,0.001,34
Cont SA (Smart Reset),2,80,31.035609279637566,25.061190317395123,-5.974418962242441,0.0011,35
Cont SA (Smart Reset),2,81,31.035609279637566,25.061190317395123,-5.974418962242441,0.0012100000000000001,35
Cont SA (Smart Reset),2,82,31.035609279637566,25.061190317395123,-5.974418962242441,0.001,35
Cont SA (Smart Reset),2,83,31.035609279637566,25.061190317395123,-5.974418962242441,0.001,35
Cont SA (Smart Reset),2,84,31.035609279637566,25.061190317395123,-5.974418962242441,0.001,35
Cont SA (Smart Reset),2,85,31.288823373828016,25.035778315790353,-6.253045058037665,0.001,36
Cont SA (Smart Reset),2,86,31.680980956557242,25.33245896068193,-6.348521995875314,0.0011,37
Cont SA (Smart Reset),2,87,31.680980956557242,25.33245896068193,-6.348521995875314,0.001,37
Cont SA (Smart Reset),2,88,31.680980956557242,25.33245896068193,-6.348521995875314,0.0011,37
Cont SA (Smart Reset),2,89,31.680980956557242,25.33245896068193,-6.348521995875314,0.0012100000000000001,37
Cont SA (Smart Reset),2,90,31.84894174246678,25.356181471309522,-6.492760271157258,0.0013310000000000002,38
Cont SA (Smart Reset),2,91,31.84894174246678,25.356181471309522,-6.492760271157258,0.0014641000000000003,38
Cont SA (Smart Reset),2,92,31.91074721458073,25.153706531060976,-6.757040683519754,0.001,39
Cont SA (Smart Reset),2,93,31.91074721458073,25.153706531060976,-6.757040683519754,0.0011,39
Cont SA (Smart Reset),2,94,31.91074721458073,25.153706531060976,-6.757040683519754,0.0012100000000000001,39
Cont SA (Smart Reset),2,95,31.91074721458073,25.153706531060976,-6.757040683519754,0.001,39
Cont SA (Smart Reset),2,96,31.91074721458073,25.153706531060976,-6.757040683519754,0.001,39
Cont SA (Smart Reset),2,97,31.91074721458073,25.153706531060976,-6.757040683519754,0.0011,39
Cont SA (Smart Reset),2,98,31.91074721458073,25.153706531060976,-6.757040683519754,0.0012100000000000001,39
Cont SA (Smart Reset),2,99,31.91074721458073,25.153706531060976,-6.757040683519754,0.001,39
Cont SA (Smart Reset),2,100,31.91074721458073,25.153706531060976,-6.757040683519754,0.0011,39
Cont SA (Smart Reset),2,101,32.071660022299,25.5218659862622,-6.549794036036797,0.0012100000000000001,40
Cont SA (Smart Reset),2,102,32.21479729795062,25.419979491828755,-6.79481780612186,0.001,41
Cont SA (Smart Reset),2,103,32.21479729795062,25.419979491828755,-6.79481780612186,0.0011,41
Cont SA (Smart Reset),2,104,32.819726283781335,25.4972222691436,-7.322504014637739,0.001,42
Cont SA (Smart Reset),2,105,32.819726283781335,25.4972222691436,-7.322504014637739,0.0011,42
Cont SA (Smart Reset),2,106,32.819726283781335,25.4972222691436,-7.322504014637739,0.001,42
Cont SA (Smart Reset),2,107,32.819726283781335,25.4972222691436,-7.322504014637739,0.001,42
Cont SA (Smart Reset),2,108,32.819726283781335,25.4972222691436,-7.322504014637739,0.001,42
Cont SA (Smart Reset),2,109,32.819726283781335,25.4972222691436,-7.322504014637739,0.001,42
Cont SA (Smart Reset),2,110,32.819726283781335,25.4972222691436,-7.322504014637739,0.0011,42
Cont SA (Smart Reset),2,111,32.819726283781335,25.4972222691436,-7.322504014637739,0.001,42
Cont SA (Smart Reset),2,112,32.819726283781335,25.4972222691436,-7.322504014637739,0.0011,42
Cont SA (Smart Reset),2,113,32.819726283781335,25.4972222691436,-7.322504014637739,0.001,42
Cont SA (Smart Reset),2,114,32.819726283781335,25.4972222691436,-7.322504014637739,0.0011,42
Cont SA (Smart Reset),2,115,32.819726283781335,25.4972222691436,-7.322504014637739,0.0012100000000000001,42
Cont SA (Smart Reset),2,116,32.819726283781335,25.4972222691436,-7.322504014637739,0.001,42
Cont SA (Smart Reset),2,117,32.819726283781335,25.4972222691436,-7.322504014637739,0.0011,42
Cont SA (Smart Reset),2,118,32.819726283781335,25.4972222691436,-7.322504014637739,0.001,42
Cont SA (Smart Reset),2,119,32.819726283781335,25.4972222691436,-7.322504014637739,0.0011,42
Cont SA (Smart Reset),2,120,32.819726283781335,25.4972222691436,-7.322504014637739,0.001,42
Cont SA (Smart Reset),2,121,32.819726283781335,25.4972222691436,-7.322504014637739,0.001,42
Cont SA (Smart Reset),2,122,32.819726283781335,25.4972222691436,-7.322504014637739,0.001,42
Cont SA (Smart Reset),2,123,32.819726283781335,25.4972222691436,-7.322504014637739,0.0011,42
Cont SA (Smart Reset),2,124,32.819726283781335,25.4972222691436,-7.322504014637739,0.0012100000000000001,42
Cont SA (Smart Reset),2,125,32.819726283781335,25.4972222691436,-7.322504014637739,0.001,42
Cont SA (Smart Reset),2,126,32.819726283781335,25.4972222691436,-7.322504014637739,0.001,42
Cont SA (Smart Reset),2,127,32.819726283781335,25.4972222691436,-7.322504014637739,0.001,42
Cont SA (Smart Reset),2,128,32.819726283781335,25.4972222691436,-7.322504014637739,0.0011,42
Cont SA (Smart Reset),2,129,32.819726283781335,25.4972222691436,-7.322504014637739,0.0012100000000000001,42
Cont SA (Smart Reset),2,130,32.819726283781335,25.4972222691436,-7.322504014637739,0.0013310000000000002,42
Cont SA (Smart Reset),2,131,32.819726283781335,25.4972222691436,-7.322504014637739,0.0014641000000000003,42
Cont SA (Smart Reset),2,132,32.819726283781335,25.4972222691436,-7.322504014637739,0.0016105100000000005,42
Cont SA (Smart Reset),2,133,32.819726283781335,25.4972222691436,-7.322504014637739,0.0017715610000000007,42
Cont SA (Smart Reset),2,134,36.866531503224174,25.93890026413161,-10.927631239092563,0.0019487171000000009,43
Cont SA (Smart Reset),2,135,36.866531503224174,25.93890026413161,-10.927631239092563,0.002143588810000001,43
Cont SA (Smart Reset),2,136,36.866531503224174,25.93890026413161,-10.927631239092563,0.0010717944050000006,43
Cont SA (Smart Reset),2,137,37.45631618356592,25.590673969102564,-11.865642214463355,0.001,44
Cont SA (Smart Reset),2,138,37.45631618356592,25.590673969102564,-11.865642214463355,0.0011,44
Cont SA (Smart Reset),2,139,37.45631618356592,25.590673969102564,-11.865642214463355,0.001,44
Cont SA (Smart Reset),2,140,37.45631618356592,25.590673969102564,-11.865642214463355,0.001,44
Cont SA (Smart Reset),2,141,40.233816319796674,25.942962048224878,-14.290854271571797,0.001,45
Cont SA (Smart Reset),2,142,40.233816319796674,25.942962048224878,-14.290854271571797,0.001,45
Cont SA (Smart Reset),2,143,40.233816319796674,25.942962048224878,-14.290854271571797,0.001,45
Cont SA (Smart Reset),2,144,40.233816319796674,25.942962048224878,-14.290854271571797,0.001,45
Cont SA (Smart Reset),2,145,40.233816319796674,25.942962048224878,-14.290854271571797,0.001,45
Cont SA (Smart Reset),2,146,40.233816319796674,25.942962048224878,-14.290854271571797,0.001,45
Cont SA (Smart Reset),2,147,40.233816319796674,25.942962048224878,-14.290854271571797,0.001,45
Cont SA (Smart Reset),2,148,40.233816319796674,25.942962048224878,-14.290854271571797,0.0011,45
Cont SA (Smart Reset),2,149,40.233816319796674,25.942962048224878,-14.290854271571797,0.001,45
Cont SA (Smart Reset),2,150,40.233816319796674,25.942962048224878,-14.290854271571797,0.0011,45
Cont SA (Smart Reset),3,1,38.5841214981745,33.15404877852255,-5.430072719651947,0.05,1
Cont SA (Smart Reset),3,2,39.54745688894767,33.04989139657721,-6.4975654923704615,0.025,2
Cont SA (Smart Reset),3,3,34.424029568679195,33.20724141449641,-1.2167881541827896,0.027500000000000004,3
Cont SA (Smart Reset),3,4,36.22395281044099,33.018112811639284,-3.2058399988017094,0.013750000000000002,4
Cont SA (Smart Reset),3,5,34.04434750580052,32.99763769038507,-1.0467098154154566,0.015125000000000003,5
Cont SA (Smart Reset),3,6,31.92125073511213,32.748400969398844,0.8271502342867126,0.0075625000000000015,6
Cont SA (Smart Reset),3,7,26.39534773991976,32.47255090794231,6.077203168022554,0.0037812500000000008,7
Cont SA (Smart Reset),3,8,26.174994820089534,32.262157949018174,6.087163128928641,0.0018906250000000004,8
Cont SA (Smart Reset),3,9,26.327192571403177,31.983057546899545,5.655864975496367,0.001,9
Cont SA (Smart Reset),3,10,26.506816549920416,31.942224627630814,5.435408077710399,0.0011,10
Cont SA (Smart Reset),3,11,28.28490482391064,32.176985404417515,3.892080580506873,0.0012100000000000001,11
Cont SA (Smart Reset),3,12,24.913149703917373,31.80979876030237,6.896649056384998,0.0013310000000000002,12
Cont SA (Smart Reset),3,13,24.772621648222216,31.709829910291557,6.93720826206934,0.0014641000000000003,13
Cont SA (Smart Reset),3,14,24.772621648222216,31.709829910291557,6.93720826206934,0.0016105100000000005,13
Cont SA (Smart Reset),3,15,25.35980197190442,31.88081052656594,6.52100855466152,0.001,14
Cont SA (Smart Reset),3,16,25.89982251128267,31.979316020898576,6.0794935096159035,0.0011,15
Cont SA (Smart Reset),3,17,25.79144704848627,31.8787851231285,6.087338074642232,0.0012100000000000001,16
Cont SA (Smart Reset),3,18,26.78329597982068,32.10227698813983,5.318981008319148,0.0013310000000000002,17
Cont SA (Smart Reset),3,19,27.073630401567677,32.22891838771722,5.155287986149545,0.0014641000000000003,18
Cont SA (Smart Reset),3,20,26.052780941196367,31.34470643887709,5.291925497680723,0.001,19
Cont SA (Smart Reset),3,21,26.052780941196367,31.34470643887709,5.291925497680723,0.001,19
Cont SA (Smart Reset),3,22,26.052780941196367,31.34470643887709,5.291925497680723,0.001,19
Cont SA (Smart Reset),3,23,26.052780941196367,31.34470643887709,5.291925497680723,0.001,19
Cont SA (Smart Reset),3,24,26.052780941196367,31.34470643887709,5.291925497680723,0.001,19
Cont SA (Smart Reset),3,25,26.052780941196367,31.34470643887709,5.291925497680723,0.001,19
Cont SA (Smart Reset),3,26,26.052780941196367,31.34470643887709,5.291925497680723,0.001,19
Cont SA (Smart Reset),3,27,26.588022917601094,31.313864785128267,4.725841867527174,0.001,20
Cont SA (Smart Reset),3,28,26.588022917601094,31.313864785128267,4.725841867527174,0.001,20
Cont SA (Smart Reset),3,29,26.588022917601094,31.313864785128267,4.725841867527174,0.0011,20
Cont SA (Smart Reset),3,30,26.588022917601094,31.313864785128267,4.725841867527174,0.0012100000000000001,20
Cont SA (Smart Reset),3,31,26.588022917601094,31.313864785128267,4.725841867527174,0.0013310000000000002,20
Cont SA (Smart Reset),3,32,26.588022917601094,31.313864785128267,4.725841867527174,0.0014641000000000003,20
Cont SA (Smart Reset),3,33,26.588022917601094,31.313864785128267,4.725841867527174,0.0016105100000000005,20
Cont SA (Smart Reset),3,34,26.588022917601094,31.313864785128267,4.725841867527174,0.0017715610000000007,20
Cont SA (Smart Reset),3,35,26.588022917601094,31.313864785128267,4.725841867527174,0.0019487171000000009,20
Cont SA (Smart Reset),3,36,26.588022917601094,31.313864785128267,4.725841867527174,0.002143588810000001,20
Cont SA (Smart Reset),3,37,26.588022917601094,31.313864785128267,4.725841867527174,0.0023579476910000016,20
Cont SA (Smart Reset),3,38,27.409285979069555,31.25199450682995,3.842708527760394,0.002593742460100002,21
Cont SA (Smart Reset),3,39,27.409285979069555,31.25199450682995,3.842708527760394,0.0028531167061100022,21
Cont SA (Smart Reset),3,40,27.409285979069555,31.25199450682995,3.842708527760394,0.003138428376721003,21
Cont SA (Smart Reset),3,41,27.409285979069555,31.25199450682995,3.842708527760394,0.0034522712143931033,21
Cont SA (Smart Reset),3,42,27.409285979069555,31.25199450682995,3.842708527760394,0.003797498335832414,21
Cont SA (Smart Reset),3,43,27.409285979069555,31.25199450682995,3.842708527760394,0.004177248169415656,21
Cont SA (Smart Reset),3,44,27.409285979069555,31.25199450682995,3.842708527760394,0.002088624084707828,21
Cont SA (Smart Reset),3,45,27.409285979069555,31.25199450682995,3.842708527760394,0.002297486493178611,21
Cont SA (Smart Reset),3,46,27.409285979069555,31.25199450682995,3.842708527760394,0.002527235142496472,21
Cont SA (Smart Reset),3,47,27.409285979069555,31.25199450682995,3.842708527760394,0.0027799586567461196,21
Cont SA (Smart Reset),3,48,27.409285979069555,31.25199450682995,3.842708527760394,0.003057954522420732,21
Cont SA (Smart Reset),3,49,27.409285979069555,31.25199450682995,3.842708527760394,0.0033637499746628054,21
Cont SA (Smart Reset),3,50,27.409285979069555,31.25199450682995,3.842708527760394,0.0037001249721290864,21
Cont SA (Smart Reset),3,51,27.409285979069555,31.25199450682995,3.842708527760394,0.0040701374693419955,21
Cont SA (Smart Reset),3,52,27.409285979069555,31.25199450682995,3.842708527760394,0.004477151216276195,21
Cont SA (Smart Reset),3,53,27.409285979069555,31.25199450682995,3.842708527760394,0.004924866337903815,21
Cont SA (Smart Reset),3,54,27.409285979069555,31.25199450682995,3.842708527760394,0.005417352971694197,21
Cont SA (Smart Reset),3,55,27.48819540725975,31.226750486698528,3.7385550794387785,0.005959088268863617,22
Cont SA (Smart Reset),3,56,27.48819540725975,31.226750486698528,3.7385550794387785,0.006554997095749979,22
Cont SA (Smart Reset),3,57,27.48819540725975,31.226750486698528,3.7385550794387785,0.0032774985478749895,22
Cont SA (Smart Reset),3,58,27.48819540725975,31.226750486698528,3.7385550794387785,0.0036052484026624886,22
Cont SA (Smart Reset),3,59,27.48819540725975,31.226750486698528,3.7385550794387785,0.003965773242928738,22
Cont SA (Smart Reset),3,60,27.48819540725975,31.226750486698528,3.7385550794387785,0.004362350567221612,22
Cont SA (Smart Reset),3,61,27.48819540725975,31.226750486698528,3.7385550794387785,0.002181175283610806,22
Cont SA (Smart Reset),3,62,27.48819540725975,31.226750486698528,3.7385550794387785,0.001090587641805403,22
Cont SA (Smart Reset),3,63,27.48819540725975,31.226750486698528,3.7385550794387785,0.0011996464059859434,22
Cont SA (Smart Reset),3,64,27.48819540725975,31.226750486698528,3.7385550794387785,0.001,22
Cont SA (Smart Reset),3,65,27.48819540725975,31.226750486698528,3.7385550794387785,0.0011,22
Cont SA (Smart Reset),3,66,27.84592933870086,31.204098771127455,3.3581694324265947,0.001,23
Cont SA (Smart Reset),3,67,27.84592933870086,31.204098771127455,3.3581694324265947,0.0011,23
Cont SA (Smart Reset),3,68,27.84592933870086,31.204098771127455,3.3581694324265947,0.001,23
Cont SA (Smart Reset),3,69,27.84592933870086,31.204098771127455,3.3581694324265947,0.0011,23
Cont SA (Smart Reset),3,70,27.84592933870086,31.204098771127455,3.3581694324265947,0.001,23
Cont SA (Smart Reset),3,71,27.84592933870086,31.204098771127455,3.3581694324265947,0.0011,23
Cont SA (Smart Reset),3,72,27.84592933870086,31.204098771127455,3.3581694324265947,0.001,23
Cont SA (Smart Reset),3,73,27.84592933870086,31.204098771127455,3.3581694324265947,0.001,23
Cont SA (Smart Reset),3,74,27.84592933870086,31.204098771127455,3.3581694324265947,0.0011,23
Cont SA (Smart Reset),3,75,27.84592933870086,31.204098771127455,3.3581694324265947,0.0012100000000000001,23
Cont SA (Smart Reset),3,76,27.84592933870086,31.204098771127455,3.3581694324265947,0.0013310000000000002,23
Cont SA (Smart Reset),3,77,28.43037375848125,30.557751505784346,2.1273777473030964,0.0014641000000000003,24
Cont SA (Smart Reset),3,78,28.43037375848125,30.557751505784346,2.1273777473030964,0.0016105100000000005,24
Cont SA (Smart Reset),3,79,29.243788007987888,30.69003196081431,1.4462439528264206,0.0017715610000000007,25
Cont SA (Smart Reset),3,80,29.243788007987888,30.69003196081431,1.4462439528264206,0.0019487171000000009,25
Cont SA (Smart Reset),3,81,29.333793628219585,30.39178102199154,1.0579873937719564,0.002143588810000001,26
Cont SA (Smart Reset),3,82,29.333793628219585,30.39178102199154,1.0579873937719564,0.0010717944050000006,26
Cont SA (Smart Reset),3,83,29.333793628219585,30.39178102199154,1.0579873937719564,0.0011789738455000008,26
Cont SA (Smart Reset),3,84,29.333793628219585,30.39178102199154,1.0579873937719564,0.001,26
Cont SA (Smart Reset),3,85,29.360291516565155,30.187752437007163,0.8274609204420056,0.0011,27
Cont SA (Smart Reset),3,86,29.690483399670413,30.37106392811363,0.6805805284432186,0.0012100000000000001,28
Cont SA (Smart Reset),3,87,30.36176929235603,30.463529898297736,0.10176060594170504,0.0013310000000000002,29
Cont SA (Smart Reset),3,88,30.36176929235603,30.463529898297736,0.10176060594170504,0.0014641000000000003,29
Cont SA (Smart Reset),3,89,30.69530918330043,30.532714466524503,-0.16259471677592785,0.0016105100000000005,30
Cont SA (Smart Reset),3,90,30.69530918330043,30.532714466524503,-0.16259471677592785,0.0017715610000000007,30
Cont SA (Smart Reset),3,91,30.83329827423745,30.53179637013365,-0.30150190410379807,0.001,31
Cont SA (Smart Reset),3,92,30.83329827423745,30.53179637013365,-0.30150190410379807,0.0011,31
Cont SA (Smart Reset),3,93,30.83329827423745,30.53179637013365,-0.30150190410379807,0.0012100000000000001,31
Cont SA (Smart Reset),3,94,30.83329827423745,30.53179637013365,-0.30150190410379807,0.0013310000000000002,31
Cont SA (Smart Reset),3,95,30.83329827423745,30.53179637013365,-0.30150190410379807,0.001,31
Cont SA (Smart Reset),3,96,30.83329827423745,30.53179637013365,-0.30150190410379807,0.001,31
Cont SA (Smart Reset),3,97,30.83329827423745,30.53179637013365,-0.30150190410379807,0.0011,31
Cont SA (Smart Reset),3,98,30.83329827423745,30.53179637013365,-0.30150190410379807,0.0012100000000000001,31
Cont SA (Smart Reset),3,99,35.98384535794893,30.664517426996262,-5.319327930952668,0.001,32
Cont SA (Smart Reset),3,100,35.98384535794893,30.664517426996262,-5.319327930952668,0.0011,32
Cont SA (Smart Reset),3,101,35.98384535794893,30.664517426996262,-5.319327930952668,0.001,32
Cont SA (Smart Reset),3,102,35.98384535794893,30.664517426996262,-5.319327930952668,0.001,32
Cont SA (Smart Reset),3,103,35.98384535794893,30.664517426996262,-5.319327930952668,0.001,32
Cont SA (Smart Reset),3,104,35.98384535794893,30.664517426996262,-5.319327930952668,0.0011,32
Cont SA (Smart Reset),3,105,35.98384535794893,30.664517426996262,-5.319327930952668,0.001,32
Cont SA (Smart Reset),3,106,35.98384535794893,30.664517426996262,-5.319327930952668,0.001,32
Cont SA (Smart Reset),3,107,35.98384535794893,30.664517426996262,-5.319327930952668,0.0011,32
Cont SA (Smart Reset),3,108,35.98384535794893,30.664517426996262,-5.319327930952668,0.001,32
Cont SA (Smart Reset),3,109,35.98384535794893,30.664517426996262,-5.319327930952668,0.0011,32
Cont SA (Smart Reset),3,110,35.98384535794893,30.664517426996262,-5.319327930952668,0.001,32
Cont SA (Smart Reset),3,111,35.98384535794893,30.664517426996262,-5.319327930952668,0.001,32
Cont SA (Smart Reset),3,112,35.98384535794893,30.664517426996262,-5.319327930952668,0.0011,32
Cont SA (Smart Reset),3,113,35.98384535794893,30.664517426996262,-5.319327930952668,0.0012100000000000001,32
Cont SA (Smart Reset),3,114,35.98384535794893,30.664517426996262,-5.319327930952668,0.0013310000000000002,32
Cont SA (Smart Reset),3,115,35.98384535794893,30.664517426996262,-5.319327930952668,0.0014641000000000003,32
Cont SA (Smart Reset),3,116,35.98384535794893,30.664517426996262,-5.319327930952668,0.001,32
Cont SA (Smart Reset),3,117,35.98384535794893,30.664517426996262,-5.319327930952668,0.0011,32
Cont SA (Smart Reset),3,118,35.98384535794893,30.664517426996262,-5.319327930952668,0.0012100000000000001,32
Cont SA (Smart Reset),3,119,36.55834679843089,30.668426785443472,-5.889920012987417,0.0013310000000000002,33
Cont SA (Smart Reset),3,120,36.55834679843089,30.668426785443472,-5.889920012987417,0.0014641000000000003,33
Cont SA (Smart Reset),3,121,36.55834679843089,30.668426785443472,-5.889920012987417,0.0016105100000000005,33
Cont SA (Smart Reset),3,122,36.55834679843089,30.668426785443472,-5.889920012987417,0.001,33
Cont SA (Smart Reset),3,123,36.55834679843089,30.668426785443472,-5.889920012987417,0.001,33
Cont SA (Smart Reset),3,124,36.55834679843089,30.668426785443472,-5.889920012987417,0.0011,33
Cont SA (Smart Reset),3,125,36.55834679843089,30.668426785443472,-5.889920012987417,0.001,33
Cont SA (Smart Reset),3,126,36.55834679843089,30.668426785443472,-5.889920012987417,0.001,33
Cont SA (Smart Reset),3,127,36.55834679843089,30.668426785443472,-5.889920012987417,0.0011,33
Cont SA (Smart Reset),3,128,36.55834679843089,30.668426785443472,-5.889920012987417,0.001,33
Cont SA (Smart Reset),3,129,36.55834679843089,30.668426785443472,-5.889920012987417,0.001,33
Cont SA (Smart Reset),3,130,36.55834679843089,30.668426785443472,-5.889920012987417,0.0011,33
Cont SA (Smart Reset),3,131,36.55834679843089,30.668426785443472,-5.889920012987417,0.0012100000000000001,33
Cont SA (Smart Reset),3,132,36.55834679843089,30.668426785443472,-5.889920012987417,0.0013310000000000002,33
Cont SA (Smart Reset),3,133,36.55834679843089,30.668426785443472,-5.889920012987417,0.001,33
Cont SA (Smart Reset),3,134,36.55834679843089,30.668426785443472,-5.889920012987417,0.0011,33
Cont SA (Smart Reset),3,135,36.55834679843089,30.668426785443472,-5.889920012987417,0.001,33
Cont SA (Smart Reset),3,136,36.55834679843089,30.668426785443472,-5.889920012987417,0.0011,33
Cont SA (Smart Reset),3,137,36.55834679843089,30.668426785443472,-5.889920012987417,0.0012100000000000001,33
Cont SA (Smart Reset),3,138,36.55834679843089,30.668426785443472,-5.889920012987417,0.001,33
Cont SA (Smart Reset),3,139,36.55834679843089,30.668426785443472,-5.889920012987417,0.0011,33
Cont SA (Smart Reset),3,140,36.55834679843089,30.668426785443472,-5.889920012987417,0.001,33
Cont SA (Smart Reset),3,141,36.55834679843089,30.668426785443472,-5.889920012987417,0.0011,33
Cont SA (Smart Reset),3,142,36.55834679843089,30.668426785443472,-5.889920012987417,0.001,33
Cont SA (Smart Reset),3,143,37.063543400776545,30.72062347471888,-6.3429199260576645,0.0011,34
Cont SA (Smart Reset),3,144,37.063543400776545,30.72062347471888,-6.3429199260576645,0.0012100000000000001,34
Cont SA (Smart Reset),3,145,37.063543400776545,30.72062347471888,-6.3429199260576645,0.001,34
Cont SA (Smart Reset),3,146,37.063543400776545,30.72062347471888,-6.3429199260576645,0.001,34
Cont SA (Smart Reset),3,147,37.063543400776545,30.72062347471888,-6.3429199260576645,0.001,34
Cont SA (Smart Reset),3,148,37.063543400776545,30.72062347471888,-6.3429199260576645,0.001,34
Cont SA (Smart Reset),3,149,37.063543400776545,30.72062347471888,-6.3429199260576645,0.001,34
Cont SA (Smart Reset),3,150,37.063543400776545,30.72062347471888,-6.3429199260576645,0.001,34
Cont SA (Smart Reset),4,1,28.157367282070602,32.58934189985905,4.431974617788448,0.05,1
Cont SA (Smart Reset),4,2,25.067066950625705,31.3728984197884,6.305831469162695,0.025,2
Cont SA (Smart Reset),4,3,27.160510073741584,31.484865669513404,4.32435559577182,0.0125,3
Cont SA (Smart Reset),4,4,24.336499398720804,30.860033181784793,6.52353378306399,0.013750000000000002,4
Cont SA (Smart Reset),4,5,24.336499398720804,30.860033181784793,6.52353378306399,0.006875000000000001,4
Cont SA (Smart Reset),4,6,24.603974607530176,30.570763566746013,5.966788959215836,0.0075625000000000015,5
Cont SA (Smart Reset),4,7,24.780070184732644,30.262799241348944,5.4827290566163,0.008318750000000001,6
Cont SA (Smart Reset),4,8,26.499072631997002,30.11907516458535,3.620002532588348,0.009150625000000003,7
Cont SA (Smart Reset),4,9,25.879984071978274,30.03589785762621,4.155913785647935,0.004575312500000001,8
Cont SA (Smart Reset),4,10,27.015221883404408,30.176258272201938,3.1610363887975317,0.005032843750000002,9
Cont SA (Smart Reset),4,11,26.845922085010184,30.007931599785685,3.1620095147755016,0.005536128125000002,10
Cont SA (Smart Reset),4,12,27.214430807624748,29.774491761996966,2.560060954372218,0.006089740937500003,11
Cont SA (Smart Reset),4,13,27.482180221502777,29.28624223957222,1.8040620180694462,0.0030448704687500014,12
Cont SA (Smart Reset),4,14,31.278155022767184,29.262253720479528,-2.015901302287657,0.0015224352343750007,13
Cont SA (Smart Reset),4,15,31.87069332042986,28.264554835859137,-3.6061384845707245,0.0016746787578125009,14
Cont SA (Smart Reset),4,16,32.7469428946159,28.40348441542611,-4.343458479189787,0.001,15
Cont SA (Smart Reset),4,17,32.7469428946159,28.40348441542611,-4.343458479189787,0.0011,15
Cont SA (Smart Reset),4,18,32.7469428946159,28.40348441542611,-4.343458479189787,0.0012100000000000001,15
Cont SA (Smart Reset),4,19,32.7469428946159,28.40348441542611,-4.343458479189787,0.0013310000000000002,15
Cont SA (Smart Reset),4,20,32.7469428946159,28.40348441542611,-4.343458479189787,0.001,15
Cont SA (Smart Reset),4,21,32.7469428946159,28.40348441542611,-4.343458479189787,0.001,15
Cont SA (Smart Reset),4,22,32.7469428946159,28.40348441542611,-4.343458479189787,0.001,15
Cont SA (Smart Reset),4,23,32.7469428946159,28.40348441542611,-4.343458479189787,0.0011,15
Cont SA (Smart Reset),4,24,32.7469428946159,28.40348441542611,-4.343458479189787,0.0012100000000000001,15
Cont SA (Smart Reset),4,25,32.7469428946159,28.40348441542611,-4.343458479189787,0.001,15
Cont SA (Smart Reset),4,26,32.7469428946159,28.40348441542611,-4.343458479189787,0.001,15
Cont SA (Smart Reset),4,27,32.7469428946159,28.40348441542611,-4.343458479189787,0.001,15
Cont SA (Smart Reset),4,28,32.7469428946159,28.40348441542611,-4.343458479189787,0.0011,15
Cont SA (Smart Reset),4,29,32.7469428946159,28.40348441542611,-4.343458479189787,0.001,15
Cont SA (Smart Reset),4,30,32.7469428946159,28.40348441542611,-4.343458479189787,0.0011,15
Cont SA (Smart Reset),4,31,32.7469428946159,28.40348441542611,-4.343458479189787,0.001,15
Cont SA (Smart Reset),4,32,32.7469428946159,28.40348441542611,-4.343458479189787,0.0011,15
Cont SA (Smart Reset),4,33,32.7469428946159,28.40348441542611,-4.343458479189787,0.001,15
Cont SA (Smart Reset),4,34,32.7469428946159,28.40348441542611,-4.343458479189787,0.0011,15
Cont SA (Smart Reset),4,35,32.7469428946159,28.40348441542611,-4.343458479189787,0.0012100000000000001,15
Cont SA (Smart Reset),4,36,32.7469428946159,28.40348441542611,-4.343458479189787,0.0013310000000000002,15
Cont SA (Smart Reset),4,37,32.7469428946159,28.40348441542611,-4.343458479189787,0.001,15
Cont SA (Smart Reset),4,38,32.7469428946159,28.40348441542611,-4.343458479189787,0.001,15
Cont SA (Smart Reset),4,39,32.7469428946159,28.40348441542611,-4.343458479189787,0.0011,15
Cont SA (Smart Reset),4,40,32.7469428946159,28.40348441542611,-4.343458479189787,0.0012100000000000001,15
Cont SA (Smart Reset),4,41,32.7469428946159,28.40348441542611,-4.343458479189787,0.0013310000000000002,15
Cont SA (Smart Reset),4,42,32.7469428946159,28.40348441542611,-4.343458479189787,0.0014641000000000003,15
Cont SA (Smart Reset),4,43,32.7469428946159,28.40348441542611,-4.343458479189787,0.001,15
Cont SA (Smart Reset),4,44,32.7469428946159,28.40348441542611,-4.343458479189787,0.001,15
Cont SA (Smart Reset),4,45,32.7469428946159,28.40348441542611,-4.343458479189787,0.0011,15
Cont SA (Smart Reset),4,46,32.7469428946159,28.40348441542611,-4.343458479189787,0.0012100000000000001,15
Cont SA (Smart Reset),4,47,32.7469428946159,28.40348441542611,-4.343458479189787,0.001,15
Cont SA (Smart Reset),4,48,32.7469428946159,28.40348441542611,-4.343458479189787,0.0011,15
Cont SA (Smart Reset),4,49,32.7469428946159,28.40348441542611,-4.343458479189787,0.0012100000000000001,15
Cont SA (Smart Reset),4,50,32.7469428946159,28.40348441542611,-4.343458479189787,0.0013310000000000002,15
Cont SA (Smart Reset),4,51,32.7469428946159,28.40348441542611,-4.343458479189787,0.001,15
Cont SA (Smart Reset),4,52,32.7469428946159,28.40348441542611,-4.343458479189787,0.001,15
Cont SA (Smart Reset),4,53,32.7469428946159,28.40348441542611,-4.343458479189787,0.0011,15
Cont SA (Smart Reset),4,54,32.7469428946159,28.40348441542611,-4.343458479189787,0.0012100000000000001,15
Cont SA (Smart Reset),4,55,32.7469428946159,28.40348441542611,-4.343458479189787,0.0013310000000000002,15
Cont SA (Smart Reset),4,56,32.7469428946159,28.40348441542611,-4.343458479189787,0.0014641000000000003,15
Cont SA (Smart Reset),4,57,32.7469428946159,28.40348441542611,-4.343458479189787,0.0016105100000000005,15
Cont SA (Smart Reset),4,58,32.7469428946159,28.40348441542611,-4.343458479189787,0.001,15
Cont SA (Smart Reset),4,59,32.7469428946159,28.40348441542611,-4.343458479189787,0.001,15
Cont SA (Smart Reset),4,60,32.7469428946159,28.40348441542611,-4.343458479189787,0.001,15
Cont SA (Smart Reset),4,61,32.7469428946159,28.40348441542611,-4.343458479189787,0.0011,15
Cont SA (Smart Reset),4,62,32.7469428946159,28.40348441542611,-4.343458479189787,0.0012100000000000001,15
Cont SA (Smart Reset),4,63,32.7469428946159,28.40348441542611,-4.343458479189787,0.0013310000000000002,15
Cont SA (Smart Reset),4,64,32.7469428946159,28.40348441542611,-4.343458479189787,0.001,15
Cont SA (Smart Reset),4,65,32.7469428946159,28.40348441542611,-4.343458479189787,0.001,15
Cont SA (Smart Reset),4,66,32.7469428946159,28.40348441542611,-4.343458479189787,0.0011,15
Cont SA (Smart Reset),4,67,32.7469428946159,28.40348441542611,-4.343458479189787,0.001,15
Cont SA (Smart Reset),4,68,32.7469428946159,28.40348441542611,-4.343458479189787,0.001,15
Cont SA (Smart Reset),4,69,32.7469428946159,28.40348441542611,-4.343458479189787,0.0011,15
Cont SA (Smart Reset),4,70,32.7469428946159,28.40348441542611,-4.343458479189787,0.0012100000000000001,15
Cont SA (Smart Reset),4,71,32.7469428946159,28.40348441542611,-4.343458479189787,0.0013310000000000002,15
Cont SA (Smart Reset),4,72,32.7469428946159,28.40348441542611,-4.343458479189787,0.001,15
Cont SA (Smart Reset),4,73,32.7469428946159,28.40348441542611,-4.343458479189787,0.001,15
Cont SA (Smart Reset),4,74,32.7469428946159,28.40348441542611,-4.343458479189787,0.001,15
Cont SA (Smart Reset),4,75,32.7469428946159,28.40348441542611,-4.343458479189787,0.001,15
Cont SA (Smart Reset),4,76,32.7469428946159,28.40348441542611,-4.343458479189787,0.001,15
Cont SA (Smart Reset),4,77,32.7469428946159,28.40348441542611,-4.343458479189787,0.0011,15
Cont SA (Smart Reset),4,78,32.7469428946159,28.40348441542611,-4.343458479189787,0.001,15
Cont SA (Smart Reset),4,79,32.7469428946159,28.40348441542611,-4.343458479189787,0.0011,15
Cont SA (Smart Reset),4,80,32.7469428946159,28.40348441542611,-4.343458479189787,0.0012100000000000001,15
Cont SA (Smart Reset),4,81,32.7469428946159,28.40348441542611,-4.343458479189787,0.0013310000000000002,15
Cont SA (Smart Reset),4,82,32.7469428946159,28.40348441542611,-4.343458479189787,0.0014641000000000003,15
Cont SA (Smart Reset),4,83,32.7469428946159,28.40348441542611,-4.343458479189787,0.0016105100000000005,15
Cont SA (Smart Reset),4,84,32.7469428946159,28.40348441542611,-4.343458479189787,0.0017715610000000007,15
Cont SA (Smart Reset),4,85,32.7469428946159,28.40348441542611,-4.343458479189787,0.001,15
Cont SA (Smart Reset),4,86,32.7469428946159,28.40348441542611,-4.343458479189787,0.0011,15
Cont SA (Smart Reset),4,87,32.7469428946159,28.40348441542611,-4.343458479189787,0.0012100000000000001,15
Cont SA (Smart Reset),4,88,32.7469428946159,28.40348441542611,-4.343458479189787,0.001,15
Cont SA (Smart Reset),4,89,32.7469428946159,28.40348441542611,-4.343458479189787,0.0011,15
Cont SA (Smart Reset),4,90,32.7469428946159,28.40348441542611,-4.343458479189787,0.0012100000000000001,15
Cont SA (Smart Reset),4,91,32.7469428946159,28.40348441542611,-4.343458479189787,0.0013310000000000002,15
Cont SA (Smart Reset),4,92,32.7469428946159,28.40348441542611,-4.343458479189787,0.0014641000000000003,15
Cont SA (Smart Reset),4,93,32.7469428946159,28.40348441542611,-4.343458479189787,0.001,15
Cont SA (Smart Reset),4,94,32.7469428946159,28.40348441542611,-4.343458479189787,0.0011,15
Cont SA (Smart Reset),4,95,32.7469428946159,28.40348441542611,-4.343458479189787,0.0012100000000000001,15
Cont SA (Smart Reset),4,96,32.7469428946159,28.40348441542611,-4.343458479189787,0.0013310000000000002,15
Cont SA (Smart Reset),4,97,32.7469428946159,28.40348441542611,-4.343458479189787,0.0014641000000000003,15
Cont SA (Smart Reset),4,98,32.7469428946159,28.40348441542611,-4.343458479189787,0.001,15
Cont SA (Smart Reset),4,99,32.7469428946159,28.40348441542611,-4.343458479189787,0.001,15
Cont SA (Smart Reset),4,100,32.7469428946159,28.40348441542611,-4.343458479189787,0.001,15
Cont SA (Smart Reset),4,101,32.7469428946159,28.40348441542611,-4.343458479189787,0.0011,15
Cont SA (Smart Reset),4,102,32.7469428946159,28.40348441542611,-4.343458479189787,0.001,15
Cont SA (Smart Reset),4,103,32.7469428946159,28.40348441542611,-4.343458479189787,0.0011,15
Cont SA (Smart Reset),4,104,32.7469428946159,28.40348441542611,-4.343458479189787,0.0012100000000000001,15
Cont SA (Smart Reset),4,105,32.7469428946159,28.40348441542611,-4.343458479189787,0.001,15
Cont SA (Smart Reset),4,106,32.7469428946159,28.40348441542611,-4.343458479189787,0.0011,15
Cont SA (Smart Reset),4,107,32.7469428946159,28.40348441542611,-4.343458479189787,0.0012100000000000001,15
Cont SA (Smart Reset),4,108,32.7469428946159,28.40348441542611,-4.343458479189787,0.001,15
Cont SA (Smart Reset),4,109,32.7469428946159,28.40348441542611,-4.343458479189787,0.001,15
Cont SA (Smart Reset),4,110,32.7469428946159,28.40348441542611,-4.343458479189787,0.001,15
Cont SA (Smart Reset),4,111,32.7469428946159,28.40348441542611,-4.343458479189787,0.0011,15
Cont SA (Smart Reset),4,112,32.7469428946159,28.40348441542611,-4.343458479189787,0.0012100000000000001,15
Cont SA (Smart Reset),4,113,32.7469428946159,28.40348441542611,-4.343458479189787,0.001,15
Cont SA (Smart Reset),4,114,32.7469428946159,28.40348441542611,-4.343458479189787,0.0011,15
Cont SA (Smart Reset),4,115,34.756948094426825,28.45928405958101,-6.297664034845819,0.0012100000000000001,16
Cont SA (Smart Reset),4,116,34.756948094426825,28.45928405958101,-6.297664034845819,0.0013310000000000002,16
Cont SA (Smart Reset),4,117,34.756948094426825,28.45928405958101,-6.297664034845819,0.001,16
Cont SA (Smart Reset),4,118,34.756948094426825,28.45928405958101,-6.297664034845819,0.0011,16
Cont SA (Smart Reset),4,119,34.756948094426825,28.45928405958101,-6.297664034845819,0.0012100000000000001,16
Cont SA (Smart Reset),4,120,34.756948094426825,28.45928405958101,-6.297664034845819,0.0013310000000000002,16
Cont SA (Smart Reset),4,121,34.756948094426825,28.45928405958101,-6.297664034845819,0.001,16
Cont SA (Smart Reset),4,122,34.756948094426825,28.45928405958101,-6.297664034845819,0.001,16
Cont SA (Smart Reset),4,123,34.756948094426825,28.45928405958101,-6.297664034845819,0.001,16
Cont SA (Smart Reset),4,124,34.756948094426825,28.45928405958101,-6.297664034845819,0.001,16
Cont SA (Smart Reset),4,125,34.756948094426825,28.45928405958101,-6.297664034845819,0.001,16
Cont SA (Smart Reset),4,126,34.756948094426825,28.45928405958101,-6.297664034845819,0.0011,16
Cont SA (Smart Reset),4,127,34.756948094426825,28.45928405958101,-6.297664034845819,0.001,16
Cont SA (Smart Reset),4,128,34.756948094426825,28.45928405958101,-6.297664034845819,0.0011,16
Cont SA (Smart Reset),4,129,34.756948094426825,28.45928405958101,-6.297664034845819,0.001,16
Cont SA (Smart Reset),4,130,34.756948094426825,28.45928405958101,-6.297664034845819,0.0011,16
Cont SA (Smart Reset),4,131,34.756948094426825,28.45928405958101,-6.297664034845819,0.0012100000000000001,16
Cont SA (Smart Reset),4,132,34.756948094426825,28.45928405958101,-6.297664034845819,0.001,16
Cont SA (Smart Reset),4,133,34.756948094426825,28.45928405958101,-6.297664034845819,0.0011,16
Cont SA (Smart Reset),4,134,34.756948094426825,28.45928405958101,-6.297664034845819,0.001,16
Cont SA (Smart Reset),4,135,34.756948094426825,28.45928405958101,-6.297664034845819,0.0011,16
Cont SA (Smart Reset),4,136,34.756948094426825,28.45928405958101,-6.297664034845819,0.0012100000000000001,16
Cont SA (Smart Reset),4,137,34.756948094426825,28.45928405958101,-6.297664034845819,0.0013310000000000002,16
Cont SA (Smart Reset),4,138,34.756948094426825,28.45928405958101,-6.297664034845819,0.0014641000000000003,16
Cont SA (Smart Reset),4,139,34.756948094426825,28.45928405958101,-6.297664034845819,0.001,16
Cont SA (Smart Reset),4,140,34.756948094426825,28.45928405958101,-6.297664034845819,0.0011,16
Cont SA (Smart Reset),4,141,34.756948094426825,28.45928405958101,-6.297664034845819,0.001,16
Cont SA (Smart Reset),4,142,34.756948094426825,28.45928405958101,-6.297664034845819,0.0011,16
Cont SA (Smart Reset),4,143,34.756948094426825,28.45928405958101,-6.297664034845819,0.0012100000000000001,16
Cont SA (Smart Reset),4,144,34.756948094426825,28.45928405958101,-6.297664034845819,0.0013310000000000002,16
Cont SA (Smart Reset),4,145,34.756948094426825,28.45928405958101,-6.297664034845819,0.0014641000000000003,16
Cont SA (Smart Reset),4,146,34.756948094426825,28.45928405958101,-6.297664034845819,0.0016105100000000005,16
Cont SA (Smart Reset),4,147,34.756948094426825,28.45928405958101,-6.297664034845819,0.0017715610000000007,16
Cont SA (Smart Reset),4,148,34.756948094426825,28.45928405958101,-6.297664034845819,0.0019487171000000009,16
Cont SA (Smart Reset),4,149,34.756948094426825,28.45928405958101,-6.297664034845819,0.001,16
Cont SA (Smart Reset),4,150,34.756948094426825,28.45928405958101,-6.297664034845819,0.001,16
CROA,0,1,45.07144328912333,33.38700488681637,-11.684438402306958,0.05,1
CROA,0,2,46.35433418029886,33.362648312297765,-12.991685868001099,0.025394391384080405,2
CROA,0,3,51.48809325450887,33.36445463044131,-18.123638624067564,0.028381704152877323,3
CROA,0,4,51.48809325450887,33.36445463044131,-18.123638624067564,0.014190852076438661,3
CROA,0,5,51.48809325450887,33.36445463044131,-18.123638624067564,0.01560993728408253,3
CROA,0,6,51.375499953540995,33.3622576482059,-18.013242305335098,0.017459737277296147,4
CROA,0,7,51.375499953540995,33.3622576482059,-18.013242305335098,0.008729868638648074,4
CROA,0,8,51.375499953540995,33.3622576482059,-18.013242305335098,0.009602855502512882,4
CROA,0,9,51.375499953540995,33.3622576482059,-18.013242305335098,0.010563141052764171,4
CROA,0,10,51.34353003404018,33.35597925014242,-17.98755078389776,0.005670103711221804,5
CROA,0,11,51.34353003404018,33.35597925014242,-17.98755078389776,0.002835051855610902,5
CROA,0,12,51.34353003404018,33.35597925014242,-17.98755078389776,0.003118557041171992,5
CROA,0,13,51.34353003404018,33.35597925014242,-17.98755078389776,0.001559278520585996,5
CROA,0,14,51.34353003404018,33.35597925014242,-17.98755078389776,0.0017152063726445959,5
CROA,0,15,51.34353003404018,33.35597925014242,-17.98755078389776,0.0018867270099090557,5
CROA,0,16,51.34353003404018,33.35597925014242,-17.98755078389776,0.0020753997108999616,5
CROA,0,17,51.34353003404018,33.35597925014242,-17.98755078389776,0.002282939681989958,5
CROA,0,18,51.34353003404018,33.35597925014242,-17.98755078389776,0.0025112336501889538,5
CROA,0,19,55.275204868019316,33.381937479403064,-21.893267388616255,0.0038336247768656147,6
CROA,0,20,55.275204868019316,33.381937479403064,-21.893267388616255,0.0019168123884328073,6
CROA,0,21,53.55623009120592,33.372463908118775,-20.183766183087144,0.0021702778348182583,7
CROA,0,22,53.55623009120592,33.372463908118775,-20.183766183087144,0.0023873056183000845,7
CROA,0,23,53.55623009120592,33.372463908118775,-20.183766183087144,0.002626036180130093,7
CROA,0,24,53.55623009120592,33.372463908118775,-20.183766183087144,0.0028886397981431025,7
CROA,0,25,54.30555381653838,33.377567718680716,-20.92798609785766,0.0017880387286671037,8
CROA,0,26,54.30555381653838,33.377567718680716,-20.92798609785766,0.0019668426015338144,8
CROA,0,27,54.30555381653838,33.377567718680716,-20.92798609785766,0.0021635268616871962,8
CROA,0,28,54.30555381653838,33.377567718680716,-20.92798609785766,0.002379879547855916,8
CROA,0,29,54.30555381653838,33.377567718680716,-20.92798609785766,0.002617867502641508,8
CROA,0,30,54.30555381653838,33.377567718680716,-20.92798609785766,0.0028796542529056592,8
CROA,0,31,54.30555381653838,33.377567718680716,-20.92798609785766,0.0031676196781962253,8
CROA,0,32,54.30555381653838,33.377567718680716,-20.92798609785766,0.003484381646015848,8
CROA,0,33,54.30555381653838,33.377567718680716,-20.92798609785766,0.003832819810617433,8
CROA,0,34,54.30555381653838,33.377567718680716,-20.92798609785766,0.004216101791679176,8
CROA,0,35,54.30555381653838,33.377567718680716,-20.92798609785766,0.004637711970847094,8
CROA,0,36,54.30555381653838,33.377567718680716,-20.92798609785766,0.005101483167931803,8
CROA,0,37,54.30555381653838,33.377567718680716,-20.92798609785766,0.005611631484724984,8
CROA,0,38,54.30555381653838,33.377567718680716,-20.92798609785766,0.006172794633197483,8
CROA,0,39,54.30555381653838,33.377567718680716,-20.92798609785766,0.006790074096517232,8
CROA,0,40,54.30555381653838,33.377567718680716,-20.92798609785766,0.0074690815061689555,8
CROA,0,41,54.30555381653838,33.377567718680716,-20.92798609785766,0.008215989656785851,8
CROA,0,42,54.30555381653838,33.377567718680716,-20.92798609785766,0.009037588622464437,8
CROA,0,43,54.30555381653838,33.377567718680716,-20.92798609785766,0.00994134748471088,8
CROA,0,44,54.30555381653838,33.377567718680716,-20.92798609785766,0.01093548223318197,8
CROA,0,45,54.30555381653838,33.377567718680716,-20.92798609785766,0.012029030456500169,8
CROA,0,46,54.30555381653838,33.377567718680716,-20.92798609785766,0.013231933502150187,8
CROA,0,47,54.30555381653838,33.377567718680716,-20.92798609785766,0.014555126852365208,8
CROA,0,48,54.30555381653838,33.377567718680716,-20.92798609785766,0.01601063953760173,8
CROA,0,49,54.30555381653838,33.377567718680716,-20.92798609785766,0.017611703491361905,8
CROA,0,50,54.30555381653838,33.377567718680716,-20.92798609785766,0.019372873840498097,8
CROA,0,51,54.30555381653838,33.377567718680716,-20.92798609785766,0.02131016122454791,8
CROA,0,52,54.30555381653838,33.377567718680716,-20.92798609785766,0.0234411773470027,8
CROA,0,53,54.30555381653838,33.377567718680716,-20.92798609785766,0.025785295081702974,8
CROA,0,54,54.30555381653838,33.377567718680716,-20.92798609785766,0.028363824589873275,8
CROA,0,55,54.30555381653838,33.377567718680716,-20.92798609785766,0.031200207048860604,8
CROA,0,56,54.30555381653838,33.377567718680716,-20.92798609785766,0.034320227753746664,8
CROA,0,57,54.30555381653838,33.377567718680716,-20.92798609785766,0.03775225052912133,8
CROA,0,58,54.30555381653838,33.377567718680716,-20.92798609785766,0.041527475582033464,8
CROA,0,59,54.30555381653838,33.377567718680716,-20.92798609785766,0.045680223140236814,8
CROA,0,60,54.30555381653838,33.377567718680716,-20.92798609785766,0.0502482454542605,8
CROA,0,61,54.30555381653838,33.377567718680716,-20.92798609785766,0.05527306999968656,8
CROA,0,62,54.30555381653838,33.377567718680716,-20.92798609785766,0.060800376999655216,8
CROA,0,63,54.30555381653838,33.377567718680716,-20.92798609785766,0.06688041469962075,8
CROA,0,64,54.30555381653838,33.377567718680716,-20.92798609785766,0.07356845616958282,8
CROA,0,65,54.30555381653838,33.377567718680716,-20.92798609785766,0.08092530178654112,8
CROA,0,66,54.30555381653838,33.377567718680716,-20.92798609785766,0.08901783196519523,8
CROA,0,67,54.30555381653838,33.377567718680716,-20.92798609785766,0.09791961516171477,8
CROA,0,68,54.30555381653838,33.377567718680716,-20.92798609785766,0.10771157667788625,8
CROA,0,69,54.30555381653838,33.377567718680716,-20.92798609785766,0.11848273434567488,8
CROA,0,70,54.30555381653838,33.377567718680716,-20.92798609785766,0.13033100778024237,8
CROA,0,71,54.30555381653838,33.377567718680716,-20.92798609785766,0.14336410855826662,8
CROA,0,72,54.30555381653838,33.377567718680716,-20.92798609785766,0.1577005194140933,8
CROA,0,73,54.30555381653838,33.377567718680716,-20.92798609785766,0.17347057135550265,8
CROA,0,74,54.30555381653838,33.377567718680716,-20.92798609785766,0.19081762849105294,8
CROA,0,75,54.30555381653838,33.377567718680716,-20.92798609785766,0.2,8
CROA,0,76,54.30555381653838,33.377567718680716,-20.92798609785766,0.1,8
CROA,0,77,54.30555381653838,33.377567718680716,-20.92798609785766,0.11000000000000001,8
CROA,0,78,54.30555381653838,33.377567718680716,-20.92798609785766,0.12100000000000002,8
CROA,0,79,54.30555381653838,33.377567718680716,-20.92798609785766,0.13310000000000002,8
CROA,0,80,54.30555381653838,33.377567718680716,-20.92798609785766,0.14641000000000004,8
CROA,0,81,54.30555381653838,33.377567718680716,-20.92798609785766,0.16105100000000006,8
CROA,0,82,54.30555381653838,33.377567718680716,-20.92798609785766,0.17715610000000007,8
CROA,0,83,54.30555381653838,33.377567718680716,-20.92798609785766,0.1948717100000001,8
CROA,0,84,54.30555381653838,33.377567718680716,-20.92798609785766,0.2,8
CROA,0,85,54.30555381653838,33.377567718680716,-20.92798609785766,0.2,8
CROA,0,86,54.30555381653838,33.377567718680716,-20.92798609785766,0.2,8
CROA,0,87,54.30555381653838,33.377567718680716,-20.92798609785766,0.2,8
CROA,0,88,54.30555381653838,33.377567718680716,-20.92798609785766,0.2,8
CROA,0,89,54.30555381653838,33.377567718680716,-20.92798609785766,0.2,8
CROA,0,90,54.30555381653838,33.377567718680716,-20.92798609785766,0.2,8
CROA,0,91,54.30555381653838,33.377567718680716,-20.92798609785766,0.2,8
CROA,0,92,54.30555381653838,33.377567718680716,-20.92798609785766,0.2,8
CROA,0,93,54.30555381653838,33.377567718680716,-20.92798609785766,0.2,8
CROA,0,94,54.30555381653838,33.377567718680716,-20.92798609785766,0.2,8
CROA,0,95,54.30555381653838,33.377567718680716,-20.92798609785766,0.2,8
CROA,0,96,54.30555381653838,33.377567718680716,-20.92798609785766,0.2,8
CROA,0,97,54.30555381653838,33.377567718680716,-20.92798609785766,0.2,8
CROA,0,98,54.30555381653838,33.377567718680716,-20.92798609785766,0.2,8
CROA,0,99,54.30555381653838,33.377567718680716,-20.92798609785766,0.2,8
CROA,0,100,54.30555381653838,33.377567718680716,-20.92798609785766,0.2,8
CROA,0,101,54.30555381653838,33.377567718680716,-20.92798609785766,0.2,8
CROA,0,102,54.30555381653838,33.377567718680716,-20.92798609785766,0.2,8
CROA,0,103,54.30555381653838,33.377567718680716,-20.92798609785766,0.1,8
CROA,0,104,54.30555381653838,33.377567718680716,-20.92798609785766,0.11000000000000001,8
CROA,0,105,54.30555381653838,33.377567718680716,-20.92798609785766,0.12100000000000002,8
CROA,0,106,54.30555381653838,33.377567718680716,-20.92798609785766,0.13310000000000002,8
CROA,0,107,54.30555381653838,33.377567718680716,-20.92798609785766,0.14641000000000004,8
CROA,0,108,54.30555381653838,33.377567718680716,-20.92798609785766,0.16105100000000006,8
CROA,0,109,54.30555381653838,33.377567718680716,-20.92798609785766,0.17715610000000007,8
CROA,0,110,54.30555381653838,33.377567718680716,-20.92798609785766,0.1948717100000001,8
CROA,0,111,54.30555381653838,33.377567718680716,-20.92798609785766,0.2,8
CROA,0,112,54.30555381653838,33.377567718680716,-20.92798609785766,0.2,8
CROA,0,113,54.30555381653838,33.377567718680716,-20.92798609785766,0.2,8
CROA,0,114,54.30555381653838,33.377567718680716,-20.92798609785766,0.2,8
CROA,0,115,54.30555381653838,33.377567718680716,-20.92798609785766,0.2,8
CROA,0,116,54.30555381653838,33.377567718680716,-20.92798609785766,0.2,8
CROA,0,117,54.30555381653838,33.377567718680716,-20.92798609785766,0.2,8
CROA,0,118,54.30555381653838,33.377567718680716,-20.92798609785766,0.2,8
CROA,0,119,54.30555381653838,33.377567718680716,-20.92798609785766,0.2,8
CROA,0,120,54.30555381653838,33.377567718680716,-20.92798609785766,0.2,8
CROA,0,121,54.30555381653838,33.377567718680716,-20.92798609785766,0.2,8
CROA,0,122,54.30555381653838,33.377567718680716,-20.92798609785766,0.2,8
CROA,0,123,54.30555381653838,33.377567718680716,-20.92798609785766,0.2,8
CROA,0,124,54.30555381653838,33.377567718680716,-20.92798609785766,0.2,8
CROA,0,125,54.30555381653838,33.377567718680716,-20.92798609785766,0.2,8
CROA,0,126,54.30555381653838,33.377567718680716,-20.92798609785766,0.2,8
CROA,0,127,54.30555381653838,33.377567718680716,-20.92798609785766,0.2,8
CROA,0,128,54.30555381653838,33.377567718680716,-20.92798609785766,0.1,8
CROA,0,129,54.30555381653838,33.377567718680716,-20.92798609785766,0.11000000000000001,8
CROA,0,130,54.30555381653838,33.377567718680716,-20.92798609785766,0.12100000000000002,8
CROA,0,131,54.30555381653838,33.377567718680716,-20.92798609785766,0.13310000000000002,8
CROA,0,132,54.30555381653838,33.377567718680716,-20.92798609785766,0.14641000000000004,8
CROA,0,133,54.30555381653838,33.377567718680716,-20.92798609785766,0.16105100000000006,8
CROA,0,134,54.30555381653838,33.377567718680716,-20.92798609785766,0.17715610000000007,8
CROA,0,135,54.30555381653838,33.377567718680716,-20.92798609785766,0.1948717100000001,8
CROA,0,136,54.30555381653838,33.377567718680716,-20.92798609785766,0.2,8
CROA,0,137,54.30555381653838,33.377567718680716,-20.92798609785766,0.2,8
CROA,0,138,54.30555381653838,33.377567718680716,-20.92798609785766,0.2,8
CROA,0,139,54.30555381653838,33.377567718680716,-20.92798609785766,0.2,8
CROA,0,140,54.30555381653838,33.377567718680716,-20.92798609785766,0.2,8
CROA,0,141,54.30555381653838,33.377567718680716,-20.92798609785766,0.2,8
CROA,0,142,54.30555381653838,33.377567718680716,-20.92798609785766,0.2,8
CROA,0,143,54.30555381653838,33.377567718680716,-20.92798609785766,0.2,8
CROA,0,144,54.30555381653838,33.377567718680716,-20.92798609785766,0.2,8
CROA,0,145,54.30555381653838,33.377567718680716,-20.92798609785766,0.2,8
CROA,0,146,54.30555381653838,33.377567718680716,-20.92798609785766,0.2,8
CROA,0,147,54.30555381653838,33.377567718680716,-20.92798609785766,0.2,8
CROA,0,148,54.30555381653838,33.377567718680716,-20.92798609785766,0.2,8
CROA,0,149,54.30555381653838,33.377567718680716,-20.92798609785766,0.2,8
CROA,0,150,54.30555381653838,33.377567718680716,-20.92798609785766,0.2,8
CROA,1,1,38.294412680541804,33.10385892146611,-5.190553759075689,0.05,1
CROA,1,2,38.294412680541804,33.10385892146611,-5.190553759075689,0.025,1
CROA,1,3,38.294412680541804,33.10385892146611,-5.190553759075689,0.0125,1
CROA,1,4,27.362155234315555,31.117898793492508,3.755743559176952,0.012712631982061455,2
CROA,1,5,27.362155234315555,31.117898793492508,3.755743559176952,0.0063563159910307275,2
CROA,1,6,27.362155234315555,31.117898793492508,3.755743559176952,0.0031781579955153638,2
CROA,1,7,27.362155234315555,31.117898793492508,3.755743559176952,0.0015890789977576819,2
CROA,1,8,27.362155234315555,31.117898793492508,3.755743559176952,0.001,2
CROA,1,9,27.362155234315555,31.117898793492508,3.755743559176952,0.001,2
CROA,1,10,23.810805610368778,30.389365361218907,6.57855975085013,0.005238658288549839,3
CROA,1,11,23.810805610368778,30.389365361218907,6.57855975085013,0.0026193291442749194,3
CROA,1,12,26.362117248986415,30.32109124902656,3.9589740000401434,0.005458201852280836,4
CROA,1,13,26.362117248986415,30.32109124902656,3.9589740000401434,0.006004022037508921,4
CROA,1,14,26.47986492803594,30.339585100680118,3.859720172644176,0.007298158761737166,5
CROA,1,15,26.860749992151604,30.092127154403443,3.2313771622518384,0.01113260675396869,6
CROA,1,16,27.109552575889058,30.1688963552939,3.0593437794048413,0.005754434740468892,7
CROA,1,17,28.31505441470659,29.710466099257367,1.3954116845507774,0.008648018003058032,8
CROA,1,18,28.46378091712363,29.76953078741488,1.3057498702912511,0.004781373937523734,9
CROA,1,19,28.504994657464184,29.891629487609677,1.3866348301454936,0.007560675392623266,10
CROA,1,20,28.905759719097528,29.930105766223654,1.024346047126125,0.009359415982797001,11
CROA,1,21,28.182104417258806,29.866043017959534,1.6839386007007269,0.011460853764172184,12
CROA,1,22,30.19950643650681,29.79188929481623,-0.40761714169058055,0.016496751633760996,13
CROA,1,23,30.19950643650681,29.79188929481623,-0.40761714169058055,0.008248375816880498,13
CROA,1,24,30.19950643650681,29.79188929481623,-0.40761714169058055,0.009073213398568548,13
CROA,1,25,30.19950643650681,29.79188929481623,-0.40761714169058055,0.009980534738425403,13
CROA,1,26,30.19950643650681,29.79188929481623,-0.40761714169058055,0.004990267369212702,13
CROA,1,27,30.19950643650681,29.79188929481623,-0.40761714169058055,0.002495133684606351,13
CROA,1,28,30.19950643650681,29.79188929481623,-0.40761714169058055,0.0012475668423031754,13
CROA,1,29,28.57333223822663,29.749923854568458,1.1765916163418266,0.0030599022736980093,14
CROA,1,30,28.57333223822663,29.749923854568458,1.1765916163418266,0.0033658925010678106,14
CROA,1,31,28.57333223822663,29.749923854568458,1.1765916163418266,0.003702481751174592,14
CROA,1,32,28.57333223822663,29.749923854568458,1.1765916163418266,0.001851240875587296,14
CROA,1,33,27.6371071572146,29.74448855389734,2.10738139668274,0.002838788858884526,15
CROA,1,34,27.6371071572146,29.74448855389734,2.10738139668274,0.003122667744772979,15
CROA,1,35,27.6371071572146,29.74448855389734,2.10738139668274,0.003434934519250277,15
CROA,1,36,27.6371071572146,29.74448855389734,2.10738139668274,0.003778427971175305,15
CROA,1,37,27.6371071572146,29.74448855389734,2.10738139668274,0.0018892139855876526,15
CROA,1,38,27.826306577758345,29.515251247965235,1.6889446702068918,0.0036081491637714037,16
CROA,1,39,27.826306577758345,29.515251247965235,1.6889446702068918,0.0018040745818857019,16
CROA,1,40,28.750947224041603,29.282380837946103,0.5314336139045001,0.004367093387873478,17
CROA,1,41,28.750947224041603,29.282380837946103,0.5314336139045001,0.002183546693936739,17
CROA,1,42,28.750947224041603,29.282380837946103,0.5314336139045001,0.0010917733469683695,17
CROA,1,43,28.750947224041603,29.282380837946103,0.5314336139045001,0.0012009506816652066,17
CROA,1,44,28.750947224041603,29.282380837946103,0.5314336139045001,0.0013210457498317274,17
CROA,1,45,28.750947224041603,29.282380837946103,0.5314336139045001,0.0014531503248149003,17
CROA,1,46,28.899936733500965,29.298710354829804,0.3987736213288405,0.0017545421933178806,18
CROA,1,47,28.899936733500965,29.298710354829804,0.3987736213288405,0.0019299964126496688,18
CROA,1,48,28.899936733500965,29.298710354829804,0.3987736213288405,0.001,18
CROA,1,49,30.748617599493052,29.171938856791606,-1.5766787427014464,0.002388204026513138,19
CROA,1,50,30.748617599493052,29.171938856791606,-1.5766787427014464,0.001194102013256569,19
CROA,1,51,30.748617599493052,29.171938856791606,-1.5766787427014464,0.001,19
CROA,1,52,32.07509681250694,29.113072952304094,-2.9620238602028466,0.0018372502309684578,20
CROA,1,53,32.07509681250694,29.113072952304094,-2.9620238602028466,0.002020975254065304,20
CROA,1,54,32.07509681250694,29.113072952304094,-2.9620238602028466,0.001010487627032652,20
CROA,1,55,32.07509681250694,29.113072952304094,-2.9620238602028466,0.0011115363897359171,20
CROA,1,56,29.498446994081366,29.05830810622003,-0.44013888786133687,0.0018821780634617783,21
CROA,1,57,30.26943528142543,29.206846384779478,-1.062588896645952,0.0032334003559399845,22
CROA,1,58,30.26943528142543,29.206846384779478,-1.062588896645952,0.0035567403915339833,22
CROA,1,59,30.147955379190762,29.29222019424249,-0.8557351849482716,0.004375231691398058,23
CROA,1,60,30.147955379190762,29.29222019424249,-0.8557351849482716,0.004812754860537864,23
CROA,1,61,30.147955379190762,29.29222019424249,-0.8557351849482716,0.002406377430268932,23
CROA,1,62,30.147955379190762,29.29222019424249,-0.8557351849482716,0.001203188715134466,23
CROA,1,63,29.147287468270516,29.282579507689338,0.13529203941882292,0.0016728452463194167,24
CROA,1,64,29.30984101321889,29.038003304976364,-0.27183770824252446,0.003915396603417895,25
CROA,1,65,29.30984101321889,29.038003304976364,-0.27183770824252446,0.0019576983017089477,25
CROA,1,66,29.81463683293648,29.09862641647864,-0.716010416457839,0.001438957952706641,26
CROA,1,67,29.81463683293648,29.09862641647864,-0.716010416457839,0.0015828537479773053,26
CROA,1,68,29.81463683293648,29.09862641647864,-0.716010416457839,0.0017411391227750359,26
CROA,1,69,29.81463683293648,29.09862641647864,-0.716010416457839,0.001,26
CROA,1,70,29.81463683293648,29.09862641647864,-0.716010416457839,0.001,26
CROA,1,71,30.16873192779952,29.013515366991626,-1.1552165608078926,0.0019685529960959194,27
CROA,1,72,31.63715611988544,29.068257459763103,-2.568898660122336,0.0015808527905670435,28
CROA,1,73,31.63715611988544,29.068257459763103,-2.568898660122336,0.001738938069623748,28
CROA,1,74,32.65262258341915,29.059408860299705,-3.5932137231194496,0.0022571882910668415,29
CROA,1,75,32.65262258341915,29.059408860299705,-3.5932137231194496,0.0011285941455334207,29
CROA,1,76,32.65262258341915,29.059408860299705,-3.5932137231194496,0.001,29
CROA,1,77,32.65262258341915,29.059408860299705,-3.5932137231194496,0.0011,29
CROA,1,78,32.65262258341915,29.059408860299705,-3.5932137231194496,0.0012100000000000001,29
CROA,1,79,32.65262258341915,29.059408860299705,-3.5932137231194496,0.0013310000000000002,29
CROA,1,80,32.65262258341915,29.059408860299705,-3.5932137231194496,0.0014641000000000003,29
CROA,1,81,32.65262258341915,29.059408860299705,-3.5932137231194496,0.0016105100000000005,29
CROA,1,82,32.65262258341915,29.059408860299705,-3.5932137231194496,0.001,29
CROA,1,83,32.65262258341915,29.059408860299705,-3.5932137231194496,0.001,29
CROA,1,84,30.39077501859872,29.044467193493304,-1.3463078251054152,0.0012867464884315834,30
CROA,1,85,30.39077501859872,29.044467193493304,-1.3463078251054152,0.001415421137274742,30
CROA,1,86,30.045599495200264,29.112178534765643,-0.9334209604346206,0.002136780466558919,31
CROA,1,87,29.366450575183848,29.184397299835027,-0.18205327534882207,0.0025551179814309634,32
CROA,1,88,29.366450575183848,29.184397299835027,-0.18205327534882207,0.00281062977957406,32
CROA,1,89,27.825950837293856,29.288658022720263,1.4627071854264064,0.0021729915825407582,33
CROA,1,90,21.385790281411236,28.88523933954664,7.499449058135404,0.006191172430034161,34
CROA,1,91,21.636616444482705,28.62529924866431,6.988682804181603,0.004932356065459248,35
CROA,1,92,21.636616444482705,28.62529924866431,6.988682804181603,0.002466178032729624,35
CROA,1,93,20.901597105208328,28.33888450603714,7.437287400828811,0.003155203667192098,36
CROA,1,94,22.20636250975558,28.070870696856964,5.864508187101386,0.00769580321936782,37
CROA,1,95,22.20636250975558,28.070870696856964,5.864508187101386,0.008465383541304604,37
CROA,1,96,22.995869319378727,27.987249149035648,4.991379829656922,0.0100411680250116,38
CROA,1,97,24.281733962317794,28.02996672328138,3.7482327609635857,0.011049899703474588,39
CROA,1,98,24.281733962317794,28.02996672328138,3.7482327609635857,0.012154889673822047,39
CROA,1,99,26.477366387127944,28.100076428622284,1.6227100414943394,0.006847270460543734,40
CROA,1,100,26.477366387127944,28.100076428622284,1.6227100414943394,0.003423635230271867,40
CROA,1,101,26.477366387127944,28.100076428622284,1.6227100414943394,0.0017118176151359335,40
CROA,1,102,26.477366387127944,28.100076428622284,1.6227100414943394,0.001,40
CROA,1,103,26.208827487499992,28.220923840283298,2.0120963527833076,0.002641305488616812,41
CROA,1,104,25.96626631083495,28.052629965898348,2.0863636550633964,0.0037830098951107866,42
CROA,1,105,25.96626631083495,28.052629965898348,2.0863636550633964,0.0018915049475553933,42
CROA,1,106,25.8301198016581,28.17858753620836,2.348467734550262,0.0030529949886054335,43
CROA,1,107,25.024888014707646,28.250871537652287,3.2259835229446416,0.004121454054249519,44
CROA,1,108,25.024888014707646,28.250871537652287,3.2259835229446416,0.004533599459674471,44
CROA,1,109,25.024888014707646,28.250871537652287,3.2259835229446416,0.0049869594056419185,44
CROA,1,110,25.44249734787777,28.20881006881681,2.7663127209390397,0.006190783249299979,45
CROA,1,111,25.44249734787777,28.20881006881681,2.7663127209390397,0.006809861574229977,45
CROA,1,112,25.44249734787777,28.20881006881681,2.7663127209390397,0.007490847731652975,45
CROA,1,113,25.539179155402984,28.189917448274496,2.650738292871512,0.008333196808791639,46
CROA,1,114,25.539179155402984,28.189917448274496,2.650738292871512,0.009166516489670803,46
CROA,1,115,25.539179155402984,28.189917448274496,2.650738292871512,0.004583258244835402,46
CROA,1,116,25.539179155402984,28.189917448274496,2.650738292871512,0.005041584069318942,46
CROA,1,117,25.539179155402984,28.189917448274496,2.650738292871512,0.002520792034659471,46
CROA,1,118,25.539179155402984,28.189917448274496,2.650738292871512,0.0012603960173297355,46
CROA,1,119,25.539179155402984,28.189917448274496,2.650738292871512,0.0013864356190627092,46
CROA,1,120,23.360340863951343,27.62731872543492,4.266977861483579,0.004595691866030368,47
CROA,1,121,23.621858587340355,27.794857955537093,4.172999368196737,0.003848936113563107,48
CROA,1,122,22.236346837818626,27.44224387269577,5.205897034877143,0.005913127066337351,49
CROA,1,123,22.236346837818626,27.44224387269577,5.205897034877143,0.0029565635331686756,49
CROA,1,124,23.20146526781725,27.17308263178118,3.9716173639639307,0.004468583195166471,50
CROA,1,125,23.20146526781725,27.17308263178118,3.9716173639639307,0.004915441514683118,50
CROA,1,126,23.410900239498986,27.202411090591774,3.7915108510927897,0.0026004747203055975,51
CROA,1,127,23.410900239498986,27.202411090591774,3.7915108510927897,0.0013002373601527987,51
CROA,1,128,23.410900239498986,27.202411090591774,3.7915108510927897,0.0014302610961680787,51
CROA,1,129,23.410900239498986,27.202411090591774,3.7915108510927897,0.001,51
CROA,1,130,23.5505014800266,26.909375687471943,3.358874207445344,0.00499721768854005,52
CROA,1,131,22.082816393242876,27.124043075617493,5.041226682374616,0.005431815296415509,53
CROA,1,132,22.42428362943596,27.13031284538073,4.70602921594477,0.006191004144299251,54
CROA,1,133,22.5077281545335,27.077023508733205,4.569295354199706,0.0073950316905225435,55
CROA,1,134,22.5077281545335,27.077023508733205,4.569295354199706,0.008134534859574799,55
CROA,1,135,22.678508357428434,26.95178048575152,4.273272128323087,0.004980913228775219,56
CROA,1,136,21.30248529157472,27.00764176498737,5.705156473412651,0.005295611974466978,57
CROA,1,137,21.13480470815434,27.014908949122137,5.880104240967796,0.006409942920919169,58
CROA,1,138,21.930001727072593,26.823043695440056,4.893041968367464,0.008884151729743604,59
CROA,1,139,19.207336882176364,26.285889882646025,7.07855300046966,0.008934745431209484,60
CROA,1,140,19.758884264358894,26.64789182371614,6.889007559357246,0.006321697758017768,61
CROA,1,141,20.010942744407064,26.757498840377615,6.7465560959705515,0.008250270864268607,62
CROA,1,142,20.546515954326473,26.71629651834848,6.169780564022005,0.009977793550173775,63
CROA,1,143,20.6415256359263,26.606735923547543,5.965210287621244,0.01156591756458297,64
CROA,1,144,20.834444476395152,26.48522144424877,5.650776967853616,0.013316249228169551,65
CROA,1,145,20.834444476395152,26.48522144424877,5.650776967853616,0.006658124614084776,65
CROA,1,146,21.017676304189344,26.585259483850688,5.567583179661345,0.003588672249353544,66
CROA,1,147,21.820429871191557,25.92195250877335,4.101522637581795,0.010459970246889556,67
CROA,1,148,21.602483982671362,25.517847268224514,3.9153632855531533,0.007375908934408433,68
CROA,1,149,24.592589216534545,25.19602584867393,0.6034366321393834,0.01498928622736953,69
CROA,1,150,22.652712081550423,25.561023179802174,2.9083110982517506,0.010043987672247848,70
CROA,2,1,48.2795243943138,33.72628782719239,-14.553236567121415,0.05,0
CROA,2,2,48.2795243943138,33.72628782719239,-14.553236567121415,0.025,0
CROA,2,3,48.2795243943138,33.72628782719239,-14.553236567121415,0.027500000000000004,0
CROA,2,4,48.2795243943138,33.72628782719239,-14.553236567121415,0.013750000000000002,0
CROA,2,5,48.2795243943138,33.72628782719239,-14.553236567121415,0.015125000000000003,0
CROA,2,6,48.2795243943138,33.72628782719239,-14.553236567121415,0.016637500000000003,0
CROA,2,7,48.2795243943138,33.72628782719239,-14.553236567121415,0.008318750000000001,0
CROA,2,8,48.2795243943138,33.72628782719239,-14.553236567121415,0.009150625000000003,0
CROA,2,9,48.2795243943138,33.72628782719239,-14.553236567121415,0.010065687500000003,0
CROA,2,10,49.899731162911834,33.70975193080517,-16.189979232106666,0.005377866205133082,1
CROA,2,11,49.899731162911834,33.70975193080517,-16.189979232106666,0.00591565282564639,1
CROA,2,12,51.762753470399645,33.70961211709432,-18.053141353305318,0.002957890447545055,1
CROA,2,13,51.762753470399645,33.70961211709432,-18.053141353305318,0.003253679492299561,1
CROA,2,14,51.762753470399645,33.70961211709432,-18.053141353305318,0.0016268397461497806,1
CROA,2,15,51.762753470399645,33.70961211709432,-18.053141353305318,0.0017895237207647588,1
CROA,2,16,51.762753470399645,33.70961211709432,-18.053141353305318,0.001,1
CROA,2,17,49.75723408425711,33.68283136232991,-16.074402721927196,0.001739070600570031,2
CROA,2,18,49.75723408425711,33.68283136232991,-16.074402721927196,0.0019129776606270344,2
CROA,2,19,49.75723408425711,33.68283136232991,-16.074402721927196,0.001,2
CROA,2,20,49.75723408425711,33.68283136232991,-16.074402721927196,0.001,2
CROA,2,21,49.75723408425711,33.68283136232991,-16.074402721927196,0.001,2
CROA,2,22,49.75723408425711,33.68283136232991,-16.074402721927196,0.0011,2
CROA,2,23,49.75723408425711,33.68283136232991,-16.074402721927196,0.0012100000000000001,2
CROA,2,24,48.85426068561931,33.68141918566381,-15.172841499955494,0.001482986033630332,3
CROA,2,25,48.81350628351838,33.67792785041944,-15.135578433098942,0.0018116473061954917,4
CROA,2,26,48.81350628351838,33.67792785041944,-15.135578433098942,0.001992812036815041,4
CROA,2,27,48.81350628351838,33.67792785041944,-15.135578433098942,0.001,4
CROA,2,28,48.81350628351838,33.67792785041944,-15.135578433098942,0.001,4
CROA,2,29,48.81350628351838,33.67792785041944,-15.135578433098942,0.001,4
CROA,2,30,48.81350628351838,33.67792785041944,-15.135578433098942,0.001,4
CROA,2,31,48.81350628351838,33.67792785041944,-15.135578433098942,0.001,4
CROA,2,32,48.81350628351838,33.67792785041944,-15.135578433098942,0.001,4
CROA,2,33,47.37594498574814,33.644240708571296,-13.731704277176846,0.0020208964227397424,5
CROA,2,34,47.37594498574814,33.644240708571296,-13.731704277176846,0.0010104482113698712,5
CROA,2,35,47.37594498574814,33.644240708571296,-13.731704277176846,0.001,5
CROA,2,36,47.37594498574814,33.644240708571296,-13.731704277176846,0.001,5
CROA,2,37,47.37594498574814,33.644240708571296,-13.731704277176846,0.001,5
CROA,2,38,47.37594498574814,33.644240708571296,-13.731704277176846,0.001,5
CROA,2,39,47.37594498574814,33.644240708571296,-13.731704277176846,0.001,5
CROA,2,40,47.37594498574814,33.644240708571296,-13.731704277176846,0.001,5
CROA,2,41,47.37594498574814,33.644240708571296,-13.731704277176846,0.001,5
CROA,2,42,47.37594498574814,33.644240708571296,-13.731704277176846,0.001,5
CROA,2,43,47.37594498574814,33.644240708571296,-13.731704277176846,0.001,5
CROA,2,44,47.37594498574814,33.644240708571296,-13.731704277176846,0.0011,5
CROA,2,45,47.37594498574814,33.644240708571296,-13.731704277176846,0.001,5
CROA,2,46,47.37594498574814,33.644240708571296,-13.731704277176846,0.0011,5
CROA,2,47,47.37594498574814,33.644240708571296,-13.731704277176846,0.001,5
CROA,2,48,47.37594498574814,33.644240708571296,-13.731704277176846,0.001,5
CROA,2,49,47.37594498574814,33.644240708571296,-13.731704277176846,0.001,5
CROA,2,50,47.37594498574814,33.644240708571296,-13.731704277176846,0.001,5
CROA,2,51,54.37192701481516,33.612869975603886,-20.759057039211275,0.0020791351183923864,6
CROA,2,52,54.37192701481516,33.612869975603886,-20.759057039211275,0.002287048630231625,6
CROA,2,53,54.37192701481516,33.612869975603886,-20.759057039211275,0.0025157534932547876,6
CROA,2,54,54.37192701481516,33.612869975603886,-20.759057039211275,0.0027673288425802667,6
CROA,2,55,54.37192701481516,33.612869975603886,-20.759057039211275,0.003044061726838294,6
CROA,2,56,54.37192701481516,33.612869975603886,-20.759057039211275,0.001522030863419147,6
CROA,2,57,54.37192701481516,33.612869975603886,-20.759057039211275,0.001,6
CROA,2,58,51.72056440704216,33.64273692018797,-18.077827486854186,0.0012561232316423867,7
CROA,2,59,51.72056440704216,33.64273692018797,-18.077827486854186,0.0013817355548066256,7
CROA,2,60,51.72056440704216,33.64273692018797,-18.077827486854186,0.001,7
CROA,2,61,51.72056440704216,33.64273692018797,-18.077827486854186,0.001,7
CROA,2,62,51.72056440704216,33.64273692018797,-18.077827486854186,0.001,7
CROA,2,63,51.72056440704216,33.64273692018797,-18.077827486854186,0.001,7
CROA,2,64,51.72056440704216,33.64273692018797,-18.077827486854186,0.001,7
CROA,2,65,51.72056440704216,33.64273692018797,-18.077827486854186,0.001,7
CROA,2,66,51.72056440704216,33.64273692018797,-18.077827486854186,0.0011,7
CROA,2,67,51.72056440704216,33.64273692018797,-18.077827486854186,0.001,7
CROA,2,68,51.72056440704216,33.64273692018797,-18.077827486854186,0.001,7
CROA,2,69,51.72056440704216,33.64273692018797,-18.077827486854186,0.001,7
CROA,2,70,51.72056440704216,33.64273692018797,-18.077827486854186,0.001,7
CROA,2,71,51.72056440704216,33.64273692018797,-18.077827486854186,0.001,7
CROA,2,72,51.72056440704216,33.64273692018797,-18.077827486854186,0.001,7
CROA,2,73,51.72056440704216,33.64273692018797,-18.077827486854186,0.0011,7
CROA,2,74,51.72056440704216,33.64273692018797,-18.077827486854186,0.001,7
CROA,2,75,51.72056440704216,33.64273692018797,-18.077827486854186,0.001,7
CROA,2,76,51.72056440704216,33.64273692018797,-18.077827486854186,0.001,7
CROA,2,77,49.74682274360688,33.630984507701065,-16.115838235905812,0.0014911506675482228,8
CROA,2,78,49.74682274360688,33.630984507701065,-16.115838235905812,0.001,8
CROA,2,79,49.74682274360688,33.630984507701065,-16.115838235905812,0.0011,8
CROA,2,80,48.775054647830885,33.63123630436322,-15.143818343467665,0.0010826322411364928,9
CROA,2,81,48.775054647830885,33.63123630436322,-15.143818343467665,0.0011908954652501422,9
CROA,2,82,48.775054647830885,33.63123630436322,-15.143818343467665,0.001,9
CROA,2,83,48.775054647830885,33.63123630436322,-15.143818343467665,0.001,9
CROA,2,84,48.775054647830885,33.63123630436322,-15.143818343467665,0.001,9
CROA,2,85,48.775054647830885,33.63123630436322,-15.143818343467665,0.001,9
CROA,2,86,48.775054647830885,33.63123630436322,-15.143818343467665,0.001,9
CROA,2,87,48.775054647830885,33.63123630436322,-15.143818343467665,0.0011,9
CROA,2,88,48.775054647830885,33.63123630436322,-15.143818343467665,0.001,9
CROA,2,89,48.775054647830885,33.63123630436322,-15.143818343467665,0.001,9
CROA,2,90,48.775054647830885,33.63123630436322,-15.143818343467665,0.001,9
CROA,2,91,48.775054647830885,33.63123630436322,-15.143818343467665,0.0011,9
CROA,2,92,48.775054647830885,33.63123630436322,-15.143818343467665,0.001,9
CROA,2,93,46.83427227158615,33.62960306062247,-13.204669210963681,0.001065523585016111,10
CROA,2,94,46.83427227158615,33.62960306062247,-13.204669210963681,0.001,10
CROA,2,95,46.83427227158615,33.62960306062247,-13.204669210963681,0.001,10
CROA,2,96,46.83427227158615,33.62960306062247,-13.204669210963681,0.001,10
CROA,2,97,46.83427227158615,33.62960306062247,-13.204669210963681,0.0011,10
CROA,2,98,46.83427227158615,33.62960306062247,-13.204669210963681,0.001,10
CROA,2,99,46.83427227158615,33.62960306062247,-13.204669210963681,0.001,10
CROA,2,100,46.83427227158615,33.62960306062247,-13.204669210963681,0.0011,10
CROA,2,101,46.83427227158615,33.62960306062247,-13.204669210963681,0.001,10
CROA,2,102,46.83427227158615,33.62960306062247,-13.204669210963681,0.001,10
CROA,2,103,46.83427227158615,33.62960306062247,-13.204669210963681,0.001,10
CROA,2,104,46.83427227158615,33.62960306062247,-13.204669210963681,0.001,10
CROA,2,105,46.83427227158615,33.62960306062247,-13.204669210963681,0.001,10
CROA,2,106,46.83427227158615,33.62960306062247,-13.204669210963681,0.001,10
CROA,2,107,44.08588438641851,33.617279667886415,-10.468604718532102,0.0010211080947267383,11
CROA,2,108,44.08588438641851,33.617279667886415,-10.468604718532102,0.0011232189041994122,11
CROA,2,109,44.08588438641851,33.617279667886415,-10.468604718532102,0.001,11
CROA,2,110,44.08588438641851,33.617279667886415,-10.468604718532102,0.0011,11
CROA,2,111,44.08588438641851,33.617279667886415,-10.468604718532102,0.001,11
CROA,2,112,44.08588438641851,33.617279667886415,-10.468604718532102,0.001,11
CROA,2,113,44.08588438641851,33.617279667886415,-10.468604718532102,0.001,11
CROA,2,114,44.08588438641851,33.617279667886415,-10.468604718532102,0.001,11
CROA,2,115,44.08588438641851,33.617279667886415,-10.468604718532102,0.001,11
CROA,2,116,44.08588438641851,33.617279667886415,-10.468604718532102,0.001,11
CROA,2,117,44.08588438641851,33.617279667886415,-10.468604718532102,0.001,11
CROA,2,118,44.08588438641851,33.617279667886415,-10.468604718532102,0.001,11
CROA,2,119,41.52947703457386,33.48484820745505,-8.044628827118807,0.002188204998342786,12
CROA,2,120,41.52947703457386,33.48484820745505,-8.044628827118807,0.001094102499171393,12
CROA,2,121,41.52947703457386,33.48484820745505,-8.044628827118807,0.001,12
CROA,2,122,41.52947703457386,33.48484820745505,-8.044628827118807,0.0011,12
CROA,2,123,41.52947703457386,33.48484820745505,-8.044628827118807,0.001,12
CROA,2,124,41.52947703457386,33.48484820745505,-8.044628827118807,0.001,12
CROA,2,125,41.52947703457386,33.48484820745505,-8.044628827118807,0.001,12
CROA,2,126,29.80273800747485,33.07523451215296,3.272496504678109,0.0027572599919396647,13
CROA,2,127,34.14864047158751,32.44257839231737,-1.7060620792701418,0.0015412422278486962,14
CROA,2,128,34.14864047158751,32.44257839231737,-1.7060620792701418,0.001,14
CROA,2,129,34.14864047158751,32.44257839231737,-1.7060620792701418,0.001,14
CROA,2,130,34.14864047158751,32.44257839231737,-1.7060620792701418,0.001,14
CROA,2,131,31.619411422034233,30.757462618231823,-0.8619488038024107,0.0424996742536001,15
CROA,2,132,30.97792023885766,30.972295651334573,-0.005624587523088771,0.02460604837563457,16
CROA,2,133,31.66517234926388,31.095383056441513,-0.5697892928223686,0.013269089382945234,17
CROA,2,134,29.41476340352414,30.87353955346707,1.4587761499429284,0.01601863932213152,18
CROA,2,135,29.749707709882664,30.909226981932726,1.1595192720500604,0.018102689967933096,19
CROA,2,136,30.81897172804022,30.933840096124623,0.1148683680844027,0.02224943672948963,20
CROA,2,137,29.625240596999486,30.92329974975943,1.2980591527599425,0.027597721024328413,21
CROA,2,138,30.244662154735607,30.94133895260181,0.6966767978662017,0.013979540687696945,22
CROA,2,139,31.52051635300974,30.94546162698432,-0.5750547260254214,0.01699662051261821,23
CROA,2,140,32.79021871083558,30.918344851388277,-1.8718738594473041,0.010528439786760557,24
CROA,2,141,33.22512115056351,30.563482369799733,-2.6616387807637785,0.015037093435371275,25
CROA,2,142,34.7039619142656,30.63083219162934,-4.073129722636259,0.016747937303641807,26
CROA,2,143,39.43083692982888,30.753662317005368,-8.677174612823512,0.019328001573543255,27
CROA,2,144,39.43083692982888,30.753662317005368,-8.677174612823512,0.02126080173089758,27
CROA,2,145,39.43083692982888,30.753662317005368,-8.677174612823512,0.02338688190398734,27
CROA,2,146,39.43083692982888,30.753662317005368,-8.677174612823512,0.02572557009438608,27
CROA,2,147,39.43083692982888,30.753662317005368,-8.677174612823512,0.01286278504719304,27
CROA,2,148,39.43083692982888,30.753662317005368,-8.677174612823512,0.014149063551912344,27
CROA,2,149,39.43083692982888,30.753662317005368,-8.677174612823512,0.007074531775956172,27
CROA,2,150,39.43083692982888,30.753662317005368,-8.677174612823512,0.003537265887978086,27
CROA,3,1,35.42089347106742,33.34474989946418,-2.0761435716032395,0.05,1
CROA,3,2,36.18123773641138,32.48698904373863,-3.694248692672751,0.025029662365498355,2
CROA,3,3,39.06922612874885,32.47487678457075,-6.594349344178102,0.027532628602048193,3
CROA,3,4,40.98163475835608,32.504849770173514,-8.476784988182564,0.030285891462253016,4
CROA,3,5,44.264117410028895,32.296543762800276,-11.967573647228619,0.015142945731126508,5
CROA,3,6,44.264117410028895,32.296543762800276,-11.967573647228619,0.01665724030423916,5
CROA,3,7,43.13603494258592,31.999320242006206,-11.136714700579716,0.00832862015211958,6
CROA,3,8,44.43103375065252,32.21443274982713,-12.216601000825383,0.009161482167331538,7
CROA,3,9,46.53756502151922,32.09580452536313,-14.441760496156093,0.004580741083665769,8
CROA,3,10,46.561344196168534,32.00055519103814,-14.560789005130397,0.005038815192032346,9
CROA,3,11,45.23955074692773,31.57050852134356,-13.669042225584171,0.0055426967112355814,10
CROA,3,12,44.46252786969035,31.445553894959467,-13.016973974730883,0.0027713483556177907,11
CROA,3,13,43.65994239097228,30.909192090436143,-12.75075030053614,0.00304848319117957,12
CROA,3,14,43.65994239097228,30.909192090436143,-12.75075030053614,0.001524241595589785,12
CROA,3,15,43.65994239097228,30.909192090436143,-12.75075030053614,0.001,12
CROA,3,16,47.815577617490405,31.003728363829843,-16.811849253660558,0.001,13
CROA,3,17,46.662287107727785,31.005596820738006,-15.656690286989777,0.0011,14
CROA,3,18,45.484227425452566,30.41709104782422,-15.067136377628346,0.001,15
CROA,3,19,49.68608005602607,30.50040572774374,-19.185674328282328,0.001,16
CROA,3,20,54.333466685504376,30.671378865839053,-23.662087819665327,0.0011,17
CROA,3,21,54.333466685504376,30.671378865839053,-23.662087819665327,0.0012100000000000001,17
CROA,3,22,54.333466685504376,30.671378865839053,-23.662087819665327,0.001,17
CROA,3,23,54.333466685504376,30.671378865839053,-23.662087819665327,0.001,17
CROA,3,24,45.8790437043309,31.181168372535865,-14.697875331795034,0.001,18
CROA,3,25,42.93244367424314,30.531918798581266,-12.400524875661873,0.001,19
CROA,3,26,43.38642903178138,30.26169186655833,-13.124737165223054,0.0011,20
CROA,3,27,43.68308681098892,30.25545772559722,-13.427629085391695,0.001,21
CROA,3,28,38.42839704868853,30.436315052861744,-7.992081995826784,0.0011,22
CROA,3,29,38.82733624258306,30.569824566066583,-8.25751167651648,0.001,23
CROA,3,30,40.90931408212627,30.770286705902215,-10.139027376224057,0.0011,24
CROA,3,31,44.01172725394791,30.93240358709776,-13.079323666850152,0.001007293381576444,25
CROA,3,32,44.01172725394791,30.93240358709776,-13.079323666850152,0.001,25
CROA,3,33,45.21072607164939,30.65286617440144,-14.557859897247951,0.001,26
CROA,3,34,47.22480757192325,30.688871004662836,-16.53593656726041,0.0011,27
CROA,3,35,52.60105163293508,30.725272857186564,-21.87577877574852,0.001,28
CROA,3,36,52.60105163293508,30.725272857186564,-21.87577877574852,0.001,28
CROA,3,37,52.66682465153605,30.72536860940086,-21.94145604213519,0.001,29
CROA,3,38,54.999087185588024,30.596005042979726,-24.403082142608298,0.0011,30
CROA,3,39,54.999087185588024,30.596005042979726,-24.403082142608298,0.0012100000000000001,30
CROA,3,40,50.08907216066954,30.745182228550732,-19.343889932118806,0.001,31
CROA,3,41,50.08907216066954,30.745182228550732,-19.343889932118806,0.001,31
CROA,3,42,49.6694640548304,31.04296929013604,-18.62649476469436,0.0010491303056102102,32
CROA,3,43,51.23743112320935,30.855149537496708,-20.382281585712636,0.0010057158974645368,33
CROA,3,44,49.9712567654031,30.987439122175676,-18.98381764322742,0.0011146008727180151,34
CROA,3,45,52.72996336169223,31.03319172563956,-21.69677163605267,0.0010034036253436507,35
CROA,3,46,53.9072204464493,30.97548653426457,-22.931733912184736,0.001004006208720341,36
CROA,3,47,53.9072204464493,30.97548653426457,-22.931733912184736,0.001104406829592375,36
CROA,3,48,53.9072204464493,30.97548653426457,-22.931733912184736,0.001,36
CROA,3,49,53.9072204464493,30.97548653426457,-22.931733912184736,0.001,36
CROA,3,50,53.9072204464493,30.97548653426457,-22.931733912184736,0.0011,36
CROA,3,51,53.9072204464493,30.97548653426457,-22.931733912184736,0.001,36
CROA,3,52,52.94804635843134,31.01948368623426,-21.928562672197085,0.001002419287170644,37
CROA,3,53,52.47410037874275,30.964473297320126,-21.509627081422618,0.00110277635894699,38
CROA,3,54,52.47410037874275,30.964473297320126,-21.509627081422618,0.001213053994841689,38
CROA,3,55,52.47410037874275,30.964473297320126,-21.509627081422618,0.001,38
CROA,3,56,52.53785853247159,30.872152897896342,-21.665705634575243,0.001,39
CROA,3,57,52.53785853247159,30.872152897896342,-21.665705634575243,0.0011,39
CROA,3,58,52.53785853247159,30.872152897896342,-21.665705634575243,0.0012100000000000001,39
CROA,3,59,52.95053386628547,30.90488559953046,-22.045648266755006,0.001,40
CROA,3,60,54.62630800041052,30.985515091096346,-23.640792909314168,0.001,41
CROA,3,61,54.62630800041052,30.985515091096346,-23.640792909314168,0.001,41
CROA,3,62,51.37626975907352,30.77640594168311,-20.59986381739041,0.0011,42
CROA,3,63,50.77841945544206,31.072899018284712,-19.70552043715735,0.0012100000000000001,43
CROA,3,64,50.56897916171165,31.0723758502693,-19.496603311442353,0.001,44
CROA,3,65,50.98293563412165,30.929592478401865,-20.053343155719787,0.0011,45
CROA,3,66,46.98024900405447,30.613609279704306,-16.36663972435017,0.0012100000000000001,46
CROA,3,67,48.246932426035784,30.62024436115734,-17.62668806487844,0.0013310000000000002,47
CROA,3,68,50.390694241114424,31.055571995479045,-19.33512224563538,0.0010327030067658963,48
CROA,3,69,50.390694241114424,31.055571995479045,-19.33512224563538,0.001,48
CROA,3,70,50.390694241114424,31.055571995479045,-19.33512224563538,0.0011,48
CROA,3,71,49.788428260176744,30.917775979223535,-18.870652280953205,0.001,49
CROA,3,72,51.19640067204297,30.643573496694838,-20.552827175348128,0.0011,50
CROA,3,73,50.66375612579604,30.60393601871382,-20.05982010708222,0.0012100000000000001,51
CROA,3,74,49.13350258886324,30.383196426114047,-18.750306162749187,0.0013310000000000002,52
CROA,3,75,48.56536879800301,30.692280155213886,-17.873088642789124,0.001490256040791088,53
CROA,3,76,48.56536879800301,30.692280155213886,-17.873088642789124,0.001,53
CROA,3,77,45.80475674342765,30.566824012749272,-15.23793273067838,0.0011063906561837793,54
CROA,3,78,45.80475674342765,30.566824012749272,-15.23793273067838,0.0012170297218021572,54
CROA,3,79,46.01199241460622,30.465286334529985,-15.546706080076232,0.001342916576752821,55
CROA,3,80,46.658087873375635,30.445651651501663,-16.21243622187397,0.0014783785110091929,56
CROA,3,81,43.98038002076724,30.210388631092876,-13.769991389674365,0.001,57
CROA,3,82,43.98038002076724,30.210388631092876,-13.769991389674365,0.0011,57
CROA,3,83,43.98038002076724,30.210388631092876,-13.769991389674365,0.001,57
CROA,3,84,44.20769735263621,30.211547014353563,-13.996150338282646,0.001,58
CROA,3,85,48.83618079155089,30.249036121363645,-18.587144670187246,0.001,59
CROA,3,86,48.83618079155089,30.249036121363645,-18.587144670187246,0.0011,59
CROA,3,87,48.54741303838989,30.31221135425721,-18.23520168413268,0.001,60
CROA,3,88,48.576119975034125,30.31202558009593,-18.264094394938194,0.001,61
CROA,3,89,50.35283994156562,30.249259576768956,-20.10358036479666,0.0011,62
CROA,3,90,50.35283994156562,30.249259576768956,-20.10358036479666,0.0012100000000000001,62
CROA,3,91,50.35283994156562,30.249259576768956,-20.10358036479666,0.001,62
CROA,3,92,47.32105436406714,30.359985320387104,-16.96106904368003,0.001,63
CROA,3,93,44.89369453969044,30.304687993333875,-14.589006546356565,0.001,64
CROA,3,94,46.73242447356802,30.382416383612735,-16.350008089955278,0.001,65
CROA,3,95,47.889932683535676,30.49664784551739,-17.39328483801829,0.0011,66
CROA,3,96,49.239852910760746,30.564079008108102,-18.675773902652644,0.0012100000000000001,67
CROA,3,97,49.84868321775352,30.527336214563658,-19.32134700318986,0.001,68
CROA,3,98,52.11631486417441,30.383248320461952,-21.733066543712464,0.0011,69
CROA,3,99,49.33880480431904,30.441390641799874,-18.897414162519166,0.001,70
CROA,3,100,49.0952389268908,30.431414091746113,-18.66382483514469,0.001,71
CROA,3,101,49.0952389268908,30.431414091746113,-18.66382483514469,0.0011,71
CROA,3,102,49.0952389268908,30.431414091746113,-18.66382483514469,0.001,71
CROA,3,103,53.0995171926017,30.567688657982792,-22.53182853461891,0.001,72
CROA,3,104,57.673631549201744,30.60741138661035,-27.066220162591392,0.001,73
CROA,3,105,57.673631549201744,30.60741138661035,-27.066220162591392,0.001,73
CROA,3,106,54.639393441191714,30.66252080216218,-23.976872639029533,0.001,74
CROA,3,107,54.639393441191714,30.66252080216218,-23.976872639029533,0.001,74
CROA,3,108,54.62486098239985,30.638961706358007,-23.985899276041845,0.001,75
CROA,3,109,54.62486098239985,30.638961706358007,-23.985899276041845,0.001,75
CROA,3,110,54.62486098239985,30.638961706358007,-23.985899276041845,0.001,75
CROA,3,111,53.8859750648235,30.79841077717252,-23.087564287650977,0.0011175999915840804,76
CROA,3,112,47.814136726891775,31.00236011271377,-16.811776614178,0.001117528093731818,77
CROA,3,113,57.016150456686084,30.85945040538183,-26.156700051304256,0.0010349624578340911,78
CROA,3,114,57.16767192748358,30.936730122262883,-26.2309418052207,0.0011580647278321725,79
CROA,3,115,57.16767192748358,30.936730122262883,-26.2309418052207,0.001,79
CROA,3,116,54.786657489941476,30.94662983824607,-23.840027651695408,0.0011038393421502245,80
CROA,3,117,56.999886819712934,30.79214297016602,-26.207743849546915,0.0012314663617393696,81
CROA,3,118,56.999886819712934,30.79214297016602,-26.207743849546915,0.0013546129979133067,81
CROA,3,119,59.30158000019989,30.75006579601267,-28.551514204187217,0.001495545636302352,82
CROA,3,120,56.3734315959795,30.71209571040976,-25.661335885569738,0.0016475386180902208,83
CROA,3,121,58.04671316455287,30.70669595311243,-27.340017211440436,0.0018124618193214317,84
CROA,3,122,58.04671316455287,30.70669595311243,-27.340017211440436,0.0019937080012535752,84
CROA,3,123,58.04671316455287,30.70669595311243,-27.340017211440436,0.002193078801378933,84
CROA,3,124,58.04671316455287,30.70669595311243,-27.340017211440436,0.0010965394006894665,84
CROA,3,125,58.04671316455287,30.70669595311243,-27.340017211440436,0.0012061933407584132,84
CROA,3,126,58.04671316455287,30.70669595311243,-27.340017211440436,0.001,84
CROA,3,127,58.04671316455287,30.70669595311243,-27.340017211440436,0.001,84
CROA,3,128,58.04671316455287,30.70669595311243,-27.340017211440436,0.001,84
CROA,3,129,53.44170601899659,30.438233197111852,-23.00347282188474,0.0011,85
CROA,3,130,53.44170601899659,30.438233197111852,-23.00347282188474,0.0012100000000000001,85
CROA,3,131,52.59590113285553,30.350237251268886,-22.245663881586648,0.001,86
CROA,3,132,51.879595301551475,30.33487338749854,-21.54472191405294,0.0011,87
CROA,3,133,55.87434954796193,30.316564298146503,-25.55778524981542,0.0012100000000000001,88
CROA,3,134,54.46346676461651,30.311682785943724,-24.151783978672785,0.0013310000000000002,89
CROA,3,135,54.46346676461651,30.311682785943724,-24.151783978672785,0.0014641000000000003,89
CROA,3,136,54.46346676461651,30.311682785943724,-24.151783978672785,0.001,89
CROA,3,137,54.46346676461651,30.311682785943724,-24.151783978672785,0.001,89
CROA,3,138,54.58372935213903,30.306068070879686,-24.277661281259345,0.001,90
CROA,3,139,54.58372935213903,30.306068070879686,-24.277661281259345,0.0011,90
CROA,3,140,54.58372935213903,30.306068070879686,-24.277661281259345,0.001,90
CROA,3,141,54.58372935213903,30.306068070879686,-24.277661281259345,0.001,90
CROA,3,142,54.58372935213903,30.306068070879686,-24.277661281259345,0.0011,90
CROA,3,143,54.58372935213903,30.306068070879686,-24.277661281259345,0.0012100000000000001,90
CROA,3,144,54.58372935213903,30.306068070879686,-24.277661281259345,0.001,90
CROA,3,145,53.043441558755326,30.308571904281276,-22.73486965447405,0.001,91
CROA,3,146,52.25713711564369,30.315997700317947,-21.94113941532574,0.0011,92
CROA,3,147,56.700540363201426,30.382093574594677,-26.318446788606746,0.001,93
CROA,3,148,55.22592791034114,30.38717571248131,-24.838752197859833,0.001,94
CROA,3,149,55.188071964336174,30.404688880705923,-24.783383083630255,0.001,95
CROA,3,150,55.188071964336174,30.404688880705923,-24.783383083630255,0.001,95
CROA,4,1,34.607253578222576,32.36859948372108,-2.238654094501496,0.05,1
CROA,4,2,34.607253578222576,32.36859948372108,-2.238654094501496,0.025,1
CROA,4,3,33.70407200001872,31.933706470215842,-1.7703655298028778,0.028122968811143685,2
CROA,4,4,21.419819061838957,30.808021175106894,9.388202113267939,0.03275829378654538,3
CROA,4,5,26.426960065289833,30.273708050051695,3.8467479847618606,0.036754145221731045,4
CROA,4,6,26.426960065289833,30.273708050051695,3.8467479847618606,0.018377072610865523,4
CROA,4,7,25.18671572743302,29.368909960064762,4.182194232631743,0.009765058609201826,5
CROA,4,8,25.518446251473165,29.329584044091632,3.8111377926184673,0.007571626336036084,6
CROA,4,9,25.518446251473165,29.329584044091632,3.8111377926184673,0.008328788969639693,6
CROA,4,10,26.41186777580159,29.40303448116282,2.991166705361229,0.00931867616807934,7
CROA,4,11,26.41186777580159,29.40303448116282,2.991166705361229,0.010250543784887274,7
CROA,4,12,26.41186777580159,29.40303448116282,2.991166705361229,0.005125271892443637,7
CROA,4,13,26.41186777580159,29.40303448116282,2.991166705361229,0.0025626359462218185,7
CROA,4,14,24.68635504806005,29.403336319971483,4.7169812719114335,0.003763394554123018,8
CROA,4,15,24.68635504806005,29.403336319971483,4.7169812719114335,0.001881697277061509,8
CROA,4,16,24.68635504806005,29.403336319971483,4.7169812719114335,0.001,8
CROA,4,17,24.759260719788777,29.435426620658003,4.676165900869226,0.0010405619524117315,9
CROA,4,18,24.759260719788777,29.435426620658003,4.676165900869226,0.0011446181476529047,9
CROA,4,19,25.23012391794606,29.431191893721458,4.2010679757753975,0.002237102865774596,10
CROA,4,20,25.23012391794606,29.431191893721458,4.2010679757753975,0.002460813152352056,10
CROA,4,21,25.23012391794606,29.431191893721458,4.2010679757753975,0.001230406576176028,10
CROA,4,22,24.947694153221356,29.437324377684703,4.489630224463347,0.001985436571696079,11
CROA,4,23,24.947694153221356,29.437324377684703,4.489630224463347,0.002183980228865687,11
CROA,4,24,24.730085458661776,29.197174260513012,4.4670888018512365,0.004760281071334945,12
CROA,4,25,24.730085458661776,29.197174260513012,4.4670888018512365,0.0023801405356674724,12
CROA,4,26,25.817720670120533,29.32835967602204,3.510639005901506,0.003912211066296283,13
CROA,4,27,25.261234542964417,29.123083094658362,3.861848551693946,0.0069496118315284,14
CROA,4,28,25.261234542964417,29.123083094658362,3.861848551693946,0.0034748059157642,14
CROA,4,29,25.865850903542118,29.13233471143446,3.266483807892343,0.0019568316925831844,15
CROA,4,30,25.865850903542118,29.13233471143446,3.266483807892343,0.002152514861841503,15
CROA,4,31,25.865850903542118,29.13233471143446,3.266483807892343,0.0010762574309207515,15
CROA,4,32,25.865850903542118,29.13233471143446,3.266483807892343,0.001,15
CROA,4,33,25.865850903542118,29.13233471143446,3.266483807892343,0.001,15
CROA,4,34,25.865850903542118,29.13233471143446,3.266483807892343,0.001,15
CROA,4,35,26.504069402752414,29.205080815414426,2.7010114126620137,0.001868040604373222,16
CROA,4,36,26.52268490916393,29.03562052947091,2.512935620306981,0.004035852661178633,17
CROA,4,37,24.83424704959652,28.7484971416563,3.9142500920597825,0.002703528624791033,18
CROA,4,38,25.217502961096,28.59843984284458,3.3809368817485823,0.004589413573775908,19
CROA,4,39,21.948298518948196,28.269093221776412,6.320794702828216,0.010024297376610303,20
CROA,4,40,21.948298518948196,28.269093221776412,6.320794702828216,0.005012148688305152,20
CROA,4,41,21.948298518948196,28.269093221776412,6.320794702828216,0.002506074344152576,20
CROA,4,42,20.707098824603996,27.942198555234917,7.235099730630921,0.0018858432263274443,21
CROA,4,43,20.707098824603996,27.942198555234917,7.235099730630921,0.001,21
CROA,4,44,20.707098824603996,27.942198555234917,7.235099730630921,0.001,21
CROA,4,45,21.27103611177409,27.409956689664803,6.138920577890713,0.006782929081796285,22
CROA,4,46,21.728615049391347,27.79549177852441,6.066876729133063,0.006809031502955712,23
CROA,4,47,20.840307256277363,27.81627911424858,6.975971857971218,0.00966337732937057,24
CROA,4,48,21.469662598831263,27.86096402989958,6.391301431068318,0.005622723420094427,25
CROA,4,49,21.469662598831263,27.86096402989958,6.391301431068318,0.00618499576210387,25
CROA,4,50,21.469662598831263,27.86096402989958,6.391301431068318,0.003092497881051935,25
CROA,4,51,21.469662598831263,27.86096402989958,6.391301431068318,0.0015462489405259675,25
CROA,4,52,20.413263418130956,27.821879576872725,7.408616158741768,0.003265815724885133,26
CROA,4,53,21.04454651900842,27.828774545330592,6.784228026322172,0.003522399852772682,27
CROA,4,54,21.04454651900842,27.828774545330592,6.784228026322172,0.0038746398380499507,27
CROA,4,55,21.04454651900842,27.828774545330592,6.784228026322172,0.0019373199190249753,27
CROA,4,56,21.15881898675222,27.91971679768025,6.760897810928028,0.0017384026959480032,28
CROA,4,57,22.060865903526956,27.858149221319167,5.7972833177922105,0.0036085745482711076,29
CROA,4,58,23.223002076866642,27.70585346224289,4.482851385376248,0.0039300150283985615,30
CROA,4,59,25.348867845172734,27.47804972821013,2.1291818830373974,0.004855146213067309,31
CROA,4,60,27.083120490868694,27.38831880564178,0.30519831477308834,0.0038363546543185743,32
CROA,4,61,27.083120490868694,27.38831880564178,0.30519831477308834,0.0019181773271592872,32
CROA,4,62,28.53587940309461,27.659436462084372,-0.8764429410102389,0.0036319005706017555,33
CROA,4,63,33.08285539187238,27.80202300918644,-5.280832382685938,0.004632618704602326,34
CROA,4,64,33.08285539187238,27.80202300918644,-5.280832382685938,0.005095880575062559,34
CROA,4,65,33.08285539187238,27.80202300918644,-5.280832382685938,0.0025479402875312794,34
CROA,4,66,33.08285539187238,27.80202300918644,-5.280832382685938,0.002802734316284408,34
CROA,4,67,33.08285539187238,27.80202300918644,-5.280832382685938,0.001401367158142204,34
CROA,4,68,33.08285539187238,27.80202300918644,-5.280832382685938,0.001,34
CROA,4,69,30.329150242831577,27.794225428219544,-2.5349248146120336,0.002502847548788291,35
CROA,4,70,27.247466137941913,27.87021894862139,0.6227528106794752,0.005349264479144539,36
CROA,4,71,26.642413195314667,27.904841873127786,1.2624286778131208,0.005945761655848081,37
CROA,4,72,26.642413195314667,27.904841873127786,1.2624286778131208,0.006540337821432889,37
CROA,4,73,26.642413195314667,27.904841873127786,1.2624286778131208,0.0032701689107164445,37
CROA,4,74,26.6095196112941,27.967672851455273,1.3581532401611718,0.0037126980872194577,38
CROA,4,75,26.6095196112941,27.967672851455273,1.3581532401611718,0.0040839678959414035,38
CROA,4,76,25.170063045494423,27.050993496438586,1.8809304509441638,0.008621408082587082,39
CROA,4,77,23.682734388133486,26.950905432992357,3.2681710448588714,0.00650572591499167,40
CROA,4,78,23.682734388133486,26.950905432992357,3.2681710448588714,0.007156298506490837,40
CROA,4,79,22.716934307423976,27.09989634669966,4.382962039275682,0.00403913559121191,41
CROA,4,80,22.716934307423976,27.09989634669966,4.382962039275682,0.002019567795605955,41
CROA,4,81,22.4981593901871,26.545696457762244,4.047537067575143,0.005851344837620311,42
CROA,4,82,25.480684165681673,23.290832283860638,-2.189851881821036,0.007316598716861326,43
CROA,4,83,25.03002770899684,23.070628323432302,-1.959399385564537,0.0048068087497919925,44
CROA,4,84,25.03002770899684,23.070628323432302,-1.959399385564537,0.0052874896247711925,44
CROA,4,85,25.03002770899684,23.070628323432302,-1.959399385564537,0.0026437448123855962,44
CROA,4,86,25.03002770899684,23.070628323432302,-1.959399385564537,0.0013218724061927981,44
CROA,4,87,25.03002770899684,23.070628323432302,-1.959399385564537,0.001454059646812078,44
CROA,4,88,25.03002770899684,23.070628323432302,-1.959399385564537,0.001,44
CROA,4,89,25.03002770899684,23.070628323432302,-1.959399385564537,0.001,44
CROA,4,90,25.03002770899684,23.070628323432302,-1.959399385564537,0.0011,44
CROA,4,91,25.03002770899684,23.070628323432302,-1.959399385564537,0.001,44
CROA,4,92,25.03002770899684,23.070628323432302,-1.959399385564537,0.001,44
CROA,4,93,25.03002770899684,23.070628323432302,-1.959399385564537,0.0011,44
CROA,4,94,23.66292347492776,23.37422962751598,-0.28869384741177934,0.004065712904459869,45
CROA,4,95,26.90603752784802,23.231166756122402,-3.6748707717256175,0.00536874998859642,46
CROA,4,96,25.86655693632781,23.35273984615379,-2.513817090174021,0.008812574840512236,47
CROA,4,97,27.725221467637304,23.210814773072286,-4.514406694565017,0.0054384343323527935,48
CROA,4,98,27.725221467637304,23.210814773072286,-4.514406694565017,0.0027192171661763968,48
CROA,4,99,27.240996568067935,23.637008008533435,-3.6039885595345,0.006946847473462776,49
CROA,4,100,29.734378521978854,22.74461468206844,-6.989763839910414,0.014453463381914194,50
CROA,4,101,31.572525180717008,22.932895547684975,-8.639629633032031,0.008471692678914098,51
CROA,4,102,29.883791508350754,22.675525595428688,-7.208265912922065,0.011515396156627864,52
CROA,4,103,29.883791508350754,22.675525595428688,-7.208265912922065,0.005757698078313932,52
CROA,4,104,29.883791508350754,22.675525595428688,-7.208265912922065,0.002878849039156966,52
CROA,4,105,33.163556278527665,23.149923139060952,-10.013633139466714,0.007298076221973504,53
CROA,4,106,33.50231309095199,23.245345153574238,-10.256967937377754,0.00808275527958818,54
CROA,4,107,33.50231309095199,23.245345153574238,-10.256967937377754,0.008891030807546997,54
CROA,4,108,33.50231309095199,23.245345153574238,-10.256967937377754,0.009780133888301698,54
CROA,4,109,33.50231309095199,23.245345153574238,-10.256967937377754,0.010758147277131869,54
CROA,4,110,33.50231309095199,23.245345153574238,-10.256967937377754,0.011833962004845057,54
CROA,4,111,33.50231309095199,23.245345153574238,-10.256967937377754,0.013017358205329564,54
CROA,4,112,33.50231309095199,23.245345153574238,-10.256967937377754,0.014319094025862521,54
CROA,4,113,33.50231309095199,23.245345153574238,-10.256967937377754,0.015751003428448776,54
CROA,4,114,33.50231309095199,23.245345153574238,-10.256967937377754,0.017326103771293656,54
CROA,4,115,33.50231309095199,23.245345153574238,-10.256967937377754,0.008663051885646828,54
CROA,4,116,33.50231309095199,23.245345153574238,-10.256967937377754,0.004331525942823414,54
CROA,4,117,33.50231309095199,23.245345153574238,-10.256967937377754,0.002165762971411707,54
CROA,4,118,33.50231309095199,23.245345153574238,-10.256967937377754,0.002382339268552878,54
CROA,4,119,33.50231309095199,23.245345153574238,-10.256967937377754,0.002620573195408166,54
CROA,4,120,33.50231309095199,23.245345153574238,-10.256967937377754,0.002882630514948983,54
CROA,4,121,33.50231309095199,23.245345153574238,-10.256967937377754,0.0031708935664438815,54
CROA,4,122,33.50231309095199,23.245345153574238,-10.256967937377754,0.00348798292308827,54
CROA,4,123,33.50231309095199,23.245345153574238,-10.256967937377754,0.0038367812153970973,54
CROA,4,124,33.50231309095199,23.245345153574238,-10.256967937377754,0.004220459336936808,54
CROA,4,125,33.50231309095199,23.245345153574238,-10.256967937377754,0.002110229668468404,54
CROA,4,126,33.50231309095199,23.245345153574238,-10.256967937377754,0.002321252635315244,54
CROA,4,127,33.50231309095199,23.245345153574238,-10.256967937377754,0.001160626317657622,54
CROA,4,128,33.50231309095199,23.245345153574238,-10.256967937377754,0.0012766889494233843,54
CROA,4,129,33.50231309095199,23.245345153574238,-10.256967937377754,0.001404357844365723,54
CROA,4,130,33.50231309095199,23.245345153574238,-10.256967937377754,0.0015447936288022954,54
CROA,4,131,33.50231309095199,23.245345153574238,-10.256967937377754,0.001699272991682525,54
CROA,4,132,33.50231309095199,23.245345153574238,-10.256967937377754,0.0018692002908507778,54
CROA,4,133,33.50231309095199,23.245345153574238,-10.256967937377754,0.001,54
CROA,4,134,33.50231309095199,23.245345153574238,-10.256967937377754,0.0011,54
CROA,4,135,33.50231309095199,23.245345153574238,-10.256967937377754,0.0012100000000000001,54
CROA,4,136,33.50231309095199,23.245345153574238,-10.256967937377754,0.0013310000000000002,54
CROA,4,137,33.50231309095199,23.245345153574238,-10.256967937377754,0.0014641000000000003,54
CROA,4,138,30.478571393168014,23.281305510827718,-7.197265882340297,0.0011345945778932377,55
CROA,4,139,28.036156885802768,23.18981447666306,-4.846342409139709,0.002650004335615616,56
CROA,4,140,28.492222002235152,23.31501414549368,-5.177207856741472,0.0036606140417539323,57
CROA,4,141,27.178409365578986,22.83143682262299,-4.346972542955995,0.006613400788710178,58
CROA,4,142,26.924992159888067,22.559661987558364,-4.365330172329702,0.004513954750992467,59
CROA,4,143,30.886583461152515,23.030858503628757,-7.8557249575237575,0.004811413697497639,60
CROA,4,144,30.886583461152515,23.030858503628757,-7.8557249575237575,0.005292555067247404,60
CROA,4,145,30.886583461152515,23.030858503628757,-7.8557249575237575,0.002646277533623702,60
CROA,4,146,30.886583461152515,23.030858503628757,-7.8557249575237575,0.001323138766811851,60
CROA,4,147,32.01060737442721,23.219671746822144,-8.790935627605066,0.002354665399129372,61
CROA,4,148,32.16225917140669,23.30733717746837,-8.85492199393832,0.0029000334687236348,62
CROA,4,149,35.30595885289324,23.376112106050474,-11.929846746842765,0.0034113124836612344,63
CROA,4,150,35.30595885289324,23.376112106050474,-11.929846746842765,0.0037524437320273583,63
